run_id,instance_id,condition,cap,call_index,role,input_tokens,thinking_tokens,answer_tokens,finish_reason,context_limited,requested_max_tokens,effective_max_tokens,latency_seconds
c1_react__clustered-n4-t100-o20-s10005__cap16000__Qwen-Qwen3-32B-AWQ,clustered-n4-t100-o20-s10005,c1_react,16000,0,react_step,225,1177,7,stop,False,15519,15519,34.76382735557854
c1_react__clustered-n4-t100-o20-s10005__cap16000__Qwen-Qwen3-32B-AWQ,clustered-n4-t100-o20-s10005,c1_react,16000,1,react_step,256,485,10,stop,False,14079,14079,14.586376573890448
c1_react__clustered-n4-t100-o20-s10005__cap16000__Qwen-Qwen3-32B-AWQ,clustered-n4-t100-o20-s10005,c1_react,16000,2,react_step,316,393,10,stop,False,13268,13268,11.956435835920274
c1_react__clustered-n4-t100-o20-s10005__cap16000__Qwen-Qwen3-32B-AWQ,clustered-n4-t100-o20-s10005,c1_react,16000,3,react_step,376,427,10,stop,False,12489,12489,12.994287567213178
c1_react__clustered-n4-t100-o20-s10005__cap16000__Qwen-Qwen3-32B-AWQ,clustered-n4-t100-o20-s10005,c1_react,16000,4,react_step,436,420,10,stop,False,11616,11616,12.830119797028601
c1_react__clustered-n4-t100-o20-s10005__cap16000__Qwen-Qwen3-32B-AWQ,clustered-n4-t100-o20-s10005,c1_react,16000,5,react_step,495,1024,13,stop,False,10691,10691,30.736479970626533
c1_react__clustered-n4-t100-o20-s10005__cap16000__Qwen-Qwen3-32B-AWQ,clustered-n4-t100-o20-s10005,c1_react,16000,6,react_step,532,1331,15,stop,False,9122,9122,39.98566469922662
c1_react__clustered-n4-t100-o20-s10005__cap16000__Qwen-Qwen3-32B-AWQ,clustered-n4-t100-o20-s10005,c1_react,16000,7,react_step,573,5258,25,stop,False,7203,7203,160.83921283017844
c1_react__clustered-n4-t100-o20-s10005__cap16000__Qwen-Qwen3-32B-AWQ,clustered-n4-t100-o20-s10005,c1_react,16000,8,react_step,618,1302,0,length,False,1302,1302,38.795565497130156
c1_react__clustered-n4-t100-o20-s10005__cap16000__Qwen-Qwen3-32B-AWQ,clustered-n4-t100-o20-s10005,c1_react,16000,9,finalize,110,0,56,stop,False,146,146,1.6906654797494411
c1_react__clustered-n4-t100-o20-s10005__cap32000__Qwen-Qwen3-32B-AWQ,clustered-n4-t100-o20-s10005,c1_react,32000,0,react_step,225,1177,7,stop,False,31519,31519,34.809935349971056
c1_react__clustered-n4-t100-o20-s10005__cap32000__Qwen-Qwen3-32B-AWQ,clustered-n4-t100-o20-s10005,c1_react,32000,1,react_step,256,485,10,stop,False,30079,30079,14.598911896348
c1_react__clustered-n4-t100-o20-s10005__cap32000__Qwen-Qwen3-32B-AWQ,clustered-n4-t100-o20-s10005,c1_react,32000,2,react_step,316,393,10,stop,False,29268,29268,11.973024812527001
c1_react__clustered-n4-t100-o20-s10005__cap32000__Qwen-Qwen3-32B-AWQ,clustered-n4-t100-o20-s10005,c1_react,32000,3,react_step,376,427,10,stop,False,28489,28489,13.00702557247132
c1_react__clustered-n4-t100-o20-s10005__cap32000__Qwen-Qwen3-32B-AWQ,clustered-n4-t100-o20-s10005,c1_react,32000,4,react_step,436,420,10,stop,False,27616,27616,12.843896552920341
c1_react__clustered-n4-t100-o20-s10005__cap32000__Qwen-Qwen3-32B-AWQ,clustered-n4-t100-o20-s10005,c1_react,32000,5,react_step,495,1024,13,stop,False,26691,26691,30.771852594800293
c1_react__clustered-n4-t100-o20-s10005__cap32000__Qwen-Qwen3-32B-AWQ,clustered-n4-t100-o20-s10005,c1_react,32000,6,react_step,532,1331,15,stop,False,25122,25122,40.015045369043946
c1_react__clustered-n4-t100-o20-s10005__cap32000__Qwen-Qwen3-32B-AWQ,clustered-n4-t100-o20-s10005,c1_react,32000,7,react_step,573,5258,25,stop,False,23203,23203,160.88507740478963
c1_react__clustered-n4-t100-o20-s10005__cap32000__Qwen-Qwen3-32B-AWQ,clustered-n4-t100-o20-s10005,c1_react,32000,8,react_step,618,4726,48,stop,False,17302,17302,145.0559228193015
c1_react__clustered-n4-t100-o20-s10005__cap32000__Qwen-Qwen3-32B-AWQ,clustered-n4-t100-o20-s10005,c1_react,32000,9,react_step,692,949,46,stop,False,11836,11836,29.757721066474915
c1_react__clustered-n4-t100-o20-s10005__cap32000__Qwen-Qwen3-32B-AWQ,clustered-n4-t100-o20-s10005,c1_react,32000,10,react_step,764,905,5,stop,False,10077,10077,27.324573126621544
c1_react__clustered-n4-t100-o20-s10005__cap32000__Qwen-Qwen3-32B-AWQ,clustered-n4-t100-o20-s10005,c1_react,32000,11,finalize,110,0,56,stop,False,9313,9313,1.716301891952753
c1_react__clustered-n4-t100-o20-s10005__cap64000__Qwen-Qwen3-32B-AWQ,clustered-n4-t100-o20-s10005,c1_react,64000,0,react_step,225,1177,7,stop,True,63519,32543,34.80274307448417
c1_react__clustered-n4-t100-o20-s10005__cap64000__Qwen-Qwen3-32B-AWQ,clustered-n4-t100-o20-s10005,c1_react,64000,1,react_step,256,485,10,stop,True,62079,32512,14.602395703084767
c1_react__clustered-n4-t100-o20-s10005__cap64000__Qwen-Qwen3-32B-AWQ,clustered-n4-t100-o20-s10005,c1_react,64000,2,react_step,316,393,10,stop,True,61268,32452,11.973185950890183
c1_react__clustered-n4-t100-o20-s10005__cap64000__Qwen-Qwen3-32B-AWQ,clustered-n4-t100-o20-s10005,c1_react,64000,3,react_step,376,427,10,stop,True,60489,32392,13.010331448167562
c1_react__clustered-n4-t100-o20-s10005__cap64000__Qwen-Qwen3-32B-AWQ,clustered-n4-t100-o20-s10005,c1_react,64000,4,react_step,436,420,10,stop,True,59616,32332,12.839375490322709
c1_react__clustered-n4-t100-o20-s10005__cap64000__Qwen-Qwen3-32B-AWQ,clustered-n4-t100-o20-s10005,c1_react,64000,5,react_step,495,1024,13,stop,True,58691,32273,30.77819235995412
c1_react__clustered-n4-t100-o20-s10005__cap64000__Qwen-Qwen3-32B-AWQ,clustered-n4-t100-o20-s10005,c1_react,64000,6,react_step,532,1331,15,stop,True,57122,32236,40.02491199132055
c1_react__clustered-n4-t100-o20-s10005__cap64000__Qwen-Qwen3-32B-AWQ,clustered-n4-t100-o20-s10005,c1_react,64000,7,react_step,573,5258,25,stop,True,55203,32195,160.98031745105982
c1_react__clustered-n4-t100-o20-s10005__cap64000__Qwen-Qwen3-32B-AWQ,clustered-n4-t100-o20-s10005,c1_react,64000,8,react_step,618,4726,48,stop,True,49302,32150,145.12391075491905
c1_react__clustered-n4-t100-o20-s10005__cap64000__Qwen-Qwen3-32B-AWQ,clustered-n4-t100-o20-s10005,c1_react,64000,9,react_step,692,949,46,stop,True,43836,32076,29.76945750042796
c1_react__clustered-n4-t100-o20-s10005__cap64000__Qwen-Qwen3-32B-AWQ,clustered-n4-t100-o20-s10005,c1_react,64000,10,react_step,764,905,5,stop,True,42077,32004,27.32946813479066
c1_react__clustered-n4-t100-o20-s10005__cap64000__Qwen-Qwen3-32B-AWQ,clustered-n4-t100-o20-s10005,c1_react,64000,11,finalize,110,0,56,stop,True,41313,32658,1.7121368935331702
c1_react__clustered-n4-t100-o20-s10005__cap8000__Qwen-Qwen3-32B-AWQ,clustered-n4-t100-o20-s10005,c1_react,8000,0,react_step,225,1177,7,stop,False,7519,7519,34.77340500801802
c1_react__clustered-n4-t100-o20-s10005__cap8000__Qwen-Qwen3-32B-AWQ,clustered-n4-t100-o20-s10005,c1_react,8000,1,react_step,256,485,10,stop,False,6079,6079,14.590517854318023
c1_react__clustered-n4-t100-o20-s10005__cap8000__Qwen-Qwen3-32B-AWQ,clustered-n4-t100-o20-s10005,c1_react,8000,2,react_step,316,393,10,stop,False,5268,5268,11.959084114059806
c1_react__clustered-n4-t100-o20-s10005__cap8000__Qwen-Qwen3-32B-AWQ,clustered-n4-t100-o20-s10005,c1_react,8000,3,react_step,376,427,10,stop,False,4489,4489,12.99661645013839
c1_react__clustered-n4-t100-o20-s10005__cap8000__Qwen-Qwen3-32B-AWQ,clustered-n4-t100-o20-s10005,c1_react,8000,4,react_step,436,420,10,stop,False,3616,3616,12.830887134186924
c1_react__clustered-n4-t100-o20-s10005__cap8000__Qwen-Qwen3-32B-AWQ,clustered-n4-t100-o20-s10005,c1_react,8000,5,react_step,495,1024,13,stop,False,2691,2691,30.739996620453894
c1_react__clustered-n4-t100-o20-s10005__cap8000__Qwen-Qwen3-32B-AWQ,clustered-n4-t100-o20-s10005,c1_react,8000,6,react_step,532,1122,0,length,False,1122,1122,33.32594470027834
c1_react__clustered-n4-t100-o20-s10005__cap8000__Qwen-Qwen3-32B-AWQ,clustered-n4-t100-o20-s10005,c1_react,8000,7,finalize,93,0,7,stop,False,163,163,0.26295884512364864
c1_react__clustered-n4-t100-o80-s10005__cap16000__Qwen-Qwen3-32B-AWQ,clustered-n4-t100-o80-s10005,c1_react,16000,0,react_step,225,1177,7,stop,False,15519,15519,34.793089002370834
c1_react__clustered-n4-t100-o80-s10005__cap16000__Qwen-Qwen3-32B-AWQ,clustered-n4-t100-o80-s10005,c1_react,16000,1,react_step,256,485,10,stop,False,14079,14079,14.597767119295895
c1_react__clustered-n4-t100-o80-s10005__cap16000__Qwen-Qwen3-32B-AWQ,clustered-n4-t100-o80-s10005,c1_react,16000,2,react_step,316,507,13,stop,False,13268,13268,15.38079494331032
c1_react__clustered-n4-t100-o80-s10005__cap16000__Qwen-Qwen3-32B-AWQ,clustered-n4-t100-o80-s10005,c1_react,16000,3,react_step,353,318,10,stop,False,12395,12395,9.809986498206854
c1_react__clustered-n4-t100-o80-s10005__cap16000__Qwen-Qwen3-32B-AWQ,clustered-n4-t100-o80-s10005,c1_react,16000,4,react_step,413,579,15,stop,False,11654,11654,17.612801356241107
c1_react__clustered-n4-t100-o80-s10005__cap16000__Qwen-Qwen3-32B-AWQ,clustered-n4-t100-o80-s10005,c1_react,16000,5,react_step,454,1229,10,stop,False,10606,10606,36.71287001110613
c1_react__clustered-n4-t100-o80-s10005__cap16000__Qwen-Qwen3-32B-AWQ,clustered-n4-t100-o80-s10005,c1_react,16000,6,react_step,514,2532,10,stop,False,8853,8853,75.97316198423505
c1_react__clustered-n4-t100-o80-s10005__cap16000__Qwen-Qwen3-32B-AWQ,clustered-n4-t100-o80-s10005,c1_react,16000,7,react_step,574,5737,0,length,False,5737,5737,175.15080925635993
c1_react__clustered-n4-t100-o80-s10005__cap16000__Qwen-Qwen3-32B-AWQ,clustered-n4-t100-o80-s10005,c1_react,16000,8,finalize,93,0,7,stop,False,163,163,0.26610399782657623
c1_react__clustered-n4-t100-o80-s10005__cap32000__Qwen-Qwen3-32B-AWQ,clustered-n4-t100-o80-s10005,c1_react,32000,0,react_step,225,1177,7,stop,False,31519,31519,34.80066490266472
c1_react__clustered-n4-t100-o80-s10005__cap32000__Qwen-Qwen3-32B-AWQ,clustered-n4-t100-o80-s10005,c1_react,32000,1,react_step,256,485,10,stop,False,30079,30079,14.602206079289317
c1_react__clustered-n4-t100-o80-s10005__cap32000__Qwen-Qwen3-32B-AWQ,clustered-n4-t100-o80-s10005,c1_react,32000,2,react_step,316,507,13,stop,False,29268,29268,15.381128619424999
c1_react__clustered-n4-t100-o80-s10005__cap32000__Qwen-Qwen3-32B-AWQ,clustered-n4-t100-o80-s10005,c1_react,32000,3,react_step,353,318,10,stop,False,28395,28395,9.810852051712573
c1_react__clustered-n4-t100-o80-s10005__cap32000__Qwen-Qwen3-32B-AWQ,clustered-n4-t100-o80-s10005,c1_react,32000,4,react_step,413,579,15,stop,False,27654,27654,17.616553637199104
c1_react__clustered-n4-t100-o80-s10005__cap32000__Qwen-Qwen3-32B-AWQ,clustered-n4-t100-o80-s10005,c1_react,32000,5,react_step,454,1229,10,stop,False,26606,26606,36.724265047349036
c1_react__clustered-n4-t100-o80-s10005__cap32000__Qwen-Qwen3-32B-AWQ,clustered-n4-t100-o80-s10005,c1_react,32000,6,react_step,514,2532,10,stop,False,24853,24853,75.96959443762898
c1_react__clustered-n4-t100-o80-s10005__cap32000__Qwen-Qwen3-32B-AWQ,clustered-n4-t100-o80-s10005,c1_react,32000,7,react_step,574,8254,19,stop,False,21737,21737,256.77011597622186
c1_react__clustered-n4-t100-o80-s10005__cap32000__Qwen-Qwen3-32B-AWQ,clustered-n4-t100-o80-s10005,c1_react,32000,8,react_step,613,4829,15,stop,False,12851,12851,147.28132682759315
c1_react__clustered-n4-t100-o80-s10005__cap32000__Qwen-Qwen3-32B-AWQ,clustered-n4-t100-o80-s10005,c1_react,32000,9,react_step,654,5190,13,stop,False,7353,7353,158.6513186627999
c1_react__clustered-n4-t100-o80-s10005__cap32000__Qwen-Qwen3-32B-AWQ,clustered-n4-t100-o80-s10005,c1_react,32000,10,react_step,691,1459,0,length,False,1459,1459,43.58771266695112
c1_react__clustered-n4-t100-o80-s10005__cap32000__Qwen-Qwen3-32B-AWQ,clustered-n4-t100-o80-s10005,c1_react,32000,11,finalize,104,0,7,stop,False,152,152,0.270288678817451
c1_react__clustered-n4-t100-o80-s10005__cap64000__Qwen-Qwen3-32B-AWQ,clustered-n4-t100-o80-s10005,c1_react,64000,0,react_step,225,1177,7,stop,True,63519,32543,34.81023209635168
c1_react__clustered-n4-t100-o80-s10005__cap64000__Qwen-Qwen3-32B-AWQ,clustered-n4-t100-o80-s10005,c1_react,64000,1,react_step,256,485,10,stop,True,62079,32512,14.606568567454815
c1_react__clustered-n4-t100-o80-s10005__cap64000__Qwen-Qwen3-32B-AWQ,clustered-n4-t100-o80-s10005,c1_react,64000,2,react_step,316,507,13,stop,True,61268,32452,15.39017185010016
c1_react__clustered-n4-t100-o80-s10005__cap64000__Qwen-Qwen3-32B-AWQ,clustered-n4-t100-o80-s10005,c1_react,64000,3,react_step,353,318,10,stop,True,60395,32415,9.813374374993145
c1_react__clustered-n4-t100-o80-s10005__cap64000__Qwen-Qwen3-32B-AWQ,clustered-n4-t100-o80-s10005,c1_react,64000,4,react_step,413,579,15,stop,True,59654,32355,17.623021844774485
c1_react__clustered-n4-t100-o80-s10005__cap64000__Qwen-Qwen3-32B-AWQ,clustered-n4-t100-o80-s10005,c1_react,64000,5,react_step,454,1229,10,stop,True,58606,32314,36.7367441887036
c1_react__clustered-n4-t100-o80-s10005__cap64000__Qwen-Qwen3-32B-AWQ,clustered-n4-t100-o80-s10005,c1_react,64000,6,react_step,514,2532,10,stop,True,56853,32254,76.01811003964394
c1_react__clustered-n4-t100-o80-s10005__cap64000__Qwen-Qwen3-32B-AWQ,clustered-n4-t100-o80-s10005,c1_react,64000,7,react_step,574,8254,19,stop,True,53737,32194,256.8671150673181
c1_react__clustered-n4-t100-o80-s10005__cap64000__Qwen-Qwen3-32B-AWQ,clustered-n4-t100-o80-s10005,c1_react,64000,8,react_step,613,4829,15,stop,True,44851,32155,147.37362198811024
c1_react__clustered-n4-t100-o80-s10005__cap64000__Qwen-Qwen3-32B-AWQ,clustered-n4-t100-o80-s10005,c1_react,64000,9,react_step,654,5190,13,stop,True,39353,32114,158.74361891951412
c1_react__clustered-n4-t100-o80-s10005__cap64000__Qwen-Qwen3-32B-AWQ,clustered-n4-t100-o80-s10005,c1_react,64000,10,react_step,691,2582,5,stop,True,33459,32077,77.74755064491183
c1_react__clustered-n4-t100-o80-s10005__cap64000__Qwen-Qwen3-32B-AWQ,clustered-n4-t100-o80-s10005,c1_react,64000,11,finalize,104,0,7,stop,False,31024,31024,0.2915444318205118
c1_react__clustered-n4-t100-o80-s10005__cap8000__Qwen-Qwen3-32B-AWQ,clustered-n4-t100-o80-s10005,c1_react,8000,0,react_step,225,1177,7,stop,False,7519,7519,34.78737651929259
c1_react__clustered-n4-t100-o80-s10005__cap8000__Qwen-Qwen3-32B-AWQ,clustered-n4-t100-o80-s10005,c1_react,8000,1,react_step,256,485,10,stop,False,6079,6079,14.591637458652258
c1_react__clustered-n4-t100-o80-s10005__cap8000__Qwen-Qwen3-32B-AWQ,clustered-n4-t100-o80-s10005,c1_react,8000,2,react_step,316,507,13,stop,False,5268,5268,15.374735241755843
c1_react__clustered-n4-t100-o80-s10005__cap8000__Qwen-Qwen3-32B-AWQ,clustered-n4-t100-o80-s10005,c1_react,8000,3,react_step,353,318,10,stop,False,4395,4395,9.80546088796109
c1_react__clustered-n4-t100-o80-s10005__cap8000__Qwen-Qwen3-32B-AWQ,clustered-n4-t100-o80-s10005,c1_react,8000,4,react_step,413,579,15,stop,False,3654,3654,17.611603936180472
c1_react__clustered-n4-t100-o80-s10005__cap8000__Qwen-Qwen3-32B-AWQ,clustered-n4-t100-o80-s10005,c1_react,8000,5,react_step,454,1229,10,stop,False,2606,2606,36.717558859847486
c1_react__clustered-n4-t100-o80-s10005__cap8000__Qwen-Qwen3-32B-AWQ,clustered-n4-t100-o80-s10005,c1_react,8000,6,react_step,514,853,0,length,False,853,853,25.342044324614108
c1_react__clustered-n4-t100-o80-s10005__cap8000__Qwen-Qwen3-32B-AWQ,clustered-n4-t100-o80-s10005,c1_react,8000,7,finalize,93,0,7,stop,False,163,163,0.2630773764103651
c1_react__clustered-n4-t20-o20-s10005__cap16000__Qwen-Qwen3-32B-AWQ,clustered-n4-t20-o20-s10005,c1_react,16000,0,react_step,225,1177,7,stop,False,15519,15519,34.784549991600215
c1_react__clustered-n4-t20-o20-s10005__cap16000__Qwen-Qwen3-32B-AWQ,clustered-n4-t20-o20-s10005,c1_react,16000,1,react_step,256,485,10,stop,False,14079,14079,14.590121059678495
c1_react__clustered-n4-t20-o20-s10005__cap16000__Qwen-Qwen3-32B-AWQ,clustered-n4-t20-o20-s10005,c1_react,16000,2,react_step,315,222,43,stop,False,13269,13269,7.937776961363852
c1_react__clustered-n4-t20-o20-s10005__cap16000__Qwen-Qwen3-32B-AWQ,clustered-n4-t20-o20-s10005,c1_react,16000,3,react_step,407,578,39,stop,False,12597,12597,18.283662012778223
c1_react__clustered-n4-t20-o20-s10005__cap16000__Qwen-Qwen3-32B-AWQ,clustered-n4-t20-o20-s10005,c1_react,16000,4,react_step,495,420,45,stop,False,11485,11485,13.889880358241498
c1_react__clustered-n4-t20-o20-s10005__cap16000__Qwen-Qwen3-32B-AWQ,clustered-n4-t20-o20-s10005,c1_react,16000,5,react_step,589,4025,300,stop,False,10431,10431,130.83963423315436
c1_react__clustered-n4-t20-o20-s10005__cap16000__Qwen-Qwen3-32B-AWQ,clustered-n4-t20-o20-s10005,c1_react,16000,6,react_step,913,2210,5,stop,False,5193,5193,66.7530666096136
c1_react__clustered-n4-t20-o20-s10005__cap16000__Qwen-Qwen3-32B-AWQ,clustered-n4-t20-o20-s10005,c1_react,16000,7,finalize,93,0,7,stop,False,3141,3141,0.2839593291282654
c1_react__clustered-n4-t20-o20-s10005__cap32000__Qwen-Qwen3-32B-AWQ,clustered-n4-t20-o20-s10005,c1_react,32000,0,react_step,225,1177,7,stop,False,31519,31519,34.793871267698705
c1_react__clustered-n4-t20-o20-s10005__cap32000__Qwen-Qwen3-32B-AWQ,clustered-n4-t20-o20-s10005,c1_react,32000,1,react_step,256,485,10,stop,False,30079,30079,14.598592018708587
c1_react__clustered-n4-t20-o20-s10005__cap32000__Qwen-Qwen3-32B-AWQ,clustered-n4-t20-o20-s10005,c1_react,32000,2,react_step,315,222,43,stop,False,29269,29269,7.937166131101549
c1_react__clustered-n4-t20-o20-s10005__cap32000__Qwen-Qwen3-32B-AWQ,clustered-n4-t20-o20-s10005,c1_react,32000,3,react_step,407,578,39,stop,False,28597,28597,18.287267290055752
c1_react__clustered-n4-t20-o20-s10005__cap32000__Qwen-Qwen3-32B-AWQ,clustered-n4-t20-o20-s10005,c1_react,32000,4,react_step,495,420,45,stop,False,27485,27485,13.904432417824864
c1_react__clustered-n4-t20-o20-s10005__cap32000__Qwen-Qwen3-32B-AWQ,clustered-n4-t20-o20-s10005,c1_react,32000,5,react_step,589,4025,300,stop,False,26431,26431,130.9143138686195
c1_react__clustered-n4-t20-o20-s10005__cap32000__Qwen-Qwen3-32B-AWQ,clustered-n4-t20-o20-s10005,c1_react,32000,6,react_step,913,2210,5,stop,False,21193,21193,66.7686583455652
c1_react__clustered-n4-t20-o20-s10005__cap32000__Qwen-Qwen3-32B-AWQ,clustered-n4-t20-o20-s10005,c1_react,32000,7,finalize,93,0,7,stop,False,19141,19141,0.28440470434725285
c1_react__clustered-n4-t20-o20-s10005__cap64000__Qwen-Qwen3-32B-AWQ,clustered-n4-t20-o20-s10005,c1_react,64000,0,react_step,225,1177,7,stop,True,63519,32543,34.79912774357945
c1_react__clustered-n4-t20-o20-s10005__cap64000__Qwen-Qwen3-32B-AWQ,clustered-n4-t20-o20-s10005,c1_react,64000,1,react_step,256,485,10,stop,True,62079,32512,14.605688595212996
c1_react__clustered-n4-t20-o20-s10005__cap64000__Qwen-Qwen3-32B-AWQ,clustered-n4-t20-o20-s10005,c1_react,64000,2,react_step,315,222,43,stop,True,61269,32453,7.942365796305239
c1_react__clustered-n4-t20-o20-s10005__cap64000__Qwen-Qwen3-32B-AWQ,clustered-n4-t20-o20-s10005,c1_react,64000,3,react_step,407,578,39,stop,True,60597,32361,18.296461712569
c1_react__clustered-n4-t20-o20-s10005__cap64000__Qwen-Qwen3-32B-AWQ,clustered-n4-t20-o20-s10005,c1_react,64000,4,react_step,495,420,45,stop,True,59485,32273,13.911417594179511
c1_react__clustered-n4-t20-o20-s10005__cap64000__Qwen-Qwen3-32B-AWQ,clustered-n4-t20-o20-s10005,c1_react,64000,5,react_step,589,4025,300,stop,True,58431,32179,130.9620122341439
c1_react__clustered-n4-t20-o20-s10005__cap64000__Qwen-Qwen3-32B-AWQ,clustered-n4-t20-o20-s10005,c1_react,64000,6,react_step,913,2210,5,stop,True,53193,31855,66.8006044505164
c1_react__clustered-n4-t20-o20-s10005__cap64000__Qwen-Qwen3-32B-AWQ,clustered-n4-t20-o20-s10005,c1_react,64000,7,finalize,93,0,7,stop,True,51141,32675,0.2828122256323695
c1_react__clustered-n4-t20-o20-s10005__cap8000__Qwen-Qwen3-32B-AWQ,clustered-n4-t20-o20-s10005,c1_react,8000,0,react_step,225,1177,7,stop,False,7519,7519,34.36600914783776
c1_react__clustered-n4-t20-o20-s10005__cap8000__Qwen-Qwen3-32B-AWQ,clustered-n4-t20-o20-s10005,c1_react,8000,1,react_step,256,485,10,stop,False,6079,6079,14.40323644503951
c1_react__clustered-n4-t20-o20-s10005__cap8000__Qwen-Qwen3-32B-AWQ,clustered-n4-t20-o20-s10005,c1_react,8000,2,react_step,315,222,43,stop,False,5269,5269,7.863015843555331
c1_react__clustered-n4-t20-o20-s10005__cap8000__Qwen-Qwen3-32B-AWQ,clustered-n4-t20-o20-s10005,c1_react,8000,3,react_step,407,578,39,stop,False,4597,4597,18.189651590771973
c1_react__clustered-n4-t20-o20-s10005__cap8000__Qwen-Qwen3-32B-AWQ,clustered-n4-t20-o20-s10005,c1_react,8000,4,react_step,495,420,45,stop,False,3485,3485,13.857151259668171
c1_react__clustered-n4-t20-o20-s10005__cap8000__Qwen-Qwen3-32B-AWQ,clustered-n4-t20-o20-s10005,c1_react,8000,5,react_step,589,2431,0,length,False,2431,2431,72.65347253438085
c1_react__clustered-n4-t20-o20-s10005__cap8000__Qwen-Qwen3-32B-AWQ,clustered-n4-t20-o20-s10005,c1_react,8000,6,finalize,93,0,7,stop,False,163,163,0.2651447020471096
c1_react__clustered-n4-t20-o80-s10005__cap16000__Qwen-Qwen3-32B-AWQ,clustered-n4-t20-o80-s10005,c1_react,16000,0,react_step,225,1177,7,stop,False,15519,15519,34.78482649382204
c1_react__clustered-n4-t20-o80-s10005__cap16000__Qwen-Qwen3-32B-AWQ,clustered-n4-t20-o80-s10005,c1_react,16000,1,react_step,256,485,10,stop,False,14079,14079,14.594308299943805
c1_react__clustered-n4-t20-o80-s10005__cap16000__Qwen-Qwen3-32B-AWQ,clustered-n4-t20-o80-s10005,c1_react,16000,2,react_step,315,507,10,stop,False,13269,13269,15.294679692015052
c1_react__clustered-n4-t20-o80-s10005__cap16000__Qwen-Qwen3-32B-AWQ,clustered-n4-t20-o80-s10005,c1_react,16000,3,react_step,374,266,10,stop,False,12378,12378,8.302999661304057
c1_react__clustered-n4-t20-o80-s10005__cap16000__Qwen-Qwen3-32B-AWQ,clustered-n4-t20-o80-s10005,c1_react,16000,4,react_step,433,589,10,stop,False,11669,11669,17.77585836313665
c1_react__clustered-n4-t20-o80-s10005__cap16000__Qwen-Qwen3-32B-AWQ,clustered-n4-t20-o80-s10005,c1_react,16000,5,react_step,492,358,44,stop,False,10578,10578,12.049295257776976
c1_react__clustered-n4-t20-o80-s10005__cap16000__Qwen-Qwen3-32B-AWQ,clustered-n4-t20-o80-s10005,c1_react,16000,6,react_step,560,742,46,stop,False,9616,9616,23.444993387907743
c1_react__clustered-n4-t20-o80-s10005__cap16000__Qwen-Qwen3-32B-AWQ,clustered-n4-t20-o80-s10005,c1_react,16000,7,react_step,630,656,13,stop,False,8198,8198,20.008812624961138
c1_react__clustered-n4-t20-o80-s10005__cap16000__Qwen-Qwen3-32B-AWQ,clustered-n4-t20-o80-s10005,c1_react,16000,8,react_step,667,553,13,stop,False,6862,6862,17.00378179550171
c1_react__clustered-n4-t20-o80-s10005__cap16000__Qwen-Qwen3-32B-AWQ,clustered-n4-t20-o80-s10005,c1_react,16000,9,react_step,704,3223,107,stop,False,5592,5592,100.36431526578963
c1_react__clustered-n4-t20-o80-s10005__cap16000__Qwen-Qwen3-32B-AWQ,clustered-n4-t20-o80-s10005,c1_react,16000,10,react_step,837,1307,15,stop,False,1425,1425,39.687869504094124
c1_react__clustered-n4-t20-o80-s10005__cap16000__Qwen-Qwen3-32B-AWQ,clustered-n4-t20-o80-s10005,c1_react,16000,11,finalize,93,0,7,stop,False,266,266,0.27974202018231153
c1_react__clustered-n4-t20-o80-s10005__cap32000__Qwen-Qwen3-32B-AWQ,clustered-n4-t20-o80-s10005,c1_react,32000,0,react_step,225,1177,7,stop,False,31519,31519,34.80000661406666
c1_react__clustered-n4-t20-o80-s10005__cap32000__Qwen-Qwen3-32B-AWQ,clustered-n4-t20-o80-s10005,c1_react,32000,1,react_step,256,485,10,stop,False,30079,30079,14.590494370087981
c1_react__clustered-n4-t20-o80-s10005__cap32000__Qwen-Qwen3-32B-AWQ,clustered-n4-t20-o80-s10005,c1_react,32000,2,react_step,315,507,10,stop,False,29269,29269,15.297693193890154
c1_react__clustered-n4-t20-o80-s10005__cap32000__Qwen-Qwen3-32B-AWQ,clustered-n4-t20-o80-s10005,c1_react,32000,3,react_step,374,266,10,stop,False,28378,28378,8.305633703246713
c1_react__clustered-n4-t20-o80-s10005__cap32000__Qwen-Qwen3-32B-AWQ,clustered-n4-t20-o80-s10005,c1_react,32000,4,react_step,433,589,10,stop,False,27669,27669,17.78977555874735
c1_react__clustered-n4-t20-o80-s10005__cap32000__Qwen-Qwen3-32B-AWQ,clustered-n4-t20-o80-s10005,c1_react,32000,5,react_step,492,358,44,stop,False,26578,26578,12.059416303411126
c1_react__clustered-n4-t20-o80-s10005__cap32000__Qwen-Qwen3-32B-AWQ,clustered-n4-t20-o80-s10005,c1_react,32000,6,react_step,560,742,46,stop,False,25616,25616,23.467062316834927
c1_react__clustered-n4-t20-o80-s10005__cap32000__Qwen-Qwen3-32B-AWQ,clustered-n4-t20-o80-s10005,c1_react,32000,7,react_step,630,656,13,stop,False,24198,24198,20.021034685894847
c1_react__clustered-n4-t20-o80-s10005__cap32000__Qwen-Qwen3-32B-AWQ,clustered-n4-t20-o80-s10005,c1_react,32000,8,react_step,667,553,13,stop,False,22862,22862,17.014557781629264
c1_react__clustered-n4-t20-o80-s10005__cap32000__Qwen-Qwen3-32B-AWQ,clustered-n4-t20-o80-s10005,c1_react,32000,9,react_step,704,3223,107,stop,False,21592,21592,100.39442632719874
c1_react__clustered-n4-t20-o80-s10005__cap32000__Qwen-Qwen3-32B-AWQ,clustered-n4-t20-o80-s10005,c1_react,32000,10,react_step,837,1307,15,stop,False,17425,17425,39.686249202117324
c1_react__clustered-n4-t20-o80-s10005__cap32000__Qwen-Qwen3-32B-AWQ,clustered-n4-t20-o80-s10005,c1_react,32000,11,react_step,878,1245,15,stop,False,15225,15225,37.88175026420504
c1_react__clustered-n4-t20-o80-s10005__cap32000__Qwen-Qwen3-32B-AWQ,clustered-n4-t20-o80-s10005,c1_react,32000,12,react_step,919,1659,31,stop,False,13046,13046,50.80167376995087
c1_react__clustered-n4-t20-o80-s10005__cap32000__Qwen-Qwen3-32B-AWQ,clustered-n4-t20-o80-s10005,c1_react,32000,13,react_step,970,911,5,stop,False,10386,10386,27.738033992238343
c1_react__clustered-n4-t20-o80-s10005__cap32000__Qwen-Qwen3-32B-AWQ,clustered-n4-t20-o80-s10005,c1_react,32000,14,finalize,116,0,72,stop,False,9610,9610,2.191941455937922
c1_react__clustered-n4-t20-o80-s10005__cap64000__Qwen-Qwen3-32B-AWQ,clustered-n4-t20-o80-s10005,c1_react,64000,0,react_step,225,1177,7,stop,True,63519,32543,34.80801856890321
c1_react__clustered-n4-t20-o80-s10005__cap64000__Qwen-Qwen3-32B-AWQ,clustered-n4-t20-o80-s10005,c1_react,64000,1,react_step,256,485,10,stop,True,62079,32512,14.602443843148649
c1_react__clustered-n4-t20-o80-s10005__cap64000__Qwen-Qwen3-32B-AWQ,clustered-n4-t20-o80-s10005,c1_react,64000,2,react_step,315,507,10,stop,True,61269,32453,15.305906594730914
c1_react__clustered-n4-t20-o80-s10005__cap64000__Qwen-Qwen3-32B-AWQ,clustered-n4-t20-o80-s10005,c1_react,64000,3,react_step,374,266,10,stop,True,60378,32394,8.322304429486394
c1_react__clustered-n4-t20-o80-s10005__cap64000__Qwen-Qwen3-32B-AWQ,clustered-n4-t20-o80-s10005,c1_react,64000,4,react_step,433,589,10,stop,True,59669,32335,17.788239372894168
c1_react__clustered-n4-t20-o80-s10005__cap64000__Qwen-Qwen3-32B-AWQ,clustered-n4-t20-o80-s10005,c1_react,64000,5,react_step,492,358,44,stop,True,58578,32276,12.057165659964085
c1_react__clustered-n4-t20-o80-s10005__cap64000__Qwen-Qwen3-32B-AWQ,clustered-n4-t20-o80-s10005,c1_react,64000,6,react_step,560,742,46,stop,True,57616,32208,23.476525870151818
c1_react__clustered-n4-t20-o80-s10005__cap64000__Qwen-Qwen3-32B-AWQ,clustered-n4-t20-o80-s10005,c1_react,64000,7,react_step,630,656,13,stop,True,56198,32138,20.02018545381725
c1_react__clustered-n4-t20-o80-s10005__cap64000__Qwen-Qwen3-32B-AWQ,clustered-n4-t20-o80-s10005,c1_react,64000,8,react_step,667,553,13,stop,True,54862,32101,17.012968481518328
c1_react__clustered-n4-t20-o80-s10005__cap64000__Qwen-Qwen3-32B-AWQ,clustered-n4-t20-o80-s10005,c1_react,64000,9,react_step,704,3223,107,stop,True,53592,32064,100.46318813413382
c1_react__clustered-n4-t20-o80-s10005__cap64000__Qwen-Qwen3-32B-AWQ,clustered-n4-t20-o80-s10005,c1_react,64000,10,react_step,837,1307,15,stop,True,49425,31931,39.705004648305476
c1_react__clustered-n4-t20-o80-s10005__cap64000__Qwen-Qwen3-32B-AWQ,clustered-n4-t20-o80-s10005,c1_react,64000,11,react_step,878,1245,15,stop,True,47225,31890,37.89722174499184
c1_react__clustered-n4-t20-o80-s10005__cap64000__Qwen-Qwen3-32B-AWQ,clustered-n4-t20-o80-s10005,c1_react,64000,12,react_step,919,1659,31,stop,True,45046,31849,50.83656797371805
c1_react__clustered-n4-t20-o80-s10005__cap64000__Qwen-Qwen3-32B-AWQ,clustered-n4-t20-o80-s10005,c1_react,64000,13,react_step,970,911,5,stop,True,42386,31798,27.759186645038426
c1_react__clustered-n4-t20-o80-s10005__cap64000__Qwen-Qwen3-32B-AWQ,clustered-n4-t20-o80-s10005,c1_react,64000,14,finalize,116,0,72,stop,True,41610,32652,2.186803706921637
c1_react__clustered-n4-t20-o80-s10005__cap8000__Qwen-Qwen3-32B-AWQ,clustered-n4-t20-o80-s10005,c1_react,8000,0,react_step,225,1177,7,stop,False,7519,7519,34.77648789808154
c1_react__clustered-n4-t20-o80-s10005__cap8000__Qwen-Qwen3-32B-AWQ,clustered-n4-t20-o80-s10005,c1_react,8000,1,react_step,256,485,10,stop,False,6079,6079,14.59109095018357
c1_react__clustered-n4-t20-o80-s10005__cap8000__Qwen-Qwen3-32B-AWQ,clustered-n4-t20-o80-s10005,c1_react,8000,2,react_step,315,507,10,stop,False,5269,5269,15.290989958681166
c1_react__clustered-n4-t20-o80-s10005__cap8000__Qwen-Qwen3-32B-AWQ,clustered-n4-t20-o80-s10005,c1_react,8000,3,react_step,374,266,10,stop,False,4378,4378,8.303777465596795
c1_react__clustered-n4-t20-o80-s10005__cap8000__Qwen-Qwen3-32B-AWQ,clustered-n4-t20-o80-s10005,c1_react,8000,4,react_step,433,589,10,stop,False,3669,3669,17.773788719438016
c1_react__clustered-n4-t20-o80-s10005__cap8000__Qwen-Qwen3-32B-AWQ,clustered-n4-t20-o80-s10005,c1_react,8000,5,react_step,492,358,44,stop,False,2578,2578,12.045312641188502
c1_react__clustered-n4-t20-o80-s10005__cap8000__Qwen-Qwen3-32B-AWQ,clustered-n4-t20-o80-s10005,c1_react,8000,6,react_step,560,742,46,stop,False,1616,1616,23.444614556618035
c1_react__clustered-n4-t20-o80-s10005__cap8000__Qwen-Qwen3-32B-AWQ,clustered-n4-t20-o80-s10005,c1_react,8000,7,react_step,630,198,0,length,False,198,198,6.197926664724946
c1_react__clustered-n4-t20-o80-s10005__cap8000__Qwen-Qwen3-32B-AWQ,clustered-n4-t20-o80-s10005,c1_react,8000,8,finalize,93,0,7,stop,False,163,163,0.26424481999129057
c1_react__clustered-n6-t100-o20-s10005__cap16000__Qwen-Qwen3-32B-AWQ,clustered-n6-t100-o20-s10005,c1_react,16000,0,react_step,225,1177,7,stop,False,15519,15519,34.77271983027458
c1_react__clustered-n6-t100-o20-s10005__cap16000__Qwen-Qwen3-32B-AWQ,clustered-n6-t100-o20-s10005,c1_react,16000,1,react_step,262,599,32,stop,False,14073,14073,18.591482560150325
c1_react__clustered-n6-t100-o20-s10005__cap16000__Qwen-Qwen3-32B-AWQ,clustered-n6-t100-o20-s10005,c1_react,16000,2,react_step,344,593,27,stop,False,13098,13098,18.326188813894987
c1_react__clustered-n6-t100-o20-s10005__cap16000__Qwen-Qwen3-32B-AWQ,clustered-n6-t100-o20-s10005,c1_react,16000,3,react_step,421,527,52,stop,False,12057,12057,17.181002740748227
c1_react__clustered-n6-t100-o20-s10005__cap16000__Qwen-Qwen3-32B-AWQ,clustered-n6-t100-o20-s10005,c1_react,16000,4,react_step,499,562,31,stop,False,10979,10979,17.657082461751997
c1_react__clustered-n6-t100-o20-s10005__cap16000__Qwen-Qwen3-32B-AWQ,clustered-n6-t100-o20-s10005,c1_react,16000,5,react_step,580,628,76,stop,False,9806,9806,20.999965973198414
c1_react__clustered-n6-t100-o20-s10005__cap16000__Qwen-Qwen3-32B-AWQ,clustered-n6-t100-o20-s10005,c1_react,16000,6,react_step,680,1101,15,stop,False,8422,8422,33.33626217953861
c1_react__clustered-n6-t100-o20-s10005__cap16000__Qwen-Qwen3-32B-AWQ,clustered-n6-t100-o20-s10005,c1_react,16000,7,react_step,721,2483,31,stop,False,6585,6585,75.52318258211017
c1_react__clustered-n6-t100-o20-s10005__cap16000__Qwen-Qwen3-32B-AWQ,clustered-n6-t100-o20-s10005,c1_react,16000,8,react_step,802,799,15,stop,False,3269,3269,24.50653136521578
c1_react__clustered-n6-t100-o20-s10005__cap16000__Qwen-Qwen3-32B-AWQ,clustered-n6-t100-o20-s10005,c1_react,16000,9,react_step,843,993,31,stop,False,1612,1612,30.80541961081326
c1_react__clustered-n6-t100-o20-s10005__cap16000__Qwen-Qwen3-32B-AWQ,clustered-n6-t100-o20-s10005,c1_react,16000,10,finalize,93,0,7,stop,False,751,751,0.27945731673389673
c1_react__clustered-n6-t100-o20-s10005__cap32000__Qwen-Qwen3-32B-AWQ,clustered-n6-t100-o20-s10005,c1_react,32000,0,react_step,225,1177,7,stop,False,31519,31519,34.81406706664711
c1_react__clustered-n6-t100-o20-s10005__cap32000__Qwen-Qwen3-32B-AWQ,clustered-n6-t100-o20-s10005,c1_react,32000,1,react_step,262,599,32,stop,False,30073,30073,18.61400265712291
c1_react__clustered-n6-t100-o20-s10005__cap32000__Qwen-Qwen3-32B-AWQ,clustered-n6-t100-o20-s10005,c1_react,32000,2,react_step,344,593,27,stop,False,29098,29098,18.343840043991804
c1_react__clustered-n6-t100-o20-s10005__cap32000__Qwen-Qwen3-32B-AWQ,clustered-n6-t100-o20-s10005,c1_react,32000,3,react_step,421,527,52,stop,False,28057,28057,17.192966618575156
c1_react__clustered-n6-t100-o20-s10005__cap32000__Qwen-Qwen3-32B-AWQ,clustered-n6-t100-o20-s10005,c1_react,32000,4,react_step,499,562,31,stop,False,26979,26979,17.66901173070073
c1_react__clustered-n6-t100-o20-s10005__cap32000__Qwen-Qwen3-32B-AWQ,clustered-n6-t100-o20-s10005,c1_react,32000,5,react_step,580,628,76,stop,False,25806,25806,21.016545823775232
c1_react__clustered-n6-t100-o20-s10005__cap32000__Qwen-Qwen3-32B-AWQ,clustered-n6-t100-o20-s10005,c1_react,32000,6,react_step,680,1101,15,stop,False,24422,24422,33.355493331328034
c1_react__clustered-n6-t100-o20-s10005__cap32000__Qwen-Qwen3-32B-AWQ,clustered-n6-t100-o20-s10005,c1_react,32000,7,react_step,721,2483,31,stop,False,22585,22585,75.56385089363903
c1_react__clustered-n6-t100-o20-s10005__cap32000__Qwen-Qwen3-32B-AWQ,clustered-n6-t100-o20-s10005,c1_react,32000,8,react_step,802,799,15,stop,False,19269,19269,24.51403833925724
c1_react__clustered-n6-t100-o20-s10005__cap32000__Qwen-Qwen3-32B-AWQ,clustered-n6-t100-o20-s10005,c1_react,32000,9,react_step,843,993,31,stop,False,17612,17612,30.818060038611293
c1_react__clustered-n6-t100-o20-s10005__cap32000__Qwen-Qwen3-32B-AWQ,clustered-n6-t100-o20-s10005,c1_react,32000,10,react_step,924,2882,34,stop,False,15664,15664,88.2098391558975
c1_react__clustered-n6-t100-o20-s10005__cap32000__Qwen-Qwen3-32B-AWQ,clustered-n6-t100-o20-s10005,c1_react,32000,11,react_step,1008,3067,38,stop,False,11740,11740,94.17112755961716
c1_react__clustered-n6-t100-o20-s10005__cap32000__Qwen-Qwen3-32B-AWQ,clustered-n6-t100-o20-s10005,c1_react,32000,12,react_step,1070,7565,0,length,False,7565,7565,235.7504805084318
c1_react__clustered-n6-t100-o20-s10005__cap32000__Qwen-Qwen3-32B-AWQ,clustered-n6-t100-o20-s10005,c1_react,32000,13,finalize,93,0,7,stop,False,163,163,0.26463424414396286
c1_react__clustered-n6-t100-o20-s10005__cap64000__Qwen-Qwen3-32B-AWQ,clustered-n6-t100-o20-s10005,c1_react,64000,0,react_step,225,1177,7,stop,True,63519,32543,34.81364541500807
c1_react__clustered-n6-t100-o20-s10005__cap64000__Qwen-Qwen3-32B-AWQ,clustered-n6-t100-o20-s10005,c1_react,64000,1,react_step,262,599,32,stop,True,62073,32506,18.609517900273204
c1_react__clustered-n6-t100-o20-s10005__cap64000__Qwen-Qwen3-32B-AWQ,clustered-n6-t100-o20-s10005,c1_react,64000,2,react_step,344,593,27,stop,True,61098,32424,18.34547551255673
c1_react__clustered-n6-t100-o20-s10005__cap64000__Qwen-Qwen3-32B-AWQ,clustered-n6-t100-o20-s10005,c1_react,64000,3,react_step,421,527,52,stop,True,60057,32347,17.202329128049314
c1_react__clustered-n6-t100-o20-s10005__cap64000__Qwen-Qwen3-32B-AWQ,clustered-n6-t100-o20-s10005,c1_react,64000,4,react_step,499,562,31,stop,True,58979,32269,17.67025524750352
c1_react__clustered-n6-t100-o20-s10005__cap64000__Qwen-Qwen3-32B-AWQ,clustered-n6-t100-o20-s10005,c1_react,64000,5,react_step,580,628,76,stop,True,57806,32188,21.02370979823172
c1_react__clustered-n6-t100-o20-s10005__cap64000__Qwen-Qwen3-32B-AWQ,clustered-n6-t100-o20-s10005,c1_react,64000,6,react_step,680,1101,15,stop,True,56422,32088,33.36553191114217
c1_react__clustered-n6-t100-o20-s10005__cap64000__Qwen-Qwen3-32B-AWQ,clustered-n6-t100-o20-s10005,c1_react,64000,7,react_step,721,2483,31,stop,True,54585,32047,75.57600768748671
c1_react__clustered-n6-t100-o20-s10005__cap64000__Qwen-Qwen3-32B-AWQ,clustered-n6-t100-o20-s10005,c1_react,64000,8,react_step,802,799,15,stop,True,51269,31966,24.51942124310881
c1_react__clustered-n6-t100-o20-s10005__cap64000__Qwen-Qwen3-32B-AWQ,clustered-n6-t100-o20-s10005,c1_react,64000,9,react_step,843,993,31,stop,True,49612,31925,30.82569031789899
c1_react__clustered-n6-t100-o20-s10005__cap64000__Qwen-Qwen3-32B-AWQ,clustered-n6-t100-o20-s10005,c1_react,64000,10,react_step,924,2882,34,stop,True,47664,31844,88.2523038731888
c1_react__clustered-n6-t100-o20-s10005__cap64000__Qwen-Qwen3-32B-AWQ,clustered-n6-t100-o20-s10005,c1_react,64000,11,react_step,1008,3067,38,stop,True,43740,31760,94.18195749819279
c1_react__clustered-n6-t100-o20-s10005__cap64000__Qwen-Qwen3-32B-AWQ,clustered-n6-t100-o20-s10005,c1_react,64000,12,react_step,1070,9030,26,stop,True,39565,31698,284.7454332159832
c1_react__clustered-n6-t100-o20-s10005__cap64000__Qwen-Qwen3-32B-AWQ,clustered-n6-t100-o20-s10005,c1_react,64000,13,react_step,1116,2594,49,stop,False,29393,29393,80.2659042449668
c1_react__clustered-n6-t100-o20-s10005__cap64000__Qwen-Qwen3-32B-AWQ,clustered-n6-t100-o20-s10005,c1_react,64000,14,react_step,1191,4012,119,stop,False,25559,25559,126.56270357314497
c1_react__clustered-n6-t100-o20-s10005__cap64000__Qwen-Qwen3-32B-AWQ,clustered-n6-t100-o20-s10005,c1_react,64000,15,react_step,1330,4732,5,stop,False,20098,20098,145.9684525122866
c1_react__clustered-n6-t100-o20-s10005__cap64000__Qwen-Qwen3-32B-AWQ,clustered-n6-t100-o20-s10005,c1_react,64000,16,finalize,93,0,7,stop,False,15524,15524,0.2843736968934536
c1_react__clustered-n6-t100-o20-s10005__cap8000__Qwen-Qwen3-32B-AWQ,clustered-n6-t100-o20-s10005,c1_react,8000,0,react_step,225,1177,7,stop,False,7519,7519,34.77554072625935
c1_react__clustered-n6-t100-o20-s10005__cap8000__Qwen-Qwen3-32B-AWQ,clustered-n6-t100-o20-s10005,c1_react,8000,1,react_step,262,599,32,stop,False,6073,6073,18.592434521764517
c1_react__clustered-n6-t100-o20-s10005__cap8000__Qwen-Qwen3-32B-AWQ,clustered-n6-t100-o20-s10005,c1_react,8000,2,react_step,344,593,27,stop,False,5098,5098,18.328534472733736
c1_react__clustered-n6-t100-o20-s10005__cap8000__Qwen-Qwen3-32B-AWQ,clustered-n6-t100-o20-s10005,c1_react,8000,3,react_step,421,527,52,stop,False,4057,4057,17.17794291023165
c1_react__clustered-n6-t100-o20-s10005__cap8000__Qwen-Qwen3-32B-AWQ,clustered-n6-t100-o20-s10005,c1_react,8000,4,react_step,499,562,31,stop,False,2979,2979,17.65382940042764
c1_react__clustered-n6-t100-o20-s10005__cap8000__Qwen-Qwen3-32B-AWQ,clustered-n6-t100-o20-s10005,c1_react,8000,5,react_step,580,628,76,stop,False,1806,1806,20.997472836636007
c1_react__clustered-n6-t100-o20-s10005__cap8000__Qwen-Qwen3-32B-AWQ,clustered-n6-t100-o20-s10005,c1_react,8000,6,react_step,680,422,0,length,False,422,422,12.782078077085316
c1_react__clustered-n6-t100-o20-s10005__cap8000__Qwen-Qwen3-32B-AWQ,clustered-n6-t100-o20-s10005,c1_react,8000,7,finalize,93,0,7,stop,False,163,163,0.26357568707317114
c1_react__clustered-n6-t100-o20-s10007__cap16000__Qwen-Qwen3-32B-AWQ,clustered-n6-t100-o20-s10007,c1_react,16000,0,react_step,225,1177,7,stop,False,15519,15519,34.7993238074705
c1_react__clustered-n6-t100-o20-s10007__cap16000__Qwen-Qwen3-32B-AWQ,clustered-n6-t100-o20-s10007,c1_react,16000,1,react_step,262,599,32,stop,False,14073,14073,18.60647863522172
c1_react__clustered-n6-t100-o20-s10007__cap16000__Qwen-Qwen3-32B-AWQ,clustered-n6-t100-o20-s10007,c1_react,16000,2,react_step,343,297,51,stop,False,13099,13099,10.387907442636788
c1_react__clustered-n6-t100-o20-s10007__cap16000__Qwen-Qwen3-32B-AWQ,clustered-n6-t100-o20-s10007,c1_react,16000,3,react_step,418,498,10,stop,False,12333,12333,15.108769433572888
c1_react__clustered-n6-t100-o20-s10007__cap16000__Qwen-Qwen3-32B-AWQ,clustered-n6-t100-o20-s10007,c1_react,16000,4,react_step,478,1563,15,stop,False,11347,11347,46.84784793574363
c1_react__clustered-n6-t100-o20-s10007__cap16000__Qwen-Qwen3-32B-AWQ,clustered-n6-t100-o20-s10007,c1_react,16000,5,react_step,519,1406,30,stop,False,9250,9250,42.689304190687835
c1_react__clustered-n6-t100-o20-s10007__cap16000__Qwen-Qwen3-32B-AWQ,clustered-n6-t100-o20-s10007,c1_react,16000,6,react_step,599,1493,15,stop,False,7215,7215,44.94023581407964
c1_react__clustered-n6-t100-o20-s10007__cap16000__Qwen-Qwen3-32B-AWQ,clustered-n6-t100-o20-s10007,c1_react,16000,7,react_step,640,665,31,stop,False,5067,5067,20.80739818047732
c1_react__clustered-n6-t100-o20-s10007__cap16000__Qwen-Qwen3-32B-AWQ,clustered-n6-t100-o20-s10007,c1_react,16000,8,react_step,721,2201,15,stop,False,3650,3650,66.46450607664883
c1_react__clustered-n6-t100-o20-s10007__cap16000__Qwen-Qwen3-32B-AWQ,clustered-n6-t100-o20-s10007,c1_react,16000,9,react_step,762,672,0,length,False,672,672,20.242955001071095
c1_react__clustered-n6-t100-o20-s10007__cap16000__Qwen-Qwen3-32B-AWQ,clustered-n6-t100-o20-s10007,c1_react,16000,10,finalize,93,0,7,stop,False,163,163,0.26559392735362053
c1_react__clustered-n6-t100-o20-s10007__cap32000__Qwen-Qwen3-32B-AWQ,clustered-n6-t100-o20-s10007,c1_react,32000,0,react_step,225,1177,7,stop,False,31519,31519,34.80234532337636
c1_react__clustered-n6-t100-o20-s10007__cap32000__Qwen-Qwen3-32B-AWQ,clustered-n6-t100-o20-s10007,c1_react,32000,1,react_step,262,599,32,stop,False,30073,30073,18.608257183805108
c1_react__clustered-n6-t100-o20-s10007__cap32000__Qwen-Qwen3-32B-AWQ,clustered-n6-t100-o20-s10007,c1_react,32000,2,react_step,343,297,51,stop,False,29099,29099,10.391188945621252
c1_react__clustered-n6-t100-o20-s10007__cap32000__Qwen-Qwen3-32B-AWQ,clustered-n6-t100-o20-s10007,c1_react,32000,3,react_step,418,498,10,stop,False,28333,28333,15.113594786264002
c1_react__clustered-n6-t100-o20-s10007__cap32000__Qwen-Qwen3-32B-AWQ,clustered-n6-t100-o20-s10007,c1_react,32000,4,react_step,478,1563,15,stop,False,27347,27347,46.8571486286819
c1_react__clustered-n6-t100-o20-s10007__cap32000__Qwen-Qwen3-32B-AWQ,clustered-n6-t100-o20-s10007,c1_react,32000,5,react_step,519,1406,30,stop,False,25250,25250,42.70199485030025
c1_react__clustered-n6-t100-o20-s10007__cap32000__Qwen-Qwen3-32B-AWQ,clustered-n6-t100-o20-s10007,c1_react,32000,6,react_step,599,1493,15,stop,False,23215,23215,44.938678573817015
c1_react__clustered-n6-t100-o20-s10007__cap32000__Qwen-Qwen3-32B-AWQ,clustered-n6-t100-o20-s10007,c1_react,32000,7,react_step,640,665,31,stop,False,21067,21067,20.809628983959556
c1_react__clustered-n6-t100-o20-s10007__cap32000__Qwen-Qwen3-32B-AWQ,clustered-n6-t100-o20-s10007,c1_react,32000,8,react_step,721,2201,15,stop,False,19650,19650,66.45871362090111
c1_react__clustered-n6-t100-o20-s10007__cap32000__Qwen-Qwen3-32B-AWQ,clustered-n6-t100-o20-s10007,c1_react,32000,9,react_step,762,1091,10,stop,False,16672,16672,33.00382019300014
c1_react__clustered-n6-t100-o20-s10007__cap32000__Qwen-Qwen3-32B-AWQ,clustered-n6-t100-o20-s10007,c1_react,32000,10,react_step,822,2471,10,stop,False,14749,14749,74.72592175472528
c1_react__clustered-n6-t100-o20-s10007__cap32000__Qwen-Qwen3-32B-AWQ,clustered-n6-t100-o20-s10007,c1_react,32000,11,react_step,881,8173,25,stop,False,11387,11387,255.6183806899935
c1_react__clustered-n6-t100-o20-s10007__cap32000__Qwen-Qwen3-32B-AWQ,clustered-n6-t100-o20-s10007,c1_react,32000,12,react_step,926,2263,0,length,False,2263,2263,68.26381767354906
c1_react__clustered-n6-t100-o20-s10007__cap32000__Qwen-Qwen3-32B-AWQ,clustered-n6-t100-o20-s10007,c1_react,32000,13,finalize,110,0,7,stop,False,146,146,0.27170866914093494
c1_react__clustered-n6-t100-o20-s10007__cap64000__Qwen-Qwen3-32B-AWQ,clustered-n6-t100-o20-s10007,c1_react,64000,0,react_step,225,1177,7,stop,True,63519,32543,34.81689899973571
c1_react__clustered-n6-t100-o20-s10007__cap64000__Qwen-Qwen3-32B-AWQ,clustered-n6-t100-o20-s10007,c1_react,64000,1,react_step,262,599,32,stop,True,62073,32506,18.616489910520613
c1_react__clustered-n6-t100-o20-s10007__cap64000__Qwen-Qwen3-32B-AWQ,clustered-n6-t100-o20-s10007,c1_react,64000,2,react_step,343,297,51,stop,True,61099,32425,10.393453971482813
c1_react__clustered-n6-t100-o20-s10007__cap64000__Qwen-Qwen3-32B-AWQ,clustered-n6-t100-o20-s10007,c1_react,64000,3,react_step,418,498,10,stop,True,60333,32350,15.124804850667715
c1_react__clustered-n6-t100-o20-s10007__cap64000__Qwen-Qwen3-32B-AWQ,clustered-n6-t100-o20-s10007,c1_react,64000,4,react_step,478,1563,15,stop,True,59347,32290,46.88399411085993
c1_react__clustered-n6-t100-o20-s10007__cap64000__Qwen-Qwen3-32B-AWQ,clustered-n6-t100-o20-s10007,c1_react,64000,5,react_step,519,1406,30,stop,True,57250,32249,42.71324264537543
c1_react__clustered-n6-t100-o20-s10007__cap64000__Qwen-Qwen3-32B-AWQ,clustered-n6-t100-o20-s10007,c1_react,64000,6,react_step,599,1493,15,stop,True,55215,32169,44.97133311070502
c1_react__clustered-n6-t100-o20-s10007__cap64000__Qwen-Qwen3-32B-AWQ,clustered-n6-t100-o20-s10007,c1_react,64000,7,react_step,640,665,31,stop,True,53067,32128,20.8235702207312
c1_react__clustered-n6-t100-o20-s10007__cap64000__Qwen-Qwen3-32B-AWQ,clustered-n6-t100-o20-s10007,c1_react,64000,8,react_step,721,2201,15,stop,True,51650,32047,66.4872487001121
c1_react__clustered-n6-t100-o20-s10007__cap64000__Qwen-Qwen3-32B-AWQ,clustered-n6-t100-o20-s10007,c1_react,64000,9,react_step,762,1091,10,stop,True,48672,32006,33.01449150964618
c1_react__clustered-n6-t100-o20-s10007__cap64000__Qwen-Qwen3-32B-AWQ,clustered-n6-t100-o20-s10007,c1_react,64000,10,react_step,822,2471,10,stop,True,46749,31946,74.76653266698122
c1_react__clustered-n6-t100-o20-s10007__cap64000__Qwen-Qwen3-32B-AWQ,clustered-n6-t100-o20-s10007,c1_react,64000,11,react_step,881,8173,25,stop,True,43387,31887,255.71735981386155
c1_react__clustered-n6-t100-o20-s10007__cap64000__Qwen-Qwen3-32B-AWQ,clustered-n6-t100-o20-s10007,c1_react,64000,12,react_step,926,3238,5,stop,True,34263,31842,98.31466133054346
c1_react__clustered-n6-t100-o20-s10007__cap64000__Qwen-Qwen3-32B-AWQ,clustered-n6-t100-o20-s10007,c1_react,64000,13,finalize,110,0,7,stop,False,31166,31166,0.29172872193157673
c1_react__clustered-n6-t100-o20-s10007__cap8000__Qwen-Qwen3-32B-AWQ,clustered-n6-t100-o20-s10007,c1_react,8000,0,react_step,225,1177,7,stop,False,7519,7519,34.76332454569638
c1_react__clustered-n6-t100-o20-s10007__cap8000__Qwen-Qwen3-32B-AWQ,clustered-n6-t100-o20-s10007,c1_react,8000,1,react_step,262,599,32,stop,False,6073,6073,18.582094602286816
c1_react__clustered-n6-t100-o20-s10007__cap8000__Qwen-Qwen3-32B-AWQ,clustered-n6-t100-o20-s10007,c1_react,8000,2,react_step,343,297,51,stop,False,5099,5099,10.375003408640623
c1_react__clustered-n6-t100-o20-s10007__cap8000__Qwen-Qwen3-32B-AWQ,clustered-n6-t100-o20-s10007,c1_react,8000,3,react_step,418,498,10,stop,False,4333,4333,15.099618482403457
c1_react__clustered-n6-t100-o20-s10007__cap8000__Qwen-Qwen3-32B-AWQ,clustered-n6-t100-o20-s10007,c1_react,8000,4,react_step,478,1563,15,stop,False,3347,3347,46.82020709197968
c1_react__clustered-n6-t100-o20-s10007__cap8000__Qwen-Qwen3-32B-AWQ,clustered-n6-t100-o20-s10007,c1_react,8000,5,react_step,519,1250,0,length,False,1250,1250,37.12130398862064
c1_react__clustered-n6-t100-o20-s10007__cap8000__Qwen-Qwen3-32B-AWQ,clustered-n6-t100-o20-s10007,c1_react,8000,6,finalize,93,0,7,stop,False,163,163,0.2622874518856406
c1_react__clustered-n6-t100-o80-s10005__cap16000__Qwen-Qwen3-32B-AWQ,clustered-n6-t100-o80-s10005,c1_react,16000,0,react_step,225,1177,7,stop,False,15519,15519,34.79579131025821
c1_react__clustered-n6-t100-o80-s10005__cap16000__Qwen-Qwen3-32B-AWQ,clustered-n6-t100-o80-s10005,c1_react,16000,1,react_step,262,599,32,stop,False,14073,14073,18.59930656477809
c1_react__clustered-n6-t100-o80-s10005__cap16000__Qwen-Qwen3-32B-AWQ,clustered-n6-t100-o80-s10005,c1_react,16000,2,react_step,344,1010,50,stop,False,13098,13098,31.281514389440417
c1_react__clustered-n6-t100-o80-s10005__cap16000__Qwen-Qwen3-32B-AWQ,clustered-n6-t100-o80-s10005,c1_react,16000,3,react_step,418,487,10,stop,False,11620,11620,14.789562108926475
c1_react__clustered-n6-t100-o80-s10005__cap16000__Qwen-Qwen3-32B-AWQ,clustered-n6-t100-o80-s10005,c1_react,16000,4,react_step,478,683,63,stop,False,10645,10645,22.13919323682785
c1_react__clustered-n6-t100-o80-s10005__cap16000__Qwen-Qwen3-32B-AWQ,clustered-n6-t100-o80-s10005,c1_react,16000,5,react_step,567,867,13,stop,False,9332,9332,26.205361076630652
c1_react__clustered-n6-t100-o80-s10005__cap16000__Qwen-Qwen3-32B-AWQ,clustered-n6-t100-o80-s10005,c1_react,16000,6,react_step,604,1164,10,stop,False,7848,7848,34.98893393576145
c1_react__clustered-n6-t100-o80-s10005__cap16000__Qwen-Qwen3-32B-AWQ,clustered-n6-t100-o80-s10005,c1_react,16000,7,react_step,664,1720,13,stop,False,6010,6010,51.7209853855893
c1_react__clustered-n6-t100-o80-s10005__cap16000__Qwen-Qwen3-32B-AWQ,clustered-n6-t100-o80-s10005,c1_react,16000,8,react_step,701,1436,15,stop,False,3576,3576,43.34243894740939
c1_react__clustered-n6-t100-o80-s10005__cap16000__Qwen-Qwen3-32B-AWQ,clustered-n6-t100-o80-s10005,c1_react,16000,9,react_step,742,1383,0,length,False,1383,1383,41.37154044024646
c1_react__clustered-n6-t100-o80-s10005__cap16000__Qwen-Qwen3-32B-AWQ,clustered-n6-t100-o80-s10005,c1_react,16000,10,finalize,93,0,7,stop,False,163,163,0.26356957107782364
c1_react__clustered-n6-t100-o80-s10005__cap32000__Qwen-Qwen3-32B-AWQ,clustered-n6-t100-o80-s10005,c1_react,32000,0,react_step,225,1177,7,stop,False,31519,31519,34.79818346258253
c1_react__clustered-n6-t100-o80-s10005__cap32000__Qwen-Qwen3-32B-AWQ,clustered-n6-t100-o80-s10005,c1_react,32000,1,react_step,262,599,32,stop,False,30073,30073,18.597120178863406
c1_react__clustered-n6-t100-o80-s10005__cap32000__Qwen-Qwen3-32B-AWQ,clustered-n6-t100-o80-s10005,c1_react,32000,2,react_step,344,1010,50,stop,False,29098,29098,31.27753333002329
c1_react__clustered-n6-t100-o80-s10005__cap32000__Qwen-Qwen3-32B-AWQ,clustered-n6-t100-o80-s10005,c1_react,32000,3,react_step,418,487,10,stop,False,27620,27620,14.784622199833393
c1_react__clustered-n6-t100-o80-s10005__cap32000__Qwen-Qwen3-32B-AWQ,clustered-n6-t100-o80-s10005,c1_react,32000,4,react_step,478,683,63,stop,False,26645,26645,22.137056643143296
c1_react__clustered-n6-t100-o80-s10005__cap32000__Qwen-Qwen3-32B-AWQ,clustered-n6-t100-o80-s10005,c1_react,32000,5,react_step,567,867,13,stop,False,25332,25332,26.203491888940334
c1_react__clustered-n6-t100-o80-s10005__cap32000__Qwen-Qwen3-32B-AWQ,clustered-n6-t100-o80-s10005,c1_react,32000,6,react_step,604,1164,10,stop,False,23848,23848,34.99469670467079
c1_react__clustered-n6-t100-o80-s10005__cap32000__Qwen-Qwen3-32B-AWQ,clustered-n6-t100-o80-s10005,c1_react,32000,7,react_step,664,1720,13,stop,False,22010,22010,51.73419103678316
c1_react__clustered-n6-t100-o80-s10005__cap32000__Qwen-Qwen3-32B-AWQ,clustered-n6-t100-o80-s10005,c1_react,32000,8,react_step,701,1436,15,stop,False,19576,19576,43.35827408544719
c1_react__clustered-n6-t100-o80-s10005__cap32000__Qwen-Qwen3-32B-AWQ,clustered-n6-t100-o80-s10005,c1_react,32000,9,react_step,742,1622,34,stop,False,17383,17383,49.54926874674857
c1_react__clustered-n6-t100-o80-s10005__cap32000__Qwen-Qwen3-32B-AWQ,clustered-n6-t100-o80-s10005,c1_react,32000,10,react_step,826,7091,40,stop,False,14901,14901,220.80326120276004
c1_react__clustered-n6-t100-o80-s10005__cap32000__Qwen-Qwen3-32B-AWQ,clustered-n6-t100-o80-s10005,c1_react,32000,11,react_step,916,1348,10,stop,False,6854,6854,40.88866966404021
c1_react__clustered-n6-t100-o80-s10005__cap32000__Qwen-Qwen3-32B-AWQ,clustered-n6-t100-o80-s10005,c1_react,32000,12,react_step,976,4520,0,length,False,4520,4520,138.10740396939218
c1_react__clustered-n6-t100-o80-s10005__cap32000__Qwen-Qwen3-32B-AWQ,clustered-n6-t100-o80-s10005,c1_react,32000,13,finalize,93,0,7,stop,False,163,163,0.2682827031239867
c1_react__clustered-n6-t100-o80-s10005__cap64000__Qwen-Qwen3-32B-AWQ,clustered-n6-t100-o80-s10005,c1_react,64000,0,react_step,225,1177,7,stop,True,63519,32543,34.81560428906232
c1_react__clustered-n6-t100-o80-s10005__cap64000__Qwen-Qwen3-32B-AWQ,clustered-n6-t100-o80-s10005,c1_react,64000,1,react_step,262,599,32,stop,True,62073,32506,18.61549125891179
c1_react__clustered-n6-t100-o80-s10005__cap64000__Qwen-Qwen3-32B-AWQ,clustered-n6-t100-o80-s10005,c1_react,64000,2,react_step,344,1010,50,stop,True,61098,32424,31.309428027831018
c1_react__clustered-n6-t100-o80-s10005__cap64000__Qwen-Qwen3-32B-AWQ,clustered-n6-t100-o80-s10005,c1_react,64000,3,react_step,418,487,10,stop,True,59620,32350,14.799451088532805
c1_react__clustered-n6-t100-o80-s10005__cap64000__Qwen-Qwen3-32B-AWQ,clustered-n6-t100-o80-s10005,c1_react,64000,4,react_step,478,683,63,stop,True,58645,32290,22.14250042103231
c1_react__clustered-n6-t100-o80-s10005__cap64000__Qwen-Qwen3-32B-AWQ,clustered-n6-t100-o80-s10005,c1_react,64000,5,react_step,567,867,13,stop,True,57332,32201,26.22447605803609
c1_react__clustered-n6-t100-o80-s10005__cap64000__Qwen-Qwen3-32B-AWQ,clustered-n6-t100-o80-s10005,c1_react,64000,6,react_step,604,1164,10,stop,True,55848,32164,35.00390351191163
c1_react__clustered-n6-t100-o80-s10005__cap64000__Qwen-Qwen3-32B-AWQ,clustered-n6-t100-o80-s10005,c1_react,64000,7,react_step,664,1720,13,stop,True,54010,32104,51.771673979237676
c1_react__clustered-n6-t100-o80-s10005__cap64000__Qwen-Qwen3-32B-AWQ,clustered-n6-t100-o80-s10005,c1_react,64000,8,react_step,701,1436,15,stop,True,51576,32067,43.37617891933769
c1_react__clustered-n6-t100-o80-s10005__cap64000__Qwen-Qwen3-32B-AWQ,clustered-n6-t100-o80-s10005,c1_react,64000,9,react_step,742,1622,34,stop,True,49383,32026,49.56946998368949
c1_react__clustered-n6-t100-o80-s10005__cap64000__Qwen-Qwen3-32B-AWQ,clustered-n6-t100-o80-s10005,c1_react,64000,10,react_step,826,7091,40,stop,True,46901,31942,220.8300397787243
c1_react__clustered-n6-t100-o80-s10005__cap64000__Qwen-Qwen3-32B-AWQ,clustered-n6-t100-o80-s10005,c1_react,64000,11,react_step,916,1348,10,stop,True,38854,31852,40.8900875011459
c1_react__clustered-n6-t100-o80-s10005__cap64000__Qwen-Qwen3-32B-AWQ,clustered-n6-t100-o80-s10005,c1_react,64000,12,react_step,976,6898,29,stop,True,36520,31792,214.78118279296905
c1_react__clustered-n6-t100-o80-s10005__cap64000__Qwen-Qwen3-32B-AWQ,clustered-n6-t100-o80-s10005,c1_react,64000,13,react_step,1029,8938,19,stop,False,28564,28564,281.3698328016326
c1_react__clustered-n6-t100-o80-s10005__cap64000__Qwen-Qwen3-32B-AWQ,clustered-n6-t100-o80-s10005,c1_react,64000,14,react_step,1068,8082,5,stop,False,18539,18539,252.87693109177053
c1_react__clustered-n6-t100-o80-s10005__cap64000__Qwen-Qwen3-32B-AWQ,clustered-n6-t100-o80-s10005,c1_react,64000,15,finalize,93,0,7,stop,False,10615,10615,0.28335067722946405
c1_react__clustered-n6-t100-o80-s10005__cap8000__Qwen-Qwen3-32B-AWQ,clustered-n6-t100-o80-s10005,c1_react,8000,0,react_step,225,1177,7,stop,False,7519,7519,34.786106551997364
c1_react__clustered-n6-t100-o80-s10005__cap8000__Qwen-Qwen3-32B-AWQ,clustered-n6-t100-o80-s10005,c1_react,8000,1,react_step,262,599,32,stop,False,6073,6073,18.604083484970033
c1_react__clustered-n6-t100-o80-s10005__cap8000__Qwen-Qwen3-32B-AWQ,clustered-n6-t100-o80-s10005,c1_react,8000,2,react_step,344,1010,50,stop,False,5098,5098,31.277611061930656
c1_react__clustered-n6-t100-o80-s10005__cap8000__Qwen-Qwen3-32B-AWQ,clustered-n6-t100-o80-s10005,c1_react,8000,3,react_step,418,487,10,stop,False,3620,3620,14.784007066860795
c1_react__clustered-n6-t100-o80-s10005__cap8000__Qwen-Qwen3-32B-AWQ,clustered-n6-t100-o80-s10005,c1_react,8000,4,react_step,478,683,63,stop,False,2645,2645,22.13948208745569
c1_react__clustered-n6-t100-o80-s10005__cap8000__Qwen-Qwen3-32B-AWQ,clustered-n6-t100-o80-s10005,c1_react,8000,5,react_step,567,867,13,stop,False,1332,1332,26.19937755446881
c1_react__clustered-n6-t100-o80-s10005__cap8000__Qwen-Qwen3-32B-AWQ,clustered-n6-t100-o80-s10005,c1_react,8000,6,finalize,93,0,7,stop,False,615,615,0.2815703973174095
c1_react__clustered-n6-t100-o80-s10006__cap16000__Qwen-Qwen3-32B-AWQ,clustered-n6-t100-o80-s10006,c1_react,16000,0,react_step,225,1177,7,stop,False,15519,15519,34.79281456582248
c1_react__clustered-n6-t100-o80-s10006__cap16000__Qwen-Qwen3-32B-AWQ,clustered-n6-t100-o80-s10006,c1_react,16000,1,react_step,262,599,32,stop,False,14073,14073,18.6049980558455
c1_react__clustered-n6-t100-o80-s10006__cap16000__Qwen-Qwen3-32B-AWQ,clustered-n6-t100-o80-s10006,c1_react,16000,2,react_step,344,444,57,stop,False,13098,13098,14.857547112740576
c1_react__clustered-n6-t100-o80-s10006__cap16000__Qwen-Qwen3-32B-AWQ,clustered-n6-t100-o80-s10006,c1_react,16000,3,react_step,425,332,76,stop,False,12172,12172,12.185396763496101
c1_react__clustered-n6-t100-o80-s10006__cap16000__Qwen-Qwen3-32B-AWQ,clustered-n6-t100-o80-s10006,c1_react,16000,4,react_step,551,1357,68,stop,False,11213,11213,42.39229767303914
c1_react__clustered-n6-t100-o80-s10006__cap16000__Qwen-Qwen3-32B-AWQ,clustered-n6-t100-o80-s10006,c1_react,16000,5,react_step,645,410,10,stop,False,9143,9143,12.711462209001184
c1_react__clustered-n6-t100-o80-s10006__cap16000__Qwen-Qwen3-32B-AWQ,clustered-n6-t100-o80-s10006,c1_react,16000,6,react_step,705,689,13,stop,False,8018,8018,21.090529275126755
c1_react__clustered-n6-t100-o80-s10006__cap16000__Qwen-Qwen3-32B-AWQ,clustered-n6-t100-o80-s10006,c1_react,16000,7,react_step,742,1337,15,stop,False,6574,6574,40.45578476693481
c1_react__clustered-n6-t100-o80-s10006__cap16000__Qwen-Qwen3-32B-AWQ,clustered-n6-t100-o80-s10006,c1_react,16000,8,react_step,782,2655,10,stop,False,4440,4440,80.25116239394993
c1_react__clustered-n6-t100-o80-s10006__cap16000__Qwen-Qwen3-32B-AWQ,clustered-n6-t100-o80-s10006,c1_react,16000,9,react_step,842,933,0,length,False,933,933,28.106755319051445
c1_react__clustered-n6-t100-o80-s10006__cap16000__Qwen-Qwen3-32B-AWQ,clustered-n6-t100-o80-s10006,c1_react,16000,10,finalize,93,0,7,stop,False,163,163,0.26458596624433994
c1_react__clustered-n6-t100-o80-s10006__cap32000__Qwen-Qwen3-32B-AWQ,clustered-n6-t100-o80-s10006,c1_react,32000,0,react_step,225,1177,7,stop,False,31519,31519,34.807484089396894
c1_react__clustered-n6-t100-o80-s10006__cap32000__Qwen-Qwen3-32B-AWQ,clustered-n6-t100-o80-s10006,c1_react,32000,1,react_step,262,599,32,stop,False,30073,30073,18.61066538002342
c1_react__clustered-n6-t100-o80-s10006__cap32000__Qwen-Qwen3-32B-AWQ,clustered-n6-t100-o80-s10006,c1_react,32000,2,react_step,344,444,57,stop,False,29098,29098,14.865373332053423
c1_react__clustered-n6-t100-o80-s10006__cap32000__Qwen-Qwen3-32B-AWQ,clustered-n6-t100-o80-s10006,c1_react,32000,3,react_step,425,332,76,stop,False,28172,28172,12.189778885804117
c1_react__clustered-n6-t100-o80-s10006__cap32000__Qwen-Qwen3-32B-AWQ,clustered-n6-t100-o80-s10006,c1_react,32000,4,react_step,551,1357,68,stop,False,27213,27213,42.40314930584282
c1_react__clustered-n6-t100-o80-s10006__cap32000__Qwen-Qwen3-32B-AWQ,clustered-n6-t100-o80-s10006,c1_react,32000,5,react_step,645,410,10,stop,False,25143,25143,12.714508646167815
c1_react__clustered-n6-t100-o80-s10006__cap32000__Qwen-Qwen3-32B-AWQ,clustered-n6-t100-o80-s10006,c1_react,32000,6,react_step,705,689,13,stop,False,24018,24018,21.094491717405617
c1_react__clustered-n6-t100-o80-s10006__cap32000__Qwen-Qwen3-32B-AWQ,clustered-n6-t100-o80-s10006,c1_react,32000,7,react_step,742,1337,15,stop,False,22574,22574,40.476697854697704
c1_react__clustered-n6-t100-o80-s10006__cap32000__Qwen-Qwen3-32B-AWQ,clustered-n6-t100-o80-s10006,c1_react,32000,8,react_step,782,2655,10,stop,False,20440,20440,80.30636389460415
c1_react__clustered-n6-t100-o80-s10006__cap32000__Qwen-Qwen3-32B-AWQ,clustered-n6-t100-o80-s10006,c1_react,32000,9,react_step,842,1124,13,stop,False,16933,16933,34.18718009907752
c1_react__clustered-n6-t100-o80-s10006__cap32000__Qwen-Qwen3-32B-AWQ,clustered-n6-t100-o80-s10006,c1_react,32000,10,react_step,879,7883,33,stop,False,14917,14917,246.39660808071494
c1_react__clustered-n6-t100-o80-s10006__cap32000__Qwen-Qwen3-32B-AWQ,clustered-n6-t100-o80-s10006,c1_react,32000,11,react_step,932,1649,50,stop,False,6069,6069,51.101949809119105
c1_react__clustered-n6-t100-o80-s10006__cap32000__Qwen-Qwen3-32B-AWQ,clustered-n6-t100-o80-s10006,c1_react,32000,12,react_step,1032,2806,10,stop,False,3338,3338,85.3754813130945
c1_react__clustered-n6-t100-o80-s10006__cap32000__Qwen-Qwen3-32B-AWQ,clustered-n6-t100-o80-s10006,c1_react,32000,13,finalize,93,0,7,stop,False,685,685,0.28004229068756104
c1_react__clustered-n6-t100-o80-s10006__cap64000__Qwen-Qwen3-32B-AWQ,clustered-n6-t100-o80-s10006,c1_react,64000,0,react_step,225,1177,7,stop,True,63519,32543,34.816143996082246
c1_react__clustered-n6-t100-o80-s10006__cap64000__Qwen-Qwen3-32B-AWQ,clustered-n6-t100-o80-s10006,c1_react,64000,1,react_step,262,599,32,stop,True,62073,32506,18.611680381931365
c1_react__clustered-n6-t100-o80-s10006__cap64000__Qwen-Qwen3-32B-AWQ,clustered-n6-t100-o80-s10006,c1_react,64000,2,react_step,344,444,57,stop,True,61098,32424,14.866860067471862
c1_react__clustered-n6-t100-o80-s10006__cap64000__Qwen-Qwen3-32B-AWQ,clustered-n6-t100-o80-s10006,c1_react,64000,3,react_step,425,332,76,stop,True,60172,32343,12.189686267636716
c1_react__clustered-n6-t100-o80-s10006__cap64000__Qwen-Qwen3-32B-AWQ,clustered-n6-t100-o80-s10006,c1_react,64000,4,react_step,551,1357,68,stop,True,59213,32217,42.42178601399064
c1_react__clustered-n6-t100-o80-s10006__cap64000__Qwen-Qwen3-32B-AWQ,clustered-n6-t100-o80-s10006,c1_react,64000,5,react_step,645,410,10,stop,True,57143,32123,12.722052283585072
c1_react__clustered-n6-t100-o80-s10006__cap64000__Qwen-Qwen3-32B-AWQ,clustered-n6-t100-o80-s10006,c1_react,64000,6,react_step,705,689,13,stop,True,56018,32063,21.09909678902477
c1_react__clustered-n6-t100-o80-s10006__cap64000__Qwen-Qwen3-32B-AWQ,clustered-n6-t100-o80-s10006,c1_react,64000,7,react_step,742,1337,15,stop,True,54574,32026,40.48446452617645
c1_react__clustered-n6-t100-o80-s10006__cap64000__Qwen-Qwen3-32B-AWQ,clustered-n6-t100-o80-s10006,c1_react,64000,8,react_step,782,2655,10,stop,True,52440,31986,80.32581069134176
c1_react__clustered-n6-t100-o80-s10006__cap64000__Qwen-Qwen3-32B-AWQ,clustered-n6-t100-o80-s10006,c1_react,64000,9,react_step,842,1124,13,stop,True,48933,31926,34.199563978239894
c1_react__clustered-n6-t100-o80-s10006__cap64000__Qwen-Qwen3-32B-AWQ,clustered-n6-t100-o80-s10006,c1_react,64000,10,react_step,879,7883,33,stop,True,46917,31889,246.5210689585656
c1_react__clustered-n6-t100-o80-s10006__cap64000__Qwen-Qwen3-32B-AWQ,clustered-n6-t100-o80-s10006,c1_react,64000,11,react_step,932,1649,50,stop,True,38069,31836,51.139192743226886
c1_react__clustered-n6-t100-o80-s10006__cap64000__Qwen-Qwen3-32B-AWQ,clustered-n6-t100-o80-s10006,c1_react,64000,12,react_step,1032,2806,10,stop,True,35338,31736,85.4136723075062
c1_react__clustered-n6-t100-o80-s10006__cap64000__Qwen-Qwen3-32B-AWQ,clustered-n6-t100-o80-s10006,c1_react,64000,13,react_step,1092,8536,19,stop,False,31430,31430,268.39304821845144
c1_react__clustered-n6-t100-o80-s10006__cap64000__Qwen-Qwen3-32B-AWQ,clustered-n6-t100-o80-s10006,c1_react,64000,14,react_step,1131,4622,5,stop,False,21744,21744,142.0245209215209
c1_react__clustered-n6-t100-o80-s10006__cap64000__Qwen-Qwen3-32B-AWQ,clustered-n6-t100-o80-s10006,c1_react,64000,15,finalize,104,0,7,stop,False,17269,17269,0.29112213011831045
c1_react__clustered-n6-t100-o80-s10006__cap8000__Qwen-Qwen3-32B-AWQ,clustered-n6-t100-o80-s10006,c1_react,8000,0,react_step,225,1177,7,stop,False,7519,7519,34.768662543967366
c1_react__clustered-n6-t100-o80-s10006__cap8000__Qwen-Qwen3-32B-AWQ,clustered-n6-t100-o80-s10006,c1_react,8000,1,react_step,262,599,32,stop,False,6073,6073,18.588984180241823
c1_react__clustered-n6-t100-o80-s10006__cap8000__Qwen-Qwen3-32B-AWQ,clustered-n6-t100-o80-s10006,c1_react,8000,2,react_step,344,444,57,stop,False,5098,5098,14.8438651394099
c1_react__clustered-n6-t100-o80-s10006__cap8000__Qwen-Qwen3-32B-AWQ,clustered-n6-t100-o80-s10006,c1_react,8000,3,react_step,425,332,76,stop,False,4172,4172,12.177439160645008
c1_react__clustered-n6-t100-o80-s10006__cap8000__Qwen-Qwen3-32B-AWQ,clustered-n6-t100-o80-s10006,c1_react,8000,4,react_step,551,1357,68,stop,False,3213,3213,42.365527923218906
c1_react__clustered-n6-t100-o80-s10006__cap8000__Qwen-Qwen3-32B-AWQ,clustered-n6-t100-o80-s10006,c1_react,8000,5,react_step,645,410,10,stop,False,1143,1143,12.707683198153973
c1_react__clustered-n6-t100-o80-s10006__cap8000__Qwen-Qwen3-32B-AWQ,clustered-n6-t100-o80-s10006,c1_react,8000,6,react_step,705,18,0,length,False,18,18,0.9970429567620158
c1_react__clustered-n6-t100-o80-s10006__cap8000__Qwen-Qwen3-32B-AWQ,clustered-n6-t100-o80-s10006,c1_react,8000,7,finalize,93,0,7,stop,False,163,163,0.2626339653506875
c1_react__clustered-n6-t20-o20-s10005__cap16000__Qwen-Qwen3-32B-AWQ,clustered-n6-t20-o20-s10005,c1_react,16000,0,react_step,225,1177,7,stop,False,15519,15519,34.78086367063224
c1_react__clustered-n6-t20-o20-s10005__cap16000__Qwen-Qwen3-32B-AWQ,clustered-n6-t20-o20-s10005,c1_react,16000,1,react_step,262,599,32,stop,False,14073,14073,18.600258859805763
c1_react__clustered-n6-t20-o20-s10005__cap16000__Qwen-Qwen3-32B-AWQ,clustered-n6-t20-o20-s10005,c1_react,16000,2,react_step,343,205,43,stop,False,13099,13099,7.468943463638425
c1_react__clustered-n6-t20-o20-s10005__cap16000__Qwen-Qwen3-32B-AWQ,clustered-n6-t20-o20-s10005,c1_react,16000,3,react_step,410,237,10,stop,False,12441,12441,7.4669756749644876
c1_react__clustered-n6-t20-o20-s10005__cap16000__Qwen-Qwen3-32B-AWQ,clustered-n6-t20-o20-s10005,c1_react,16000,4,react_step,469,809,15,stop,False,11725,11725,24.420499922707677
c1_react__clustered-n6-t20-o20-s10005__cap16000__Qwen-Qwen3-32B-AWQ,clustered-n6-t20-o20-s10005,c1_react,16000,5,react_step,510,821,10,stop,False,10391,10391,24.658094708807766
c1_react__clustered-n6-t20-o20-s10005__cap16000__Qwen-Qwen3-32B-AWQ,clustered-n6-t20-o20-s10005,c1_react,16000,6,react_step,569,642,15,stop,False,8991,8991,19.597400188446045
c1_react__clustered-n6-t20-o20-s10005__cap16000__Qwen-Qwen3-32B-AWQ,clustered-n6-t20-o20-s10005,c1_react,16000,7,react_step,610,1778,34,stop,False,7724,7724,53.99487292673439
c1_react__clustered-n6-t20-o20-s10005__cap16000__Qwen-Qwen3-32B-AWQ,clustered-n6-t20-o20-s10005,c1_react,16000,8,react_step,693,1167,15,stop,False,5219,5219,35.29807499051094
c1_react__clustered-n6-t20-o20-s10005__cap16000__Qwen-Qwen3-32B-AWQ,clustered-n6-t20-o20-s10005,c1_react,16000,9,react_step,734,1198,10,stop,False,3303,3303,36.12458652164787
c1_react__clustered-n6-t20-o20-s10005__cap16000__Qwen-Qwen3-32B-AWQ,clustered-n6-t20-o20-s10005,c1_react,16000,10,react_step,793,1302,0,length,False,1302,1302,39.01408243365586
c1_react__clustered-n6-t20-o20-s10005__cap16000__Qwen-Qwen3-32B-AWQ,clustered-n6-t20-o20-s10005,c1_react,16000,11,finalize,93,0,7,stop,False,163,163,0.26216315291821957
c1_react__clustered-n6-t20-o20-s10005__cap32000__Qwen-Qwen3-32B-AWQ,clustered-n6-t20-o20-s10005,c1_react,32000,0,react_step,225,1177,7,stop,False,31519,31519,34.777420887723565
c1_react__clustered-n6-t20-o20-s10005__cap32000__Qwen-Qwen3-32B-AWQ,clustered-n6-t20-o20-s10005,c1_react,32000,1,react_step,262,599,32,stop,False,30073,30073,18.594798943959177
c1_react__clustered-n6-t20-o20-s10005__cap32000__Qwen-Qwen3-32B-AWQ,clustered-n6-t20-o20-s10005,c1_react,32000,2,react_step,343,205,43,stop,False,29099,29099,7.468379239551723
c1_react__clustered-n6-t20-o20-s10005__cap32000__Qwen-Qwen3-32B-AWQ,clustered-n6-t20-o20-s10005,c1_react,32000,3,react_step,410,237,10,stop,False,28441,28441,7.467707646079361
c1_react__clustered-n6-t20-o20-s10005__cap32000__Qwen-Qwen3-32B-AWQ,clustered-n6-t20-o20-s10005,c1_react,32000,4,react_step,469,809,15,stop,False,27725,27725,24.427156851626933
c1_react__clustered-n6-t20-o20-s10005__cap32000__Qwen-Qwen3-32B-AWQ,clustered-n6-t20-o20-s10005,c1_react,32000,5,react_step,510,821,10,stop,False,26391,26391,24.67487092129886
c1_react__clustered-n6-t20-o20-s10005__cap32000__Qwen-Qwen3-32B-AWQ,clustered-n6-t20-o20-s10005,c1_react,32000,6,react_step,569,642,15,stop,False,24991,24991,19.610379507765174
c1_react__clustered-n6-t20-o20-s10005__cap32000__Qwen-Qwen3-32B-AWQ,clustered-n6-t20-o20-s10005,c1_react,32000,7,react_step,610,1778,34,stop,False,23724,23724,54.04363303910941
c1_react__clustered-n6-t20-o20-s10005__cap32000__Qwen-Qwen3-32B-AWQ,clustered-n6-t20-o20-s10005,c1_react,32000,8,react_step,693,1167,15,stop,False,21219,21219,35.34355156868696
c1_react__clustered-n6-t20-o20-s10005__cap32000__Qwen-Qwen3-32B-AWQ,clustered-n6-t20-o20-s10005,c1_react,32000,9,react_step,734,1198,10,stop,False,19303,19303,36.14175414759666
c1_react__clustered-n6-t20-o20-s10005__cap32000__Qwen-Qwen3-32B-AWQ,clustered-n6-t20-o20-s10005,c1_react,32000,10,react_step,793,1925,15,stop,False,17302,17302,58.18284829519689
c1_react__clustered-n6-t20-o20-s10005__cap32000__Qwen-Qwen3-32B-AWQ,clustered-n6-t20-o20-s10005,c1_react,32000,11,react_step,834,2122,46,stop,False,14528,14528,65.20937473513186
c1_react__clustered-n6-t20-o20-s10005__cap32000__Qwen-Qwen3-32B-AWQ,clustered-n6-t20-o20-s10005,c1_react,32000,12,react_step,900,1219,64,stop,False,11460,11460,38.60604186914861
c1_react__clustered-n6-t20-o20-s10005__cap32000__Qwen-Qwen3-32B-AWQ,clustered-n6-t20-o20-s10005,c1_react,32000,13,react_step,1013,657,15,stop,False,9164,9164,20.519858170300722
c1_react__clustered-n6-t20-o20-s10005__cap32000__Qwen-Qwen3-32B-AWQ,clustered-n6-t20-o20-s10005,c1_react,32000,14,react_step,1053,3878,64,stop,False,7439,7439,120.18292057700455
c1_react__clustered-n6-t20-o20-s10005__cap32000__Qwen-Qwen3-32B-AWQ,clustered-n6-t20-o20-s10005,c1_react,32000,15,react_step,1166,2331,0,length,False,2331,2331,70.78649572562426
c1_react__clustered-n6-t20-o20-s10005__cap32000__Qwen-Qwen3-32B-AWQ,clustered-n6-t20-o20-s10005,c1_react,32000,16,finalize,93,0,7,stop,False,163,163,0.26596379186958075
c1_react__clustered-n6-t20-o20-s10005__cap64000__Qwen-Qwen3-32B-AWQ,clustered-n6-t20-o20-s10005,c1_react,64000,0,react_step,225,1177,7,stop,True,63519,32543,34.808892318978906
c1_react__clustered-n6-t20-o20-s10005__cap64000__Qwen-Qwen3-32B-AWQ,clustered-n6-t20-o20-s10005,c1_react,64000,1,react_step,262,599,32,stop,True,62073,32506,18.604422580450773
c1_react__clustered-n6-t20-o20-s10005__cap64000__Qwen-Qwen3-32B-AWQ,clustered-n6-t20-o20-s10005,c1_react,64000,2,react_step,343,205,43,stop,True,61099,32425,7.469467028975487
c1_react__clustered-n6-t20-o20-s10005__cap64000__Qwen-Qwen3-32B-AWQ,clustered-n6-t20-o20-s10005,c1_react,64000,3,react_step,410,237,10,stop,True,60441,32358,7.479607221670449
c1_react__clustered-n6-t20-o20-s10005__cap64000__Qwen-Qwen3-32B-AWQ,clustered-n6-t20-o20-s10005,c1_react,64000,4,react_step,469,809,15,stop,True,59725,32299,24.440487882122397
c1_react__clustered-n6-t20-o20-s10005__cap64000__Qwen-Qwen3-32B-AWQ,clustered-n6-t20-o20-s10005,c1_react,64000,5,react_step,510,821,10,stop,True,58391,32258,24.683851952664554
c1_react__clustered-n6-t20-o20-s10005__cap64000__Qwen-Qwen3-32B-AWQ,clustered-n6-t20-o20-s10005,c1_react,64000,6,react_step,569,642,15,stop,True,56991,32199,19.616469593718648
c1_react__clustered-n6-t20-o20-s10005__cap64000__Qwen-Qwen3-32B-AWQ,clustered-n6-t20-o20-s10005,c1_react,64000,7,react_step,610,1778,34,stop,True,55724,32158,54.05568122770637
c1_react__clustered-n6-t20-o20-s10005__cap64000__Qwen-Qwen3-32B-AWQ,clustered-n6-t20-o20-s10005,c1_react,64000,8,react_step,693,1167,15,stop,True,53219,32075,35.33966415282339
c1_react__clustered-n6-t20-o20-s10005__cap64000__Qwen-Qwen3-32B-AWQ,clustered-n6-t20-o20-s10005,c1_react,64000,9,react_step,734,1198,10,stop,True,51303,32034,36.15475524030626
c1_react__clustered-n6-t20-o20-s10005__cap64000__Qwen-Qwen3-32B-AWQ,clustered-n6-t20-o20-s10005,c1_react,64000,10,react_step,793,1925,15,stop,True,49302,31975,58.183022705838084
c1_react__clustered-n6-t20-o20-s10005__cap64000__Qwen-Qwen3-32B-AWQ,clustered-n6-t20-o20-s10005,c1_react,64000,11,react_step,834,2122,46,stop,True,46528,31934,65.21073183789849
c1_react__clustered-n6-t20-o20-s10005__cap64000__Qwen-Qwen3-32B-AWQ,clustered-n6-t20-o20-s10005,c1_react,64000,12,react_step,900,1219,64,stop,True,43460,31868,38.61068482417613
c1_react__clustered-n6-t20-o20-s10005__cap64000__Qwen-Qwen3-32B-AWQ,clustered-n6-t20-o20-s10005,c1_react,64000,13,react_step,1013,657,15,stop,True,41164,31755,20.527073454111814
c1_react__clustered-n6-t20-o20-s10005__cap64000__Qwen-Qwen3-32B-AWQ,clustered-n6-t20-o20-s10005,c1_react,64000,14,react_step,1053,3878,64,stop,True,39439,31715,120.22740489244461
c1_react__clustered-n6-t20-o20-s10005__cap64000__Qwen-Qwen3-32B-AWQ,clustered-n6-t20-o20-s10005,c1_react,64000,15,react_step,1166,2362,32,stop,True,34331,31602,72.72453367803246
c1_react__clustered-n6-t20-o20-s10005__cap64000__Qwen-Qwen3-32B-AWQ,clustered-n6-t20-o20-s10005,c1_react,64000,16,react_step,1218,4543,130,stop,False,30719,30719,143.62497482541949
c1_react__clustered-n6-t20-o20-s10005__cap64000__Qwen-Qwen3-32B-AWQ,clustered-n6-t20-o20-s10005,c1_react,64000,17,react_step,1374,3004,39,stop,False,24672,24672,93.02912909444422
c1_react__clustered-n6-t20-o20-s10005__cap64000__Qwen-Qwen3-32B-AWQ,clustered-n6-t20-o20-s10005,c1_react,64000,18,react_step,1433,1549,5,stop,False,20196,20196,47.54485016595572
c1_react__clustered-n6-t20-o20-s10005__cap64000__Qwen-Qwen3-32B-AWQ,clustered-n6-t20-o20-s10005,c1_react,64000,19,finalize,124,0,90,stop,False,18774,18774,2.7170347943902016
c1_react__clustered-n6-t20-o20-s10005__cap8000__Qwen-Qwen3-32B-AWQ,clustered-n6-t20-o20-s10005,c1_react,8000,0,react_step,225,1177,7,stop,False,7519,7519,34.79854260198772
c1_react__clustered-n6-t20-o20-s10005__cap8000__Qwen-Qwen3-32B-AWQ,clustered-n6-t20-o20-s10005,c1_react,8000,1,react_step,262,599,32,stop,False,6073,6073,18.609930128790438
c1_react__clustered-n6-t20-o20-s10005__cap8000__Qwen-Qwen3-32B-AWQ,clustered-n6-t20-o20-s10005,c1_react,8000,2,react_step,343,205,43,stop,False,5099,5099,7.475325219333172
c1_react__clustered-n6-t20-o20-s10005__cap8000__Qwen-Qwen3-32B-AWQ,clustered-n6-t20-o20-s10005,c1_react,8000,3,react_step,410,237,10,stop,False,4441,4441,7.472697572782636
c1_react__clustered-n6-t20-o20-s10005__cap8000__Qwen-Qwen3-32B-AWQ,clustered-n6-t20-o20-s10005,c1_react,8000,4,react_step,469,809,15,stop,False,3725,3725,24.438577284105122
c1_react__clustered-n6-t20-o20-s10005__cap8000__Qwen-Qwen3-32B-AWQ,clustered-n6-t20-o20-s10005,c1_react,8000,5,react_step,510,821,10,stop,False,2391,2391,24.681591636501253
c1_react__clustered-n6-t20-o20-s10005__cap8000__Qwen-Qwen3-32B-AWQ,clustered-n6-t20-o20-s10005,c1_react,8000,6,react_step,569,642,15,stop,False,991,991,19.60906145721674
c1_react__clustered-n6-t20-o20-s10005__cap8000__Qwen-Qwen3-32B-AWQ,clustered-n6-t20-o20-s10005,c1_react,8000,7,finalize,93,0,7,stop,False,497,497,0.28095805551856756
c1_react__clustered-n6-t20-o80-s10005__cap16000__Qwen-Qwen3-32B-AWQ,clustered-n6-t20-o80-s10005,c1_react,16000,0,react_step,225,1177,7,stop,False,15519,15519,34.797125046141446
c1_react__clustered-n6-t20-o80-s10005__cap16000__Qwen-Qwen3-32B-AWQ,clustered-n6-t20-o80-s10005,c1_react,16000,1,react_step,262,599,32,stop,False,14073,14073,18.605072448030114
c1_react__clustered-n6-t20-o80-s10005__cap16000__Qwen-Qwen3-32B-AWQ,clustered-n6-t20-o80-s10005,c1_react,16000,2,react_step,343,349,53,stop,False,13099,13099,11.963301973417401
c1_react__clustered-n6-t20-o80-s10005__cap16000__Qwen-Qwen3-32B-AWQ,clustered-n6-t20-o80-s10005,c1_react,16000,3,react_step,420,576,10,stop,False,12277,12277,17.39630923513323
c1_react__clustered-n6-t20-o80-s10005__cap16000__Qwen-Qwen3-32B-AWQ,clustered-n6-t20-o80-s10005,c1_react,16000,4,react_step,479,614,54,stop,False,11212,11212,19.840748234651983
c1_react__clustered-n6-t20-o80-s10005__cap16000__Qwen-Qwen3-32B-AWQ,clustered-n6-t20-o80-s10005,c1_react,16000,5,react_step,559,428,10,stop,False,9985,9985,13.166871743276715
c1_react__clustered-n6-t20-o80-s10005__cap16000__Qwen-Qwen3-32B-AWQ,clustered-n6-t20-o80-s10005,c1_react,16000,6,react_step,618,1452,10,stop,False,8929,8929,43.57960468810052
c1_react__clustered-n6-t20-o80-s10005__cap16000__Qwen-Qwen3-32B-AWQ,clustered-n6-t20-o80-s10005,c1_react,16000,7,react_step,677,1506,35,stop,False,6790,6790,46.003117779269814
c1_react__clustered-n6-t20-o80-s10005__cap16000__Qwen-Qwen3-32B-AWQ,clustered-n6-t20-o80-s10005,c1_react,16000,8,react_step,761,891,104,stop,False,4488,4488,29.82223234605044
c1_react__clustered-n6-t20-o80-s10005__cap16000__Qwen-Qwen3-32B-AWQ,clustered-n6-t20-o80-s10005,c1_react,16000,9,react_step,891,2602,0,length,False,2602,2602,78.47673346474767
c1_react__clustered-n6-t20-o80-s10005__cap16000__Qwen-Qwen3-32B-AWQ,clustered-n6-t20-o80-s10005,c1_react,16000,10,finalize,93,0,7,stop,False,163,163,0.26509579829871655
c1_react__clustered-n6-t20-o80-s10005__cap32000__Qwen-Qwen3-32B-AWQ,clustered-n6-t20-o80-s10005,c1_react,32000,0,react_step,225,1177,7,stop,False,31519,31519,34.783338095992804
c1_react__clustered-n6-t20-o80-s10005__cap32000__Qwen-Qwen3-32B-AWQ,clustered-n6-t20-o80-s10005,c1_react,32000,1,react_step,262,599,32,stop,False,30073,30073,18.597636304795742
c1_react__clustered-n6-t20-o80-s10005__cap32000__Qwen-Qwen3-32B-AWQ,clustered-n6-t20-o80-s10005,c1_react,32000,2,react_step,343,349,53,stop,False,29099,29099,11.960596813820302
c1_react__clustered-n6-t20-o80-s10005__cap32000__Qwen-Qwen3-32B-AWQ,clustered-n6-t20-o80-s10005,c1_react,32000,3,react_step,420,576,10,stop,False,28277,28277,17.3935377150774
c1_react__clustered-n6-t20-o80-s10005__cap32000__Qwen-Qwen3-32B-AWQ,clustered-n6-t20-o80-s10005,c1_react,32000,4,react_step,479,614,54,stop,False,27212,27212,19.84237114340067
c1_react__clustered-n6-t20-o80-s10005__cap32000__Qwen-Qwen3-32B-AWQ,clustered-n6-t20-o80-s10005,c1_react,32000,5,react_step,559,428,10,stop,False,25985,25985,13.17171001713723
c1_react__clustered-n6-t20-o80-s10005__cap32000__Qwen-Qwen3-32B-AWQ,clustered-n6-t20-o80-s10005,c1_react,32000,6,react_step,618,1452,10,stop,False,24929,24929,43.57572836615145
c1_react__clustered-n6-t20-o80-s10005__cap32000__Qwen-Qwen3-32B-AWQ,clustered-n6-t20-o80-s10005,c1_react,32000,7,react_step,677,1506,35,stop,False,22790,22790,45.99783768877387
c1_react__clustered-n6-t20-o80-s10005__cap32000__Qwen-Qwen3-32B-AWQ,clustered-n6-t20-o80-s10005,c1_react,32000,8,react_step,761,891,104,stop,False,20488,20488,29.826451296918094
c1_react__clustered-n6-t20-o80-s10005__cap32000__Qwen-Qwen3-32B-AWQ,clustered-n6-t20-o80-s10005,c1_react,32000,9,react_step,891,3692,54,stop,False,18602,18602,113.64773633051664
c1_react__clustered-n6-t20-o80-s10005__cap32000__Qwen-Qwen3-32B-AWQ,clustered-n6-t20-o80-s10005,c1_react,32000,10,react_step,971,3996,50,stop,False,13885,13885,123.2416951553896
c1_react__clustered-n6-t20-o80-s10005__cap32000__Qwen-Qwen3-32B-AWQ,clustered-n6-t20-o80-s10005,c1_react,32000,11,react_step,1047,5486,39,stop,False,8792,8792,169.971692699939
c1_react__clustered-n6-t20-o80-s10005__cap32000__Qwen-Qwen3-32B-AWQ,clustered-n6-t20-o80-s10005,c1_react,32000,12,react_step,1106,1418,56,stop,False,2161,2161,44.59233276359737
c1_react__clustered-n6-t20-o80-s10005__cap32000__Qwen-Qwen3-32B-AWQ,clustered-n6-t20-o80-s10005,c1_react,32000,13,finalize,93,0,7,stop,False,850,850,0.27823739778250456
c1_react__clustered-n6-t20-o80-s10005__cap64000__Qwen-Qwen3-32B-AWQ,clustered-n6-t20-o80-s10005,c1_react,64000,0,react_step,225,1177,7,stop,True,63519,32543,34.801197175867856
c1_react__clustered-n6-t20-o80-s10005__cap64000__Qwen-Qwen3-32B-AWQ,clustered-n6-t20-o80-s10005,c1_react,64000,1,react_step,262,599,32,stop,True,62073,32506,18.6081520318985
c1_react__clustered-n6-t20-o80-s10005__cap64000__Qwen-Qwen3-32B-AWQ,clustered-n6-t20-o80-s10005,c1_react,64000,2,react_step,343,349,53,stop,True,61099,32425,11.965224312618375
c1_react__clustered-n6-t20-o80-s10005__cap64000__Qwen-Qwen3-32B-AWQ,clustered-n6-t20-o80-s10005,c1_react,64000,3,react_step,420,576,10,stop,True,60277,32348,17.406319443136454
c1_react__clustered-n6-t20-o80-s10005__cap64000__Qwen-Qwen3-32B-AWQ,clustered-n6-t20-o80-s10005,c1_react,64000,4,react_step,479,614,54,stop,True,59212,32289,19.854312853887677
c1_react__clustered-n6-t20-o80-s10005__cap64000__Qwen-Qwen3-32B-AWQ,clustered-n6-t20-o80-s10005,c1_react,64000,5,react_step,559,428,10,stop,True,57985,32209,13.181377228349447
c1_react__clustered-n6-t20-o80-s10005__cap64000__Qwen-Qwen3-32B-AWQ,clustered-n6-t20-o80-s10005,c1_react,64000,6,react_step,618,1452,10,stop,True,56929,32150,43.59997697919607
c1_react__clustered-n6-t20-o80-s10005__cap64000__Qwen-Qwen3-32B-AWQ,clustered-n6-t20-o80-s10005,c1_react,64000,7,react_step,677,1506,35,stop,True,54790,32091,46.03930693957955
c1_react__clustered-n6-t20-o80-s10005__cap64000__Qwen-Qwen3-32B-AWQ,clustered-n6-t20-o80-s10005,c1_react,64000,8,react_step,761,891,104,stop,True,52488,32007,29.851314328610897
c1_react__clustered-n6-t20-o80-s10005__cap64000__Qwen-Qwen3-32B-AWQ,clustered-n6-t20-o80-s10005,c1_react,64000,9,react_step,891,3692,54,stop,True,50602,31877,113.71950148418546
c1_react__clustered-n6-t20-o80-s10005__cap64000__Qwen-Qwen3-32B-AWQ,clustered-n6-t20-o80-s10005,c1_react,64000,10,react_step,971,3996,50,stop,True,45885,31797,123.2830314124003
c1_react__clustered-n6-t20-o80-s10005__cap64000__Qwen-Qwen3-32B-AWQ,clustered-n6-t20-o80-s10005,c1_react,64000,11,react_step,1047,5486,39,stop,True,40792,31721,170.0530120851472
c1_react__clustered-n6-t20-o80-s10005__cap64000__Qwen-Qwen3-32B-AWQ,clustered-n6-t20-o80-s10005,c1_react,64000,12,react_step,1106,1418,56,stop,True,34161,31662,44.61796085163951
c1_react__clustered-n6-t20-o80-s10005__cap64000__Qwen-Qwen3-32B-AWQ,clustered-n6-t20-o80-s10005,c1_react,64000,13,react_step,1188,4086,58,stop,False,31499,31499,126.93376086745411
c1_react__clustered-n6-t20-o80-s10005__cap64000__Qwen-Qwen3-32B-AWQ,clustered-n6-t20-o80-s10005,c1_react,64000,14,react_step,1272,1818,0,stop,False,26083,26083,55.355470328591764
c1_react__clustered-n6-t20-o80-s10005__cap64000__Qwen-Qwen3-32B-AWQ,clustered-n6-t20-o80-s10005,c1_react,64000,15,finalize,93,0,7,stop,False,24428,24428,0.28406069055199623
c1_react__clustered-n6-t20-o80-s10005__cap8000__Qwen-Qwen3-32B-AWQ,clustered-n6-t20-o80-s10005,c1_react,8000,0,react_step,225,1177,7,stop,False,7519,7519,34.7699511051178
c1_react__clustered-n6-t20-o80-s10005__cap8000__Qwen-Qwen3-32B-AWQ,clustered-n6-t20-o80-s10005,c1_react,8000,1,react_step,262,599,32,stop,False,6073,6073,18.59326030127704
c1_react__clustered-n6-t20-o80-s10005__cap8000__Qwen-Qwen3-32B-AWQ,clustered-n6-t20-o80-s10005,c1_react,8000,2,react_step,343,349,53,stop,False,5099,5099,11.958535478450358
c1_react__clustered-n6-t20-o80-s10005__cap8000__Qwen-Qwen3-32B-AWQ,clustered-n6-t20-o80-s10005,c1_react,8000,3,react_step,420,576,10,stop,False,4277,4277,17.381635966710746
c1_react__clustered-n6-t20-o80-s10005__cap8000__Qwen-Qwen3-32B-AWQ,clustered-n6-t20-o80-s10005,c1_react,8000,4,react_step,479,614,54,stop,False,3212,3212,19.828276901505888
c1_react__clustered-n6-t20-o80-s10005__cap8000__Qwen-Qwen3-32B-AWQ,clustered-n6-t20-o80-s10005,c1_react,8000,5,react_step,559,428,10,stop,False,1985,1985,13.162389542907476
c1_react__clustered-n6-t20-o80-s10005__cap8000__Qwen-Qwen3-32B-AWQ,clustered-n6-t20-o80-s10005,c1_react,8000,6,react_step,618,929,0,length,False,929,929,27.69300734810531
c1_react__clustered-n6-t20-o80-s10005__cap8000__Qwen-Qwen3-32B-AWQ,clustered-n6-t20-o80-s10005,c1_react,8000,7,finalize,93,0,7,stop,False,163,163,0.26174210384488106
c1_react__clustered-n6-t85-o20-s10005__cap16000__Qwen-Qwen3-32B-AWQ,clustered-n6-t85-o20-s10005,c1_react,16000,0,react_step,225,1177,7,stop,False,15519,15519,34.77764477208257
c1_react__clustered-n6-t85-o20-s10005__cap16000__Qwen-Qwen3-32B-AWQ,clustered-n6-t85-o20-s10005,c1_react,16000,1,react_step,262,599,32,stop,False,14073,14073,18.596375794149935
c1_react__clustered-n6-t85-o20-s10005__cap16000__Qwen-Qwen3-32B-AWQ,clustered-n6-t85-o20-s10005,c1_react,16000,2,react_step,344,658,28,stop,False,13098,13098,20.268846280872822
c1_react__clustered-n6-t85-o20-s10005__cap16000__Qwen-Qwen3-32B-AWQ,clustered-n6-t85-o20-s10005,c1_react,16000,3,react_step,422,370,29,stop,False,11990,11990,11.920487755909562
c1_react__clustered-n6-t85-o20-s10005__cap16000__Qwen-Qwen3-32B-AWQ,clustered-n6-t85-o20-s10005,c1_react,16000,4,react_step,501,319,28,stop,False,11090,11090,10.45667386893183
c1_react__clustered-n6-t85-o20-s10005__cap16000__Qwen-Qwen3-32B-AWQ,clustered-n6-t85-o20-s10005,c1_react,16000,5,react_step,579,1620,29,stop,False,10164,10164,49.12173994164914
c1_react__clustered-n6-t85-o20-s10005__cap16000__Qwen-Qwen3-32B-AWQ,clustered-n6-t85-o20-s10005,c1_react,16000,6,react_step,658,963,10,stop,False,7857,7857,29.05060237273574
c1_react__clustered-n6-t85-o20-s10005__cap16000__Qwen-Qwen3-32B-AWQ,clustered-n6-t85-o20-s10005,c1_react,16000,7,react_step,718,2277,97,stop,False,6166,6166,71.21094736643136
c1_react__clustered-n6-t85-o20-s10005__cap16000__Qwen-Qwen3-32B-AWQ,clustered-n6-t85-o20-s10005,c1_react,16000,8,react_step,835,884,43,stop,False,2957,2957,27.899431977421045
c1_react__clustered-n6-t85-o20-s10005__cap16000__Qwen-Qwen3-32B-AWQ,clustered-n6-t85-o20-s10005,c1_react,16000,9,react_step,902,1128,0,length,False,1128,1128,33.978530776686966
c1_react__clustered-n6-t85-o20-s10005__cap16000__Qwen-Qwen3-32B-AWQ,clustered-n6-t85-o20-s10005,c1_react,16000,10,finalize,93,0,7,stop,False,163,163,0.26683680061250925
c1_react__clustered-n6-t85-o20-s10005__cap32000__Qwen-Qwen3-32B-AWQ,clustered-n6-t85-o20-s10005,c1_react,32000,0,react_step,225,1177,7,stop,False,31519,31519,34.8003929881379
c1_react__clustered-n6-t85-o20-s10005__cap32000__Qwen-Qwen3-32B-AWQ,clustered-n6-t85-o20-s10005,c1_react,32000,1,react_step,262,599,32,stop,False,30073,30073,18.603312775492668
c1_react__clustered-n6-t85-o20-s10005__cap32000__Qwen-Qwen3-32B-AWQ,clustered-n6-t85-o20-s10005,c1_react,32000,2,react_step,344,658,28,stop,False,29098,29098,20.2737942840904
c1_react__clustered-n6-t85-o20-s10005__cap32000__Qwen-Qwen3-32B-AWQ,clustered-n6-t85-o20-s10005,c1_react,32000,3,react_step,422,370,29,stop,False,27990,27990,11.923236167058349
c1_react__clustered-n6-t85-o20-s10005__cap32000__Qwen-Qwen3-32B-AWQ,clustered-n6-t85-o20-s10005,c1_react,32000,4,react_step,501,319,28,stop,False,27090,27090,10.466078890487552
c1_react__clustered-n6-t85-o20-s10005__cap32000__Qwen-Qwen3-32B-AWQ,clustered-n6-t85-o20-s10005,c1_react,32000,5,react_step,579,1620,29,stop,False,26164,26164,49.13688591495156
c1_react__clustered-n6-t85-o20-s10005__cap32000__Qwen-Qwen3-32B-AWQ,clustered-n6-t85-o20-s10005,c1_react,32000,6,react_step,658,963,10,stop,False,23857,23857,29.076994093135
c1_react__clustered-n6-t85-o20-s10005__cap32000__Qwen-Qwen3-32B-AWQ,clustered-n6-t85-o20-s10005,c1_react,32000,7,react_step,718,2277,97,stop,False,22166,22166,71.282401365228
c1_react__clustered-n6-t85-o20-s10005__cap32000__Qwen-Qwen3-32B-AWQ,clustered-n6-t85-o20-s10005,c1_react,32000,8,react_step,835,884,43,stop,False,18957,18957,27.921198865398765
c1_react__clustered-n6-t85-o20-s10005__cap32000__Qwen-Qwen3-32B-AWQ,clustered-n6-t85-o20-s10005,c1_react,32000,9,react_step,902,1566,86,stop,False,17128,17128,49.67749432940036
c1_react__clustered-n6-t85-o20-s10005__cap32000__Qwen-Qwen3-32B-AWQ,clustered-n6-t85-o20-s10005,c1_react,32000,10,react_step,1014,1223,108,stop,False,14462,14462,40.19495649635792
c1_react__clustered-n6-t85-o20-s10005__cap32000__Qwen-Qwen3-32B-AWQ,clustered-n6-t85-o20-s10005,c1_react,32000,11,react_step,1148,4980,83,stop,False,11983,11983,155.70798392873257
c1_react__clustered-n6-t85-o20-s10005__cap32000__Qwen-Qwen3-32B-AWQ,clustered-n6-t85-o20-s10005,c1_react,32000,12,react_step,1251,2410,5,stop,False,5669,5669,73.52354062628001
c1_react__clustered-n6-t85-o20-s10005__cap32000__Qwen-Qwen3-32B-AWQ,clustered-n6-t85-o20-s10005,c1_react,32000,13,finalize,93,0,7,stop,False,3417,3417,0.2838643742725253
c1_react__clustered-n6-t85-o20-s10005__cap64000__Qwen-Qwen3-32B-AWQ,clustered-n6-t85-o20-s10005,c1_react,64000,0,react_step,225,1177,7,stop,True,63519,32543,34.820037682540715
c1_react__clustered-n6-t85-o20-s10005__cap64000__Qwen-Qwen3-32B-AWQ,clustered-n6-t85-o20-s10005,c1_react,64000,1,react_step,262,599,32,stop,True,62073,32506,18.611608432605863
c1_react__clustered-n6-t85-o20-s10005__cap64000__Qwen-Qwen3-32B-AWQ,clustered-n6-t85-o20-s10005,c1_react,64000,2,react_step,344,658,28,stop,True,61098,32424,20.27738641295582
c1_react__clustered-n6-t85-o20-s10005__cap64000__Qwen-Qwen3-32B-AWQ,clustered-n6-t85-o20-s10005,c1_react,64000,3,react_step,422,370,29,stop,True,59990,32346,11.924529264681041
c1_react__clustered-n6-t85-o20-s10005__cap64000__Qwen-Qwen3-32B-AWQ,clustered-n6-t85-o20-s10005,c1_react,64000,4,react_step,501,319,28,stop,True,59090,32267,10.468696896918118
c1_react__clustered-n6-t85-o20-s10005__cap64000__Qwen-Qwen3-32B-AWQ,clustered-n6-t85-o20-s10005,c1_react,64000,5,react_step,579,1620,29,stop,True,58164,32189,49.16690199542791
c1_react__clustered-n6-t85-o20-s10005__cap64000__Qwen-Qwen3-32B-AWQ,clustered-n6-t85-o20-s10005,c1_react,64000,6,react_step,658,963,10,stop,True,55857,32110,29.07774791494012
c1_react__clustered-n6-t85-o20-s10005__cap64000__Qwen-Qwen3-32B-AWQ,clustered-n6-t85-o20-s10005,c1_react,64000,7,react_step,718,2277,97,stop,True,54166,32050,71.3045148756355
c1_react__clustered-n6-t85-o20-s10005__cap64000__Qwen-Qwen3-32B-AWQ,clustered-n6-t85-o20-s10005,c1_react,64000,8,react_step,835,884,43,stop,True,50957,31933,27.932707297615707
c1_react__clustered-n6-t85-o20-s10005__cap64000__Qwen-Qwen3-32B-AWQ,clustered-n6-t85-o20-s10005,c1_react,64000,9,react_step,902,1566,86,stop,True,49128,31866,49.684510870836675
c1_react__clustered-n6-t85-o20-s10005__cap64000__Qwen-Qwen3-32B-AWQ,clustered-n6-t85-o20-s10005,c1_react,64000,10,react_step,1014,1223,108,stop,True,46462,31754,40.21375564299524
c1_react__clustered-n6-t85-o20-s10005__cap64000__Qwen-Qwen3-32B-AWQ,clustered-n6-t85-o20-s10005,c1_react,64000,11,react_step,1148,4980,83,stop,True,43983,31620,155.715464906767
c1_react__clustered-n6-t85-o20-s10005__cap64000__Qwen-Qwen3-32B-AWQ,clustered-n6-t85-o20-s10005,c1_react,64000,12,react_step,1251,2410,5,stop,True,37669,31517,73.55684654414654
c1_react__clustered-n6-t85-o20-s10005__cap64000__Qwen-Qwen3-32B-AWQ,clustered-n6-t85-o20-s10005,c1_react,64000,13,finalize,93,0,7,stop,True,35417,32675,0.2841163845732808
c1_react__clustered-n6-t85-o20-s10005__cap8000__Qwen-Qwen3-32B-AWQ,clustered-n6-t85-o20-s10005,c1_react,8000,0,react_step,225,1177,7,stop,False,7519,7519,34.78419768624008
c1_react__clustered-n6-t85-o20-s10005__cap8000__Qwen-Qwen3-32B-AWQ,clustered-n6-t85-o20-s10005,c1_react,8000,1,react_step,262,599,32,stop,False,6073,6073,18.59376995265484
c1_react__clustered-n6-t85-o20-s10005__cap8000__Qwen-Qwen3-32B-AWQ,clustered-n6-t85-o20-s10005,c1_react,8000,2,react_step,344,658,28,stop,False,5098,5098,20.26798892300576
c1_react__clustered-n6-t85-o20-s10005__cap8000__Qwen-Qwen3-32B-AWQ,clustered-n6-t85-o20-s10005,c1_react,8000,3,react_step,422,370,29,stop,False,3990,3990,11.916114126332104
c1_react__clustered-n6-t85-o20-s10005__cap8000__Qwen-Qwen3-32B-AWQ,clustered-n6-t85-o20-s10005,c1_react,8000,4,react_step,501,319,28,stop,False,3090,3090,10.458136751316488
c1_react__clustered-n6-t85-o20-s10005__cap8000__Qwen-Qwen3-32B-AWQ,clustered-n6-t85-o20-s10005,c1_react,8000,5,react_step,579,1620,29,stop,False,2164,2164,49.1088576996699
c1_react__clustered-n6-t85-o20-s10005__cap8000__Qwen-Qwen3-32B-AWQ,clustered-n6-t85-o20-s10005,c1_react,8000,6,finalize,93,0,7,stop,False,678,678,0.28104969300329685
c1_react__clustered-n8-t100-o20-s10005__cap16000__Qwen-Qwen3-32B-AWQ,clustered-n8-t100-o20-s10005,c1_react,16000,0,react_step,225,1177,7,stop,False,15519,15519,34.78472730424255
c1_react__clustered-n8-t100-o20-s10005__cap16000__Qwen-Qwen3-32B-AWQ,clustered-n8-t100-o20-s10005,c1_react,16000,1,react_step,268,1172,10,stop,False,14067,14067,34.79948298726231
c1_react__clustered-n8-t100-o20-s10005__cap16000__Qwen-Qwen3-32B-AWQ,clustered-n8-t100-o20-s10005,c1_react,16000,2,react_step,328,665,13,stop,False,12557,12557,20.02409816533327
c1_react__clustered-n8-t100-o20-s10005__cap16000__Qwen-Qwen3-32B-AWQ,clustered-n8-t100-o20-s10005,c1_react,16000,3,react_step,365,676,10,stop,False,11514,11514,20.278065798804164
c1_react__clustered-n8-t100-o20-s10005__cap16000__Qwen-Qwen3-32B-AWQ,clustered-n8-t100-o20-s10005,c1_react,16000,4,react_step,425,1134,13,stop,False,10403,10403,33.930968441069126
c1_react__clustered-n8-t100-o20-s10005__cap16000__Qwen-Qwen3-32B-AWQ,clustered-n8-t100-o20-s10005,c1_react,16000,5,react_step,462,1096,15,stop,False,8794,8794,32.92113738600165
c1_react__clustered-n8-t100-o20-s10005__cap16000__Qwen-Qwen3-32B-AWQ,clustered-n8-t100-o20-s10005,c1_react,16000,6,react_step,503,982,41,stop,False,7180,7180,30.36005567200482
c1_react__clustered-n8-t100-o20-s10005__cap16000__Qwen-Qwen3-32B-AWQ,clustered-n8-t100-o20-s10005,c1_react,16000,7,react_step,593,939,13,stop,False,5564,5564,28.372591452673078
c1_react__clustered-n8-t100-o20-s10005__cap16000__Qwen-Qwen3-32B-AWQ,clustered-n8-t100-o20-s10005,c1_react,16000,8,react_step,630,564,15,stop,False,3982,3982,17.369803716428578
c1_react__clustered-n8-t100-o20-s10005__cap16000__Qwen-Qwen3-32B-AWQ,clustered-n8-t100-o20-s10005,c1_react,16000,9,react_step,671,1052,43,stop,False,2732,2732,32.70784320496023
c1_react__clustered-n8-t100-o20-s10005__cap16000__Qwen-Qwen3-32B-AWQ,clustered-n8-t100-o20-s10005,c1_react,16000,10,react_step,764,873,0,length,False,873,873,26.219731386750937
c1_react__clustered-n8-t100-o20-s10005__cap16000__Qwen-Qwen3-32B-AWQ,clustered-n8-t100-o20-s10005,c1_react,16000,11,finalize,93,0,7,stop,False,163,163,0.26569190714508295
c1_react__clustered-n8-t100-o20-s10005__cap32000__Qwen-Qwen3-32B-AWQ,clustered-n8-t100-o20-s10005,c1_react,32000,0,react_step,225,1177,7,stop,False,31519,31519,34.78810715023428
c1_react__clustered-n8-t100-o20-s10005__cap32000__Qwen-Qwen3-32B-AWQ,clustered-n8-t100-o20-s10005,c1_react,32000,1,react_step,268,1172,10,stop,False,30067,30067,34.81829985510558
c1_react__clustered-n8-t100-o20-s10005__cap32000__Qwen-Qwen3-32B-AWQ,clustered-n8-t100-o20-s10005,c1_react,32000,2,react_step,328,665,13,stop,False,28557,28557,20.026353491470218
c1_react__clustered-n8-t100-o20-s10005__cap32000__Qwen-Qwen3-32B-AWQ,clustered-n8-t100-o20-s10005,c1_react,32000,3,react_step,365,676,10,stop,False,27514,27514,20.28444912005216
c1_react__clustered-n8-t100-o20-s10005__cap32000__Qwen-Qwen3-32B-AWQ,clustered-n8-t100-o20-s10005,c1_react,32000,4,react_step,425,1134,13,stop,False,26403,26403,33.944308096542954
c1_react__clustered-n8-t100-o20-s10005__cap32000__Qwen-Qwen3-32B-AWQ,clustered-n8-t100-o20-s10005,c1_react,32000,5,react_step,462,1096,15,stop,False,24794,24794,32.930668563582
c1_react__clustered-n8-t100-o20-s10005__cap32000__Qwen-Qwen3-32B-AWQ,clustered-n8-t100-o20-s10005,c1_react,32000,6,react_step,503,982,41,stop,False,23180,23180,30.355559303425252
c1_react__clustered-n8-t100-o20-s10005__cap32000__Qwen-Qwen3-32B-AWQ,clustered-n8-t100-o20-s10005,c1_react,32000,7,react_step,593,939,13,stop,False,21564,21564,28.36935558449477
c1_react__clustered-n8-t100-o20-s10005__cap32000__Qwen-Qwen3-32B-AWQ,clustered-n8-t100-o20-s10005,c1_react,32000,8,react_step,630,564,15,stop,False,19982,19982,17.37232377193868
c1_react__clustered-n8-t100-o20-s10005__cap32000__Qwen-Qwen3-32B-AWQ,clustered-n8-t100-o20-s10005,c1_react,32000,9,react_step,671,1052,43,stop,False,18732,18732,32.69586992170662
c1_react__clustered-n8-t100-o20-s10005__cap32000__Qwen-Qwen3-32B-AWQ,clustered-n8-t100-o20-s10005,c1_react,32000,10,react_step,764,1079,13,stop,False,16873,16873,32.73516222462058
c1_react__clustered-n8-t100-o20-s10005__cap32000__Qwen-Qwen3-32B-AWQ,clustered-n8-t100-o20-s10005,c1_react,32000,11,react_step,801,1501,43,stop,False,14980,14980,46.30583055038005
c1_react__clustered-n8-t100-o20-s10005__cap32000__Qwen-Qwen3-32B-AWQ,clustered-n8-t100-o20-s10005,c1_react,32000,12,react_step,894,1113,13,stop,False,12542,12542,33.90709751006216
c1_react__clustered-n8-t100-o20-s10005__cap32000__Qwen-Qwen3-32B-AWQ,clustered-n8-t100-o20-s10005,c1_react,32000,13,react_step,931,890,10,stop,False,10485,10485,27.221001017838717
c1_react__clustered-n8-t100-o20-s10005__cap32000__Qwen-Qwen3-32B-AWQ,clustered-n8-t100-o20-s10005,c1_react,32000,14,react_step,989,713,10,stop,False,8596,8596,22.01731931976974
c1_react__clustered-n8-t100-o20-s10005__cap32000__Qwen-Qwen3-32B-AWQ,clustered-n8-t100-o20-s10005,c1_react,32000,15,react_step,1049,1471,13,stop,False,6824,6824,44.82526413165033
c1_react__clustered-n8-t100-o20-s10005__cap32000__Qwen-Qwen3-32B-AWQ,clustered-n8-t100-o20-s10005,c1_react,32000,16,react_step,1086,4254,0,length,False,4254,4254,130.0791784748435
c1_react__clustered-n8-t100-o20-s10005__cap32000__Qwen-Qwen3-32B-AWQ,clustered-n8-t100-o20-s10005,c1_react,32000,17,finalize,93,0,7,stop,False,163,163,0.26434752717614174
c1_react__clustered-n8-t100-o20-s10005__cap64000__Qwen-Qwen3-32B-AWQ,clustered-n8-t100-o20-s10005,c1_react,64000,0,react_step,225,1177,7,stop,True,63519,32543,34.818299708887935
c1_react__clustered-n8-t100-o20-s10005__cap64000__Qwen-Qwen3-32B-AWQ,clustered-n8-t100-o20-s10005,c1_react,64000,1,react_step,268,1172,10,stop,True,62067,32500,34.839830024167895
c1_react__clustered-n8-t100-o20-s10005__cap64000__Qwen-Qwen3-32B-AWQ,clustered-n8-t100-o20-s10005,c1_react,64000,2,react_step,328,665,13,stop,True,60557,32440,20.047719057649374
c1_react__clustered-n8-t100-o20-s10005__cap64000__Qwen-Qwen3-32B-AWQ,clustered-n8-t100-o20-s10005,c1_react,64000,3,react_step,365,676,10,stop,True,59514,32403,20.297098151408136
c1_react__clustered-n8-t100-o20-s10005__cap64000__Qwen-Qwen3-32B-AWQ,clustered-n8-t100-o20-s10005,c1_react,64000,4,react_step,425,1134,13,stop,True,58403,32343,33.96060025226325
c1_react__clustered-n8-t100-o20-s10005__cap64000__Qwen-Qwen3-32B-AWQ,clustered-n8-t100-o20-s10005,c1_react,64000,5,react_step,462,1096,15,stop,True,56794,32306,32.94712339434773
c1_react__clustered-n8-t100-o20-s10005__cap64000__Qwen-Qwen3-32B-AWQ,clustered-n8-t100-o20-s10005,c1_react,64000,6,react_step,503,982,41,stop,True,55180,32265,30.378911012783647
c1_react__clustered-n8-t100-o20-s10005__cap64000__Qwen-Qwen3-32B-AWQ,clustered-n8-t100-o20-s10005,c1_react,64000,7,react_step,593,939,13,stop,True,53564,32175,28.389422044157982
c1_react__clustered-n8-t100-o20-s10005__cap64000__Qwen-Qwen3-32B-AWQ,clustered-n8-t100-o20-s10005,c1_react,64000,8,react_step,630,564,15,stop,True,51982,32138,17.382119826972485
c1_react__clustered-n8-t100-o20-s10005__cap64000__Qwen-Qwen3-32B-AWQ,clustered-n8-t100-o20-s10005,c1_react,64000,9,react_step,671,1052,43,stop,True,50732,32097,32.720359596423805
c1_react__clustered-n8-t100-o20-s10005__cap64000__Qwen-Qwen3-32B-AWQ,clustered-n8-t100-o20-s10005,c1_react,64000,10,react_step,764,1079,13,stop,True,48873,32004,32.74544813577086
c1_react__clustered-n8-t100-o20-s10005__cap64000__Qwen-Qwen3-32B-AWQ,clustered-n8-t100-o20-s10005,c1_react,64000,11,react_step,801,1501,43,stop,True,46980,31967,46.309425403364
c1_react__clustered-n8-t100-o20-s10005__cap64000__Qwen-Qwen3-32B-AWQ,clustered-n8-t100-o20-s10005,c1_react,64000,12,react_step,894,1113,13,stop,True,44542,31874,33.9269008776173
c1_react__clustered-n8-t100-o20-s10005__cap64000__Qwen-Qwen3-32B-AWQ,clustered-n8-t100-o20-s10005,c1_react,64000,13,react_step,931,890,10,stop,True,42485,31837,27.237308665178716
c1_react__clustered-n8-t100-o20-s10005__cap64000__Qwen-Qwen3-32B-AWQ,clustered-n8-t100-o20-s10005,c1_react,64000,14,react_step,989,713,10,stop,True,40596,31779,22.03279386088252
c1_react__clustered-n8-t100-o20-s10005__cap64000__Qwen-Qwen3-32B-AWQ,clustered-n8-t100-o20-s10005,c1_react,64000,15,react_step,1049,1471,13,stop,True,38824,31719,44.843570922501385
c1_react__clustered-n8-t100-o20-s10005__cap64000__Qwen-Qwen3-32B-AWQ,clustered-n8-t100-o20-s10005,c1_react,64000,16,react_step,1086,14135,32,stop,True,36254,31682,458.8274592962116
c1_react__clustered-n8-t100-o20-s10005__cap64000__Qwen-Qwen3-32B-AWQ,clustered-n8-t100-o20-s10005,c1_react,64000,17,react_step,1138,1609,44,stop,False,20949,20949,50.11617529951036
c1_react__clustered-n8-t100-o20-s10005__cap64000__Qwen-Qwen3-32B-AWQ,clustered-n8-t100-o20-s10005,c1_react,64000,18,react_step,1232,7010,32,stop,False,18064,18064,219.45483427587897
c1_react__clustered-n8-t100-o20-s10005__cap64000__Qwen-Qwen3-32B-AWQ,clustered-n8-t100-o20-s10005,c1_react,64000,19,react_step,1284,4063,420,stop,False,9738,9738,137.8944922592491
c1_react__clustered-n8-t100-o20-s10005__cap64000__Qwen-Qwen3-32B-AWQ,clustered-n8-t100-o20-s10005,c1_react,64000,20,react_step,1729,702,263,stop,False,3526,3526,30.044661165215075
c1_react__clustered-n8-t100-o20-s10005__cap64000__Qwen-Qwen3-32B-AWQ,clustered-n8-t100-o20-s10005,c1_react,64000,21,react_step,2012,549,0,length,False,549,549,17.77132243849337
c1_react__clustered-n8-t100-o20-s10005__cap64000__Qwen-Qwen3-32B-AWQ,clustered-n8-t100-o20-s10005,c1_react,64000,22,finalize,117,0,73,stop,False,139,139,2.194661596789956
c1_react__clustered-n8-t100-o20-s10005__cap8000__Qwen-Qwen3-32B-AWQ,clustered-n8-t100-o20-s10005,c1_react,8000,0,react_step,225,1177,7,stop,False,7519,7519,34.780736193060875
c1_react__clustered-n8-t100-o20-s10005__cap8000__Qwen-Qwen3-32B-AWQ,clustered-n8-t100-o20-s10005,c1_react,8000,1,react_step,268,1172,10,stop,False,6067,6067,34.805558933876455
c1_react__clustered-n8-t100-o20-s10005__cap8000__Qwen-Qwen3-32B-AWQ,clustered-n8-t100-o20-s10005,c1_react,8000,2,react_step,328,665,13,stop,False,4557,4557,20.029619773849845
c1_react__clustered-n8-t100-o20-s10005__cap8000__Qwen-Qwen3-32B-AWQ,clustered-n8-t100-o20-s10005,c1_react,8000,3,react_step,365,676,10,stop,False,3514,3514,20.280515549704432
c1_react__clustered-n8-t100-o20-s10005__cap8000__Qwen-Qwen3-32B-AWQ,clustered-n8-t100-o20-s10005,c1_react,8000,4,react_step,425,1134,13,stop,False,2403,2403,33.92629183828831
c1_react__clustered-n8-t100-o20-s10005__cap8000__Qwen-Qwen3-32B-AWQ,clustered-n8-t100-o20-s10005,c1_react,8000,5,react_step,462,794,0,length,False,794,794,23.52213486470282
c1_react__clustered-n8-t100-o20-s10005__cap8000__Qwen-Qwen3-32B-AWQ,clustered-n8-t100-o20-s10005,c1_react,8000,6,finalize,93,0,7,stop,False,163,163,0.2625125478953123
c1_react__clustered-n8-t100-o80-s10005__cap16000__Qwen-Qwen3-32B-AWQ,clustered-n8-t100-o80-s10005,c1_react,16000,0,react_step,225,1177,7,stop,False,15519,15519,34.7883724598214
c1_react__clustered-n8-t100-o80-s10005__cap16000__Qwen-Qwen3-32B-AWQ,clustered-n8-t100-o80-s10005,c1_react,16000,1,react_step,268,1172,10,stop,False,14067,14067,34.81557080335915
c1_react__clustered-n8-t100-o80-s10005__cap16000__Qwen-Qwen3-32B-AWQ,clustered-n8-t100-o80-s10005,c1_react,16000,2,react_step,328,295,13,stop,False,12557,12557,9.215428838506341
c1_react__clustered-n8-t100-o80-s10005__cap16000__Qwen-Qwen3-32B-AWQ,clustered-n8-t100-o80-s10005,c1_react,16000,3,react_step,365,554,66,stop,False,11884,11884,18.349514258094132
c1_react__clustered-n8-t100-o80-s10005__cap16000__Qwen-Qwen3-32B-AWQ,clustered-n8-t100-o80-s10005,c1_react,16000,4,react_step,481,462,13,stop,False,10783,10783,14.191274472512305
c1_react__clustered-n8-t100-o80-s10005__cap16000__Qwen-Qwen3-32B-AWQ,clustered-n8-t100-o80-s10005,c1_react,16000,5,react_step,518,621,107,stop,False,9790,9790,21.65760212019086
c1_react__clustered-n8-t100-o80-s10005__cap16000__Qwen-Qwen3-32B-AWQ,clustered-n8-t100-o80-s10005,c1_react,16000,6,react_step,651,820,54,stop,False,8411,8411,26.12046276126057
c1_react__clustered-n8-t100-o80-s10005__cap16000__Qwen-Qwen3-32B-AWQ,clustered-n8-t100-o80-s10005,c1_react,16000,7,react_step,755,585,13,stop,False,6782,6782,18.0446193004027
c1_react__clustered-n8-t100-o80-s10005__cap16000__Qwen-Qwen3-32B-AWQ,clustered-n8-t100-o80-s10005,c1_react,16000,8,react_step,792,2091,15,stop,False,5392,5392,63.25119047425687
c1_react__clustered-n8-t100-o80-s10005__cap16000__Qwen-Qwen3-32B-AWQ,clustered-n8-t100-o80-s10005,c1_react,16000,9,react_step,833,2453,0,length,False,2453,2453,73.92385300435126
c1_react__clustered-n8-t100-o80-s10005__cap16000__Qwen-Qwen3-32B-AWQ,clustered-n8-t100-o80-s10005,c1_react,16000,10,finalize,93,0,7,stop,False,163,163,0.26431156788021326
c1_react__clustered-n8-t100-o80-s10005__cap32000__Qwen-Qwen3-32B-AWQ,clustered-n8-t100-o80-s10005,c1_react,32000,0,react_step,225,1177,7,stop,False,31519,31519,34.79723041318357
c1_react__clustered-n8-t100-o80-s10005__cap32000__Qwen-Qwen3-32B-AWQ,clustered-n8-t100-o80-s10005,c1_react,32000,1,react_step,268,1172,10,stop,False,30067,30067,34.822537587955594
c1_react__clustered-n8-t100-o80-s10005__cap32000__Qwen-Qwen3-32B-AWQ,clustered-n8-t100-o80-s10005,c1_react,32000,2,react_step,328,295,13,stop,False,28557,28557,9.217749273404479
c1_react__clustered-n8-t100-o80-s10005__cap32000__Qwen-Qwen3-32B-AWQ,clustered-n8-t100-o80-s10005,c1_react,32000,3,react_step,365,554,66,stop,False,27884,27884,18.35697202477604
c1_react__clustered-n8-t100-o80-s10005__cap32000__Qwen-Qwen3-32B-AWQ,clustered-n8-t100-o80-s10005,c1_react,32000,4,react_step,481,462,13,stop,False,26783,26783,14.197114324197173
c1_react__clustered-n8-t100-o80-s10005__cap32000__Qwen-Qwen3-32B-AWQ,clustered-n8-t100-o80-s10005,c1_react,32000,5,react_step,518,621,107,stop,False,25790,25790,21.660687717609107
c1_react__clustered-n8-t100-o80-s10005__cap32000__Qwen-Qwen3-32B-AWQ,clustered-n8-t100-o80-s10005,c1_react,32000,6,react_step,651,820,54,stop,False,24411,24411,26.126778055913746
c1_react__clustered-n8-t100-o80-s10005__cap32000__Qwen-Qwen3-32B-AWQ,clustered-n8-t100-o80-s10005,c1_react,32000,7,react_step,755,585,13,stop,False,22782,22782,18.049716281704605
c1_react__clustered-n8-t100-o80-s10005__cap32000__Qwen-Qwen3-32B-AWQ,clustered-n8-t100-o80-s10005,c1_react,32000,8,react_step,792,2091,15,stop,False,21392,21392,63.223049278371036
c1_react__clustered-n8-t100-o80-s10005__cap32000__Qwen-Qwen3-32B-AWQ,clustered-n8-t100-o80-s10005,c1_react,32000,9,react_step,833,2455,109,stop,False,18453,18453,77.27203633170575
c1_react__clustered-n8-t100-o80-s10005__cap32000__Qwen-Qwen3-32B-AWQ,clustered-n8-t100-o80-s10005,c1_react,32000,10,react_step,992,1924,10,stop,False,14897,14897,58.36657823994756
c1_react__clustered-n8-t100-o80-s10005__cap32000__Qwen-Qwen3-32B-AWQ,clustered-n8-t100-o80-s10005,c1_react,32000,11,react_step,1052,1587,10,stop,False,11911,11911,48.22628373745829
c1_react__clustered-n8-t100-o80-s10005__cap32000__Qwen-Qwen3-32B-AWQ,clustered-n8-t100-o80-s10005,c1_react,32000,12,react_step,1112,415,15,stop,False,9202,9202,13.44894439727068
c1_react__clustered-n8-t100-o80-s10005__cap32000__Qwen-Qwen3-32B-AWQ,clustered-n8-t100-o80-s10005,c1_react,32000,13,react_step,1153,3094,60,stop,False,7619,7619,96.01441993378103
c1_react__clustered-n8-t100-o80-s10005__cap32000__Qwen-Qwen3-32B-AWQ,clustered-n8-t100-o80-s10005,c1_react,32000,14,react_step,1237,3228,0,length,False,3228,3228,98.45438442658633
c1_react__clustered-n8-t100-o80-s10005__cap32000__Qwen-Qwen3-32B-AWQ,clustered-n8-t100-o80-s10005,c1_react,32000,15,finalize,93,0,7,stop,False,163,163,0.2632440673187375
c1_react__clustered-n8-t100-o80-s10005__cap64000__Qwen-Qwen3-32B-AWQ,clustered-n8-t100-o80-s10005,c1_react,64000,0,react_step,225,1177,7,stop,True,63519,32543,34.82301430217922
c1_react__clustered-n8-t100-o80-s10005__cap64000__Qwen-Qwen3-32B-AWQ,clustered-n8-t100-o80-s10005,c1_react,64000,1,react_step,268,1172,10,stop,True,62067,32500,34.84104538615793
c1_react__clustered-n8-t100-o80-s10005__cap64000__Qwen-Qwen3-32B-AWQ,clustered-n8-t100-o80-s10005,c1_react,64000,2,react_step,328,295,13,stop,True,60557,32440,9.22213335800916
c1_react__clustered-n8-t100-o80-s10005__cap64000__Qwen-Qwen3-32B-AWQ,clustered-n8-t100-o80-s10005,c1_react,64000,3,react_step,365,554,66,stop,True,59884,32403,18.36588374711573
c1_react__clustered-n8-t100-o80-s10005__cap64000__Qwen-Qwen3-32B-AWQ,clustered-n8-t100-o80-s10005,c1_react,64000,4,react_step,481,462,13,stop,True,58783,32287,14.200912514701486
c1_react__clustered-n8-t100-o80-s10005__cap64000__Qwen-Qwen3-32B-AWQ,clustered-n8-t100-o80-s10005,c1_react,64000,5,react_step,518,621,107,stop,True,57790,32250,21.675153203308582
c1_react__clustered-n8-t100-o80-s10005__cap64000__Qwen-Qwen3-32B-AWQ,clustered-n8-t100-o80-s10005,c1_react,64000,6,react_step,651,820,54,stop,True,56411,32117,26.133226143196225
c1_react__clustered-n8-t100-o80-s10005__cap64000__Qwen-Qwen3-32B-AWQ,clustered-n8-t100-o80-s10005,c1_react,64000,7,react_step,755,585,13,stop,True,54782,32013,18.053403549827635
c1_react__clustered-n8-t100-o80-s10005__cap64000__Qwen-Qwen3-32B-AWQ,clustered-n8-t100-o80-s10005,c1_react,64000,8,react_step,792,2091,15,stop,True,53392,31976,63.27866244036704
c1_react__clustered-n8-t100-o80-s10005__cap64000__Qwen-Qwen3-32B-AWQ,clustered-n8-t100-o80-s10005,c1_react,64000,9,react_step,833,2455,109,stop,True,50453,31935,77.33717828337103
c1_react__clustered-n8-t100-o80-s10005__cap64000__Qwen-Qwen3-32B-AWQ,clustered-n8-t100-o80-s10005,c1_react,64000,10,react_step,992,1924,10,stop,True,46897,31776,58.39723035506904
c1_react__clustered-n8-t100-o80-s10005__cap64000__Qwen-Qwen3-32B-AWQ,clustered-n8-t100-o80-s10005,c1_react,64000,11,react_step,1052,1587,10,stop,True,43911,31716,48.24981970153749
c1_react__clustered-n8-t100-o80-s10005__cap64000__Qwen-Qwen3-32B-AWQ,clustered-n8-t100-o80-s10005,c1_react,64000,12,react_step,1112,415,15,stop,True,41202,31656,13.456922331824899
c1_react__clustered-n8-t100-o80-s10005__cap64000__Qwen-Qwen3-32B-AWQ,clustered-n8-t100-o80-s10005,c1_react,64000,13,react_step,1153,3094,60,stop,True,39619,31615,96.05826300941408
c1_react__clustered-n8-t100-o80-s10005__cap64000__Qwen-Qwen3-32B-AWQ,clustered-n8-t100-o80-s10005,c1_react,64000,14,react_step,1237,7028,114,stop,True,35228,31531,222.750034163706
c1_react__clustered-n8-t100-o80-s10005__cap64000__Qwen-Qwen3-32B-AWQ,clustered-n8-t100-o80-s10005,c1_react,64000,15,react_step,1371,4226,5,stop,False,26715,26715,130.17838232498616
c1_react__clustered-n8-t100-o80-s10005__cap64000__Qwen-Qwen3-32B-AWQ,clustered-n8-t100-o80-s10005,c1_react,64000,16,finalize,104,0,7,stop,False,22636,22636,0.29148814734071493
c1_react__clustered-n8-t100-o80-s10005__cap8000__Qwen-Qwen3-32B-AWQ,clustered-n8-t100-o80-s10005,c1_react,8000,0,react_step,225,1177,7,stop,False,7519,7519,34.7778651881963
c1_react__clustered-n8-t100-o80-s10005__cap8000__Qwen-Qwen3-32B-AWQ,clustered-n8-t100-o80-s10005,c1_react,8000,1,react_step,268,1172,10,stop,False,6067,6067,34.782892905175686
c1_react__clustered-n8-t100-o80-s10005__cap8000__Qwen-Qwen3-32B-AWQ,clustered-n8-t100-o80-s10005,c1_react,8000,2,react_step,328,295,13,stop,False,4557,4557,9.213497349061072
c1_react__clustered-n8-t100-o80-s10005__cap8000__Qwen-Qwen3-32B-AWQ,clustered-n8-t100-o80-s10005,c1_react,8000,3,react_step,365,554,66,stop,False,3884,3884,18.336837789043784
c1_react__clustered-n8-t100-o80-s10005__cap8000__Qwen-Qwen3-32B-AWQ,clustered-n8-t100-o80-s10005,c1_react,8000,4,react_step,481,462,13,stop,False,2783,2783,14.181261273100972
c1_react__clustered-n8-t100-o80-s10005__cap8000__Qwen-Qwen3-32B-AWQ,clustered-n8-t100-o80-s10005,c1_react,8000,5,react_step,518,621,107,stop,False,1790,1790,21.6413795016706
c1_react__clustered-n8-t100-o80-s10005__cap8000__Qwen-Qwen3-32B-AWQ,clustered-n8-t100-o80-s10005,c1_react,8000,6,react_step,651,411,0,length,False,411,411,12.443240107037127
c1_react__clustered-n8-t100-o80-s10005__cap8000__Qwen-Qwen3-32B-AWQ,clustered-n8-t100-o80-s10005,c1_react,8000,7,finalize,93,0,7,stop,False,163,163,0.26289876364171505
c1_react__clustered-n8-t20-o20-s10005__cap16000__Qwen-Qwen3-32B-AWQ,clustered-n8-t20-o20-s10005,c1_react,16000,0,react_step,225,1177,7,stop,False,15519,15519,34.77400107122958
c1_react__clustered-n8-t20-o20-s10005__cap16000__Qwen-Qwen3-32B-AWQ,clustered-n8-t20-o20-s10005,c1_react,16000,1,react_step,268,1172,10,stop,False,14067,14067,34.80260758474469
c1_react__clustered-n8-t20-o20-s10005__cap16000__Qwen-Qwen3-32B-AWQ,clustered-n8-t20-o20-s10005,c1_react,16000,2,react_step,327,362,56,stop,False,12558,12558,12.416696093976498
c1_react__clustered-n8-t20-o20-s10005__cap16000__Qwen-Qwen3-32B-AWQ,clustered-n8-t20-o20-s10005,c1_react,16000,3,react_step,407,482,70,stop,False,11733,11733,16.381678013131022
c1_react__clustered-n8-t20-o20-s10005__cap16000__Qwen-Qwen3-32B-AWQ,clustered-n8-t20-o20-s10005,c1_react,16000,4,react_step,526,642,82,stop,False,10655,10655,21.539859926328063
c1_react__clustered-n8-t20-o20-s10005__cap16000__Qwen-Qwen3-32B-AWQ,clustered-n8-t20-o20-s10005,c1_react,16000,5,react_step,634,792,10,stop,False,9297,9297,23.959249448031187
c1_react__clustered-n8-t20-o20-s10005__cap16000__Qwen-Qwen3-32B-AWQ,clustered-n8-t20-o20-s10005,c1_react,16000,6,react_step,693,1527,55,stop,False,7802,7802,47.23656777665019
c1_react__clustered-n8-t20-o20-s10005__cap16000__Qwen-Qwen3-32B-AWQ,clustered-n8-t20-o20-s10005,c1_react,16000,7,react_step,774,967,57,stop,False,5446,5446,30.71750871371478
c1_react__clustered-n8-t20-o20-s10005__cap16000__Qwen-Qwen3-32B-AWQ,clustered-n8-t20-o20-s10005,c1_react,16000,8,react_step,880,774,15,stop,False,3542,3542,23.83459823206067
c1_react__clustered-n8-t20-o20-s10005__cap16000__Qwen-Qwen3-32B-AWQ,clustered-n8-t20-o20-s10005,c1_react,16000,9,react_step,921,1427,75,stop,False,1832,1832,45.14000532217324
c1_react__clustered-n8-t20-o20-s10005__cap16000__Qwen-Qwen3-32B-AWQ,clustered-n8-t20-o20-s10005,c1_react,16000,10,finalize,93,0,7,stop,False,493,493,0.2782822446897626
c1_react__clustered-n8-t20-o20-s10005__cap32000__Qwen-Qwen3-32B-AWQ,clustered-n8-t20-o20-s10005,c1_react,32000,0,react_step,225,1177,7,stop,False,31519,31519,34.782998241484165
c1_react__clustered-n8-t20-o20-s10005__cap32000__Qwen-Qwen3-32B-AWQ,clustered-n8-t20-o20-s10005,c1_react,32000,1,react_step,268,1172,10,stop,False,30067,30067,34.81477665621787
c1_react__clustered-n8-t20-o20-s10005__cap32000__Qwen-Qwen3-32B-AWQ,clustered-n8-t20-o20-s10005,c1_react,32000,2,react_step,327,362,56,stop,False,28558,28558,12.422852760180831
c1_react__clustered-n8-t20-o20-s10005__cap32000__Qwen-Qwen3-32B-AWQ,clustered-n8-t20-o20-s10005,c1_react,32000,3,react_step,407,482,70,stop,False,27733,27733,16.389498736709356
c1_react__clustered-n8-t20-o20-s10005__cap32000__Qwen-Qwen3-32B-AWQ,clustered-n8-t20-o20-s10005,c1_react,32000,4,react_step,526,642,82,stop,False,26655,26655,21.545453038997948
c1_react__clustered-n8-t20-o20-s10005__cap32000__Qwen-Qwen3-32B-AWQ,clustered-n8-t20-o20-s10005,c1_react,32000,5,react_step,634,792,10,stop,False,25297,25297,23.960427436046302
c1_react__clustered-n8-t20-o20-s10005__cap32000__Qwen-Qwen3-32B-AWQ,clustered-n8-t20-o20-s10005,c1_react,32000,6,react_step,693,1527,55,stop,False,23802,23802,47.25034373160452
c1_react__clustered-n8-t20-o20-s10005__cap32000__Qwen-Qwen3-32B-AWQ,clustered-n8-t20-o20-s10005,c1_react,32000,7,react_step,774,967,57,stop,False,21446,21446,30.725182339549065
c1_react__clustered-n8-t20-o20-s10005__cap32000__Qwen-Qwen3-32B-AWQ,clustered-n8-t20-o20-s10005,c1_react,32000,8,react_step,880,774,15,stop,False,19542,19542,23.840507201850414
c1_react__clustered-n8-t20-o20-s10005__cap32000__Qwen-Qwen3-32B-AWQ,clustered-n8-t20-o20-s10005,c1_react,32000,9,react_step,921,1427,75,stop,False,17832,17832,45.17652306612581
c1_react__clustered-n8-t20-o20-s10005__cap32000__Qwen-Qwen3-32B-AWQ,clustered-n8-t20-o20-s10005,c1_react,32000,10,react_step,1045,229,15,stop,False,15285,15285,7.85506375785917
c1_react__clustered-n8-t20-o20-s10005__cap32000__Qwen-Qwen3-32B-AWQ,clustered-n8-t20-o20-s10005,c1_react,32000,11,react_step,1086,1337,90,stop,False,13955,13955,43.14359329175204
c1_react__clustered-n8-t20-o20-s10005__cap32000__Qwen-Qwen3-32B-AWQ,clustered-n8-t20-o20-s10005,c1_react,32000,12,react_step,1225,714,15,stop,False,11303,11303,22.47244372498244
c1_react__clustered-n8-t20-o20-s10005__cap32000__Qwen-Qwen3-32B-AWQ,clustered-n8-t20-o20-s10005,c1_react,32000,13,react_step,1266,432,93,stop,False,9308,9308,16.430414077825844
c1_react__clustered-n8-t20-o20-s10005__cap32000__Qwen-Qwen3-32B-AWQ,clustered-n8-t20-o20-s10005,c1_react,32000,14,react_step,1408,815,15,stop,False,7375,7375,25.630013888701797
c1_react__clustered-n8-t20-o20-s10005__cap32000__Qwen-Qwen3-32B-AWQ,clustered-n8-t20-o20-s10005,c1_react,32000,15,react_step,1449,744,10,stop,False,5096,5096,23.423914236947894
c1_react__clustered-n8-t20-o20-s10005__cap32000__Qwen-Qwen3-32B-AWQ,clustered-n8-t20-o20-s10005,c1_react,32000,16,react_step,1508,1543,32,stop,False,2834,2834,48.29153766017407
c1_react__clustered-n8-t20-o20-s10005__cap32000__Qwen-Qwen3-32B-AWQ,clustered-n8-t20-o20-s10005,c1_react,32000,17,finalize,117,0,73,stop,False,1398,1398,2.214293415658176
c1_react__clustered-n8-t20-o20-s10005__cap64000__Qwen-Qwen3-32B-AWQ,clustered-n8-t20-o20-s10005,c1_react,64000,0,react_step,225,1177,7,stop,True,63519,32543,34.80393077619374
c1_react__clustered-n8-t20-o20-s10005__cap64000__Qwen-Qwen3-32B-AWQ,clustered-n8-t20-o20-s10005,c1_react,64000,1,react_step,268,1172,10,stop,True,62067,32500,34.822000838816166
c1_react__clustered-n8-t20-o20-s10005__cap64000__Qwen-Qwen3-32B-AWQ,clustered-n8-t20-o20-s10005,c1_react,64000,2,react_step,327,362,56,stop,True,60558,32441,12.435138075612485
c1_react__clustered-n8-t20-o20-s10005__cap64000__Qwen-Qwen3-32B-AWQ,clustered-n8-t20-o20-s10005,c1_react,64000,3,react_step,407,482,70,stop,True,59733,32361,16.398143481463194
c1_react__clustered-n8-t20-o20-s10005__cap64000__Qwen-Qwen3-32B-AWQ,clustered-n8-t20-o20-s10005,c1_react,64000,4,react_step,526,642,82,stop,True,58655,32242,21.553647246211767
c1_react__clustered-n8-t20-o20-s10005__cap64000__Qwen-Qwen3-32B-AWQ,clustered-n8-t20-o20-s10005,c1_react,64000,5,react_step,634,792,10,stop,True,57297,32134,23.977696693502367
c1_react__clustered-n8-t20-o20-s10005__cap64000__Qwen-Qwen3-32B-AWQ,clustered-n8-t20-o20-s10005,c1_react,64000,6,react_step,693,1527,55,stop,True,55802,32075,47.29518616851419
c1_react__clustered-n8-t20-o20-s10005__cap64000__Qwen-Qwen3-32B-AWQ,clustered-n8-t20-o20-s10005,c1_react,64000,7,react_step,774,967,57,stop,True,53446,31994,30.741576835513115
c1_react__clustered-n8-t20-o20-s10005__cap64000__Qwen-Qwen3-32B-AWQ,clustered-n8-t20-o20-s10005,c1_react,64000,8,react_step,880,774,15,stop,True,51542,31888,23.858535915613174
c1_react__clustered-n8-t20-o20-s10005__cap64000__Qwen-Qwen3-32B-AWQ,clustered-n8-t20-o20-s10005,c1_react,64000,9,react_step,921,1427,75,stop,True,49832,31847,45.19811769016087
c1_react__clustered-n8-t20-o20-s10005__cap64000__Qwen-Qwen3-32B-AWQ,clustered-n8-t20-o20-s10005,c1_react,64000,10,react_step,1045,229,15,stop,True,47285,31723,7.859138634055853
c1_react__clustered-n8-t20-o20-s10005__cap64000__Qwen-Qwen3-32B-AWQ,clustered-n8-t20-o20-s10005,c1_react,64000,11,react_step,1086,1337,90,stop,True,45955,31682,43.170539014972746
c1_react__clustered-n8-t20-o20-s10005__cap64000__Qwen-Qwen3-32B-AWQ,clustered-n8-t20-o20-s10005,c1_react,64000,12,react_step,1225,714,15,stop,True,43303,31543,22.47207560390234
c1_react__clustered-n8-t20-o20-s10005__cap64000__Qwen-Qwen3-32B-AWQ,clustered-n8-t20-o20-s10005,c1_react,64000,13,react_step,1266,432,93,stop,True,41308,31502,16.432362725958228
c1_react__clustered-n8-t20-o20-s10005__cap64000__Qwen-Qwen3-32B-AWQ,clustered-n8-t20-o20-s10005,c1_react,64000,14,react_step,1408,815,15,stop,True,39375,31360,25.651160093955696
c1_react__clustered-n8-t20-o20-s10005__cap64000__Qwen-Qwen3-32B-AWQ,clustered-n8-t20-o20-s10005,c1_react,64000,15,react_step,1449,744,10,stop,True,37096,31319,23.425028149969876
c1_react__clustered-n8-t20-o20-s10005__cap64000__Qwen-Qwen3-32B-AWQ,clustered-n8-t20-o20-s10005,c1_react,64000,16,react_step,1508,1543,32,stop,True,34834,31260,48.30637449864298
c1_react__clustered-n8-t20-o20-s10005__cap64000__Qwen-Qwen3-32B-AWQ,clustered-n8-t20-o20-s10005,c1_react,64000,17,react_step,1560,535,5,stop,True,31699,31208,17.131982466205955
c1_react__clustered-n8-t20-o20-s10005__cap64000__Qwen-Qwen3-32B-AWQ,clustered-n8-t20-o20-s10005,c1_react,64000,18,finalize,117,0,73,stop,False,31298,31298,2.2217803271487355
c1_react__clustered-n8-t20-o20-s10005__cap8000__Qwen-Qwen3-32B-AWQ,clustered-n8-t20-o20-s10005,c1_react,8000,0,react_step,225,1177,7,stop,False,7519,7519,34.789196028374135
c1_react__clustered-n8-t20-o20-s10005__cap8000__Qwen-Qwen3-32B-AWQ,clustered-n8-t20-o20-s10005,c1_react,8000,1,react_step,268,1172,10,stop,False,6067,6067,34.81548631750047
c1_react__clustered-n8-t20-o20-s10005__cap8000__Qwen-Qwen3-32B-AWQ,clustered-n8-t20-o20-s10005,c1_react,8000,2,react_step,327,362,56,stop,False,4558,4558,12.423294791951776
c1_react__clustered-n8-t20-o20-s10005__cap8000__Qwen-Qwen3-32B-AWQ,clustered-n8-t20-o20-s10005,c1_react,8000,3,react_step,407,482,70,stop,False,3733,3733,16.377434391528368
c1_react__clustered-n8-t20-o20-s10005__cap8000__Qwen-Qwen3-32B-AWQ,clustered-n8-t20-o20-s10005,c1_react,8000,4,react_step,526,642,82,stop,False,2655,2655,21.53766139037907
c1_react__clustered-n8-t20-o20-s10005__cap8000__Qwen-Qwen3-32B-AWQ,clustered-n8-t20-o20-s10005,c1_react,8000,5,react_step,634,792,10,stop,False,1297,1297,23.94965542294085
c1_react__clustered-n8-t20-o20-s10005__cap8000__Qwen-Qwen3-32B-AWQ,clustered-n8-t20-o20-s10005,c1_react,8000,6,finalize,93,0,7,stop,False,658,658,0.2808906640857458
c1_react__clustered-n8-t85-o20-s10005__cap16000__Qwen-Qwen3-32B-AWQ,clustered-n8-t85-o20-s10005,c1_react,16000,0,react_step,225,1177,7,stop,False,15519,15519,34.792302136309445
c1_react__clustered-n8-t85-o20-s10005__cap16000__Qwen-Qwen3-32B-AWQ,clustered-n8-t85-o20-s10005,c1_react,16000,1,react_step,268,1172,10,stop,False,14067,14067,34.80383828189224
c1_react__clustered-n8-t85-o20-s10005__cap16000__Qwen-Qwen3-32B-AWQ,clustered-n8-t85-o20-s10005,c1_react,16000,2,react_step,328,394,13,stop,False,12557,12557,12.102722360752523
c1_react__clustered-n8-t85-o20-s10005__cap16000__Qwen-Qwen3-32B-AWQ,clustered-n8-t85-o20-s10005,c1_react,16000,3,react_step,365,581,34,stop,False,11785,11785,18.207002310082316
c1_react__clustered-n8-t85-o20-s10005__cap16000__Qwen-Qwen3-32B-AWQ,clustered-n8-t85-o20-s10005,c1_react,16000,4,react_step,449,581,13,stop,False,10721,10721,17.663247489370406
c1_react__clustered-n8-t85-o20-s10005__cap16000__Qwen-Qwen3-32B-AWQ,clustered-n8-t85-o20-s10005,c1_react,16000,5,react_step,486,1178,57,stop,False,9641,9641,36.64790501445532
c1_react__clustered-n8-t85-o20-s10005__cap16000__Qwen-Qwen3-32B-AWQ,clustered-n8-t85-o20-s10005,c1_react,16000,6,react_step,569,877,10,stop,False,7837,7837,26.396834726445377
c1_react__clustered-n8-t85-o20-s10005__cap16000__Qwen-Qwen3-32B-AWQ,clustered-n8-t85-o20-s10005,c1_react,16000,7,react_step,628,798,13,stop,False,6322,6322,24.216791726648808
c1_react__clustered-n8-t85-o20-s10005__cap16000__Qwen-Qwen3-32B-AWQ,clustered-n8-t85-o20-s10005,c1_react,16000,8,react_step,665,2331,36,stop,False,4846,4846,70.89636549539864
c1_react__clustered-n8-t85-o20-s10005__cap16000__Qwen-Qwen3-32B-AWQ,clustered-n8-t85-o20-s10005,c1_react,16000,9,react_step,751,1564,15,stop,False,1728,1728,47.227630749344826
c1_react__clustered-n8-t85-o20-s10005__cap16000__Qwen-Qwen3-32B-AWQ,clustered-n8-t85-o20-s10005,c1_react,16000,10,finalize,93,0,7,stop,False,312,312,0.28049250692129135
c1_react__clustered-n8-t85-o20-s10005__cap32000__Qwen-Qwen3-32B-AWQ,clustered-n8-t85-o20-s10005,c1_react,32000,0,react_step,225,1177,7,stop,False,31519,31519,34.79967669490725
c1_react__clustered-n8-t85-o20-s10005__cap32000__Qwen-Qwen3-32B-AWQ,clustered-n8-t85-o20-s10005,c1_react,32000,1,react_step,268,1172,10,stop,False,30067,30067,34.81272215489298
c1_react__clustered-n8-t85-o20-s10005__cap32000__Qwen-Qwen3-32B-AWQ,clustered-n8-t85-o20-s10005,c1_react,32000,2,react_step,328,394,13,stop,False,28557,28557,12.103544089011848
c1_react__clustered-n8-t85-o20-s10005__cap32000__Qwen-Qwen3-32B-AWQ,clustered-n8-t85-o20-s10005,c1_react,32000,3,react_step,365,581,34,stop,False,27785,27785,18.20626517571509
c1_react__clustered-n8-t85-o20-s10005__cap32000__Qwen-Qwen3-32B-AWQ,clustered-n8-t85-o20-s10005,c1_react,32000,4,react_step,449,581,13,stop,False,26721,26721,17.663468731567264
c1_react__clustered-n8-t85-o20-s10005__cap32000__Qwen-Qwen3-32B-AWQ,clustered-n8-t85-o20-s10005,c1_react,32000,5,react_step,486,1178,57,stop,False,25641,25641,36.649439870379865
c1_react__clustered-n8-t85-o20-s10005__cap32000__Qwen-Qwen3-32B-AWQ,clustered-n8-t85-o20-s10005,c1_react,32000,6,react_step,569,877,10,stop,False,23837,23837,26.405027580447495
c1_react__clustered-n8-t85-o20-s10005__cap32000__Qwen-Qwen3-32B-AWQ,clustered-n8-t85-o20-s10005,c1_react,32000,7,react_step,628,798,13,stop,False,22322,22322,24.221187758259475
c1_react__clustered-n8-t85-o20-s10005__cap32000__Qwen-Qwen3-32B-AWQ,clustered-n8-t85-o20-s10005,c1_react,32000,8,react_step,665,2331,36,stop,False,20846,20846,70.91966086346656
c1_react__clustered-n8-t85-o20-s10005__cap32000__Qwen-Qwen3-32B-AWQ,clustered-n8-t85-o20-s10005,c1_react,32000,9,react_step,751,1564,15,stop,False,17728,17728,47.24246874358505
c1_react__clustered-n8-t85-o20-s10005__cap32000__Qwen-Qwen3-32B-AWQ,clustered-n8-t85-o20-s10005,c1_react,32000,10,react_step,792,2462,48,stop,False,15357,15357,75.57144798897207
c1_react__clustered-n8-t85-o20-s10005__cap32000__Qwen-Qwen3-32B-AWQ,clustered-n8-t85-o20-s10005,c1_react,32000,11,react_step,866,4005,46,stop,False,11981,11981,123.19193227682263
c1_react__clustered-n8-t85-o20-s10005__cap32000__Qwen-Qwen3-32B-AWQ,clustered-n8-t85-o20-s10005,c1_react,32000,12,react_step,962,953,15,stop,False,6968,6968,29.28906319849193
c1_react__clustered-n8-t85-o20-s10005__cap32000__Qwen-Qwen3-32B-AWQ,clustered-n8-t85-o20-s10005,c1_react,32000,13,react_step,1003,4997,0,length,False,4997,4997,153.16402404010296
c1_react__clustered-n8-t85-o20-s10005__cap32000__Qwen-Qwen3-32B-AWQ,clustered-n8-t85-o20-s10005,c1_react,32000,14,finalize,93,0,7,stop,False,163,163,0.2650239774957299
c1_react__clustered-n8-t85-o20-s10005__cap64000__Qwen-Qwen3-32B-AWQ,clustered-n8-t85-o20-s10005,c1_react,64000,0,react_step,225,1177,7,stop,True,63519,32543,34.81182235479355
c1_react__clustered-n8-t85-o20-s10005__cap64000__Qwen-Qwen3-32B-AWQ,clustered-n8-t85-o20-s10005,c1_react,64000,1,react_step,268,1172,10,stop,True,62067,32500,34.83888975903392
c1_react__clustered-n8-t85-o20-s10005__cap64000__Qwen-Qwen3-32B-AWQ,clustered-n8-t85-o20-s10005,c1_react,64000,2,react_step,328,394,13,stop,True,60557,32440,12.117070656269789
c1_react__clustered-n8-t85-o20-s10005__cap64000__Qwen-Qwen3-32B-AWQ,clustered-n8-t85-o20-s10005,c1_react,64000,3,react_step,365,581,34,stop,True,59785,32403,18.222539542242885
c1_react__clustered-n8-t85-o20-s10005__cap64000__Qwen-Qwen3-32B-AWQ,clustered-n8-t85-o20-s10005,c1_react,64000,4,react_step,449,581,13,stop,True,58721,32319,17.667084025219083
c1_react__clustered-n8-t85-o20-s10005__cap64000__Qwen-Qwen3-32B-AWQ,clustered-n8-t85-o20-s10005,c1_react,64000,5,react_step,486,1178,57,stop,True,57641,32282,36.65418383106589
c1_react__clustered-n8-t85-o20-s10005__cap64000__Qwen-Qwen3-32B-AWQ,clustered-n8-t85-o20-s10005,c1_react,64000,6,react_step,569,877,10,stop,True,55837,32199,26.417983145453036
c1_react__clustered-n8-t85-o20-s10005__cap64000__Qwen-Qwen3-32B-AWQ,clustered-n8-t85-o20-s10005,c1_react,64000,7,react_step,628,798,13,stop,True,54322,32140,24.243126372806728
c1_react__clustered-n8-t85-o20-s10005__cap64000__Qwen-Qwen3-32B-AWQ,clustered-n8-t85-o20-s10005,c1_react,64000,8,react_step,665,2331,36,stop,True,52846,32103,70.98365940432996
c1_react__clustered-n8-t85-o20-s10005__cap64000__Qwen-Qwen3-32B-AWQ,clustered-n8-t85-o20-s10005,c1_react,64000,9,react_step,751,1564,15,stop,True,49728,32017,47.28741792496294
c1_react__clustered-n8-t85-o20-s10005__cap64000__Qwen-Qwen3-32B-AWQ,clustered-n8-t85-o20-s10005,c1_react,64000,10,react_step,792,2462,48,stop,True,47357,31976,75.58367814589292
c1_react__clustered-n8-t85-o20-s10005__cap64000__Qwen-Qwen3-32B-AWQ,clustered-n8-t85-o20-s10005,c1_react,64000,11,react_step,866,4005,46,stop,True,43981,31902,123.17393867950886
c1_react__clustered-n8-t85-o20-s10005__cap64000__Qwen-Qwen3-32B-AWQ,clustered-n8-t85-o20-s10005,c1_react,64000,12,react_step,962,953,15,stop,True,38968,31806,29.301643741317093
c1_react__clustered-n8-t85-o20-s10005__cap64000__Qwen-Qwen3-32B-AWQ,clustered-n8-t85-o20-s10005,c1_react,64000,13,react_step,1003,5209,32,stop,True,36997,31765,160.89963450841606
c1_react__clustered-n8-t85-o20-s10005__cap64000__Qwen-Qwen3-32B-AWQ,clustered-n8-t85-o20-s10005,c1_react,64000,14,react_step,1055,1782,70,stop,False,30701,30701,55.97544966544956
c1_react__clustered-n8-t85-o20-s10005__cap64000__Qwen-Qwen3-32B-AWQ,clustered-n8-t85-o20-s10005,c1_react,64000,15,react_step,1175,3737,75,stop,False,27674,27674,116.51053732447326
c1_react__clustered-n8-t85-o20-s10005__cap64000__Qwen-Qwen3-32B-AWQ,clustered-n8-t85-o20-s10005,c1_react,64000,16,react_step,1276,1066,15,stop,False,22586,22586,33.04652354121208
c1_react__clustered-n8-t85-o20-s10005__cap64000__Qwen-Qwen3-32B-AWQ,clustered-n8-t85-o20-s10005,c1_react,64000,17,react_step,1317,2683,46,stop,False,20188,20188,83.3114969683811
c1_react__clustered-n8-t85-o20-s10005__cap64000__Qwen-Qwen3-32B-AWQ,clustered-n8-t85-o20-s10005,c1_react,64000,18,react_step,1383,2810,436,stop,False,16076,16076,99.34784030821174
c1_react__clustered-n8-t85-o20-s10005__cap64000__Qwen-Qwen3-32B-AWQ,clustered-n8-t85-o20-s10005,c1_react,64000,19,react_step,1868,688,13,stop,False,10962,10962,22.21595500037074
c1_react__clustered-n8-t85-o20-s10005__cap64000__Qwen-Qwen3-32B-AWQ,clustered-n8-t85-o20-s10005,c1_react,64000,20,react_step,1905,1894,234,stop,False,8356,8356,65.81940359529108
c1_react__clustered-n8-t85-o20-s10005__cap64000__Qwen-Qwen3-32B-AWQ,clustered-n8-t85-o20-s10005,c1_react,64000,21,react_step,2159,4069,0,length,False,4069,4069,126.92905623279512
c1_react__clustered-n8-t85-o20-s10005__cap64000__Qwen-Qwen3-32B-AWQ,clustered-n8-t85-o20-s10005,c1_react,64000,22,finalize,93,0,7,stop,False,163,163,0.26485857646912336
c1_react__clustered-n8-t85-o20-s10005__cap8000__Qwen-Qwen3-32B-AWQ,clustered-n8-t85-o20-s10005,c1_react,8000,0,react_step,225,1177,7,stop,False,7519,7519,34.7831724928692
c1_react__clustered-n8-t85-o20-s10005__cap8000__Qwen-Qwen3-32B-AWQ,clustered-n8-t85-o20-s10005,c1_react,8000,1,react_step,268,1172,10,stop,False,6067,6067,34.80737128853798
c1_react__clustered-n8-t85-o20-s10005__cap8000__Qwen-Qwen3-32B-AWQ,clustered-n8-t85-o20-s10005,c1_react,8000,2,react_step,328,394,13,stop,False,4557,4557,12.101186697371304
c1_react__clustered-n8-t85-o20-s10005__cap8000__Qwen-Qwen3-32B-AWQ,clustered-n8-t85-o20-s10005,c1_react,8000,3,react_step,365,581,34,stop,False,3785,3785,18.19782118871808
c1_react__clustered-n8-t85-o20-s10005__cap8000__Qwen-Qwen3-32B-AWQ,clustered-n8-t85-o20-s10005,c1_react,8000,4,react_step,449,581,13,stop,False,2721,2721,17.64994716551155
c1_react__clustered-n8-t85-o20-s10005__cap8000__Qwen-Qwen3-32B-AWQ,clustered-n8-t85-o20-s10005,c1_react,8000,5,react_step,486,1178,57,stop,False,1641,1641,36.62227367609739
c1_react__clustered-n8-t85-o20-s10005__cap8000__Qwen-Qwen3-32B-AWQ,clustered-n8-t85-o20-s10005,c1_react,8000,6,finalize,93,0,7,stop,False,569,569,0.28159373812377453
c1_react__uniform-n4-t100-o20-s10005__cap16000__Qwen-Qwen3-32B-AWQ,uniform-n4-t100-o20-s10005,c1_react,16000,0,react_step,225,1177,7,stop,False,15519,15519,34.70356849487871
c1_react__uniform-n4-t100-o20-s10005__cap16000__Qwen-Qwen3-32B-AWQ,uniform-n4-t100-o20-s10005,c1_react,16000,1,react_step,256,485,10,stop,False,14079,14079,14.558611698448658
c1_react__uniform-n4-t100-o20-s10005__cap16000__Qwen-Qwen3-32B-AWQ,uniform-n4-t100-o20-s10005,c1_react,16000,2,react_step,316,393,10,stop,False,13268,13268,11.934254449792206
c1_react__uniform-n4-t100-o20-s10005__cap16000__Qwen-Qwen3-32B-AWQ,uniform-n4-t100-o20-s10005,c1_react,16000,3,react_step,376,427,10,stop,False,12489,12489,12.970348540693521
c1_react__uniform-n4-t100-o20-s10005__cap16000__Qwen-Qwen3-32B-AWQ,uniform-n4-t100-o20-s10005,c1_react,16000,4,react_step,436,420,10,stop,False,11616,11616,12.803138894028962
c1_react__uniform-n4-t100-o20-s10005__cap16000__Qwen-Qwen3-32B-AWQ,uniform-n4-t100-o20-s10005,c1_react,16000,5,react_step,495,1024,13,stop,False,10691,10691,30.676262677647173
c1_react__uniform-n4-t100-o20-s10005__cap16000__Qwen-Qwen3-32B-AWQ,uniform-n4-t100-o20-s10005,c1_react,16000,6,react_step,532,751,15,stop,False,9122,9122,22.733517153188586
c1_react__uniform-n4-t100-o20-s10005__cap16000__Qwen-Qwen3-32B-AWQ,uniform-n4-t100-o20-s10005,c1_react,16000,7,react_step,573,6043,25,stop,False,7783,7783,185.13955135457218
c1_react__uniform-n4-t100-o20-s10005__cap16000__Qwen-Qwen3-32B-AWQ,uniform-n4-t100-o20-s10005,c1_react,16000,8,react_step,618,891,206,length,False,1097,1097,32.62881969753653
c1_react__uniform-n4-t100-o20-s10005__cap16000__Qwen-Qwen3-32B-AWQ,uniform-n4-t100-o20-s10005,c1_react,16000,9,finalize,110,0,56,stop,False,146,146,1.6926170503720641
c1_react__uniform-n4-t100-o20-s10005__cap32000__Qwen-Qwen3-32B-AWQ,uniform-n4-t100-o20-s10005,c1_react,32000,0,react_step,225,1177,7,stop,False,31519,31519,34.70357668492943
c1_react__uniform-n4-t100-o20-s10005__cap32000__Qwen-Qwen3-32B-AWQ,uniform-n4-t100-o20-s10005,c1_react,32000,1,react_step,256,485,10,stop,False,30079,30079,14.565331181511283
c1_react__uniform-n4-t100-o20-s10005__cap32000__Qwen-Qwen3-32B-AWQ,uniform-n4-t100-o20-s10005,c1_react,32000,2,react_step,316,393,10,stop,False,29268,29268,11.937103279866278
c1_react__uniform-n4-t100-o20-s10005__cap32000__Qwen-Qwen3-32B-AWQ,uniform-n4-t100-o20-s10005,c1_react,32000,3,react_step,376,427,10,stop,False,28489,28489,12.977429100312293
c1_react__uniform-n4-t100-o20-s10005__cap32000__Qwen-Qwen3-32B-AWQ,uniform-n4-t100-o20-s10005,c1_react,32000,4,react_step,436,420,10,stop,False,27616,27616,12.81339139584452
c1_react__uniform-n4-t100-o20-s10005__cap32000__Qwen-Qwen3-32B-AWQ,uniform-n4-t100-o20-s10005,c1_react,32000,5,react_step,495,1024,13,stop,False,26691,26691,30.699344594031572
c1_react__uniform-n4-t100-o20-s10005__cap32000__Qwen-Qwen3-32B-AWQ,uniform-n4-t100-o20-s10005,c1_react,32000,6,react_step,532,751,15,stop,False,25122,25122,22.734017985872924
c1_react__uniform-n4-t100-o20-s10005__cap32000__Qwen-Qwen3-32B-AWQ,uniform-n4-t100-o20-s10005,c1_react,32000,7,react_step,573,6043,25,stop,False,23783,23783,185.2266244450584
c1_react__uniform-n4-t100-o20-s10005__cap32000__Qwen-Qwen3-32B-AWQ,uniform-n4-t100-o20-s10005,c1_react,32000,8,react_step,618,891,3591,stop,False,17097,17097,135.5899575734511
c1_react__uniform-n4-t100-o20-s10005__cap32000__Qwen-Qwen3-32B-AWQ,uniform-n4-t100-o20-s10005,c1_react,32000,9,react_step,4235,1404,5,stop,False,8380,8380,46.7722306791693
c1_react__uniform-n4-t100-o20-s10005__cap32000__Qwen-Qwen3-32B-AWQ,uniform-n4-t100-o20-s10005,c1_react,32000,10,finalize,110,0,56,stop,False,7117,7117,1.7128846738487482
c1_react__uniform-n4-t100-o20-s10005__cap64000__Qwen-Qwen3-32B-AWQ,uniform-n4-t100-o20-s10005,c1_react,64000,0,react_step,225,1177,7,stop,True,63519,32543,34.7213483043015
c1_react__uniform-n4-t100-o20-s10005__cap64000__Qwen-Qwen3-32B-AWQ,uniform-n4-t100-o20-s10005,c1_react,64000,1,react_step,256,485,10,stop,True,62079,32512,14.569559401832521
c1_react__uniform-n4-t100-o20-s10005__cap64000__Qwen-Qwen3-32B-AWQ,uniform-n4-t100-o20-s10005,c1_react,64000,2,react_step,316,393,10,stop,True,61268,32452,11.946221752092242
c1_react__uniform-n4-t100-o20-s10005__cap64000__Qwen-Qwen3-32B-AWQ,uniform-n4-t100-o20-s10005,c1_react,64000,3,react_step,376,427,10,stop,True,60489,32392,12.98366854339838
c1_react__uniform-n4-t100-o20-s10005__cap64000__Qwen-Qwen3-32B-AWQ,uniform-n4-t100-o20-s10005,c1_react,64000,4,react_step,436,420,10,stop,True,59616,32332,12.814097598195076
c1_react__uniform-n4-t100-o20-s10005__cap64000__Qwen-Qwen3-32B-AWQ,uniform-n4-t100-o20-s10005,c1_react,64000,5,react_step,495,1024,13,stop,True,58691,32273,30.70927746873349
c1_react__uniform-n4-t100-o20-s10005__cap64000__Qwen-Qwen3-32B-AWQ,uniform-n4-t100-o20-s10005,c1_react,64000,6,react_step,532,751,15,stop,True,57122,32236,22.74851953983307
c1_react__uniform-n4-t100-o20-s10005__cap64000__Qwen-Qwen3-32B-AWQ,uniform-n4-t100-o20-s10005,c1_react,64000,7,react_step,573,6043,25,stop,True,55783,32195,185.34883123170584
c1_react__uniform-n4-t100-o20-s10005__cap64000__Qwen-Qwen3-32B-AWQ,uniform-n4-t100-o20-s10005,c1_react,64000,8,react_step,618,891,3591,stop,True,49097,32150,135.65515709389
c1_react__uniform-n4-t100-o20-s10005__cap64000__Qwen-Qwen3-32B-AWQ,uniform-n4-t100-o20-s10005,c1_react,64000,9,react_step,4235,1404,5,stop,True,40380,28533,46.78948302567005
c1_react__uniform-n4-t100-o20-s10005__cap64000__Qwen-Qwen3-32B-AWQ,uniform-n4-t100-o20-s10005,c1_react,64000,10,finalize,110,0,56,stop,True,39117,32658,1.713564150966704
c1_react__uniform-n4-t100-o20-s10005__cap8000__Qwen-Qwen3-32B-AWQ,uniform-n4-t100-o20-s10005,c1_react,8000,0,react_step,225,1177,7,stop,False,7519,7519,34.678113371133804
c1_react__uniform-n4-t100-o20-s10005__cap8000__Qwen-Qwen3-32B-AWQ,uniform-n4-t100-o20-s10005,c1_react,8000,1,react_step,256,485,10,stop,False,6079,6079,14.551693010143936
c1_react__uniform-n4-t100-o20-s10005__cap8000__Qwen-Qwen3-32B-AWQ,uniform-n4-t100-o20-s10005,c1_react,8000,2,react_step,316,393,10,stop,False,5268,5268,11.928168145008385
c1_react__uniform-n4-t100-o20-s10005__cap8000__Qwen-Qwen3-32B-AWQ,uniform-n4-t100-o20-s10005,c1_react,8000,3,react_step,376,427,10,stop,False,4489,4489,12.964790376834571
c1_react__uniform-n4-t100-o20-s10005__cap8000__Qwen-Qwen3-32B-AWQ,uniform-n4-t100-o20-s10005,c1_react,8000,4,react_step,436,420,10,stop,False,3616,3616,12.797257137484848
c1_react__uniform-n4-t100-o20-s10005__cap8000__Qwen-Qwen3-32B-AWQ,uniform-n4-t100-o20-s10005,c1_react,8000,5,react_step,495,1024,13,stop,False,2691,2691,30.658700986765325
c1_react__uniform-n4-t100-o20-s10005__cap8000__Qwen-Qwen3-32B-AWQ,uniform-n4-t100-o20-s10005,c1_react,8000,6,react_step,532,751,15,stop,False,1122,1122,22.714826624840498
c1_react__uniform-n4-t100-o20-s10005__cap8000__Qwen-Qwen3-32B-AWQ,uniform-n4-t100-o20-s10005,c1_react,8000,7,finalize,93,0,7,stop,False,519,519,0.2809567218646407
c1_react__uniform-n4-t100-o80-s10005__cap16000__Qwen-Qwen3-32B-AWQ,uniform-n4-t100-o80-s10005,c1_react,16000,0,react_step,225,1177,7,stop,False,15519,15519,34.698373396880925
c1_react__uniform-n4-t100-o80-s10005__cap16000__Qwen-Qwen3-32B-AWQ,uniform-n4-t100-o80-s10005,c1_react,16000,1,react_step,256,485,10,stop,False,14079,14079,14.56066091824323
c1_react__uniform-n4-t100-o80-s10005__cap16000__Qwen-Qwen3-32B-AWQ,uniform-n4-t100-o80-s10005,c1_react,16000,2,react_step,316,507,13,stop,False,13268,13268,15.342715877108276
c1_react__uniform-n4-t100-o80-s10005__cap16000__Qwen-Qwen3-32B-AWQ,uniform-n4-t100-o80-s10005,c1_react,16000,3,react_step,353,374,10,stop,False,12395,12395,11.418808774091303
c1_react__uniform-n4-t100-o80-s10005__cap16000__Qwen-Qwen3-32B-AWQ,uniform-n4-t100-o80-s10005,c1_react,16000,4,react_step,413,766,15,stop,False,11598,11598,23.0434556202963
c1_react__uniform-n4-t100-o80-s10005__cap16000__Qwen-Qwen3-32B-AWQ,uniform-n4-t100-o80-s10005,c1_react,16000,5,react_step,454,454,10,stop,False,10363,10363,13.823893347755075
c1_react__uniform-n4-t100-o80-s10005__cap16000__Qwen-Qwen3-32B-AWQ,uniform-n4-t100-o80-s10005,c1_react,16000,6,react_step,514,677,10,stop,False,9385,9385,20.398448830470443
c1_react__uniform-n4-t100-o80-s10005__cap16000__Qwen-Qwen3-32B-AWQ,uniform-n4-t100-o80-s10005,c1_react,16000,7,react_step,574,1578,13,stop,False,8124,8124,47.24065183009952
c1_react__uniform-n4-t100-o80-s10005__cap16000__Qwen-Qwen3-32B-AWQ,uniform-n4-t100-o80-s10005,c1_react,16000,8,react_step,611,5922,0,length,False,5922,5922,180.61726742982864
c1_react__uniform-n4-t100-o80-s10005__cap16000__Qwen-Qwen3-32B-AWQ,uniform-n4-t100-o80-s10005,c1_react,16000,9,finalize,93,0,7,stop,False,163,163,0.26528145745396614
c1_react__uniform-n4-t100-o80-s10005__cap32000__Qwen-Qwen3-32B-AWQ,uniform-n4-t100-o80-s10005,c1_react,32000,0,react_step,225,1177,7,stop,False,31519,31519,34.71142845693976
c1_react__uniform-n4-t100-o80-s10005__cap32000__Qwen-Qwen3-32B-AWQ,uniform-n4-t100-o80-s10005,c1_react,32000,1,react_step,256,485,10,stop,False,30079,30079,14.568092080764472
c1_react__uniform-n4-t100-o80-s10005__cap32000__Qwen-Qwen3-32B-AWQ,uniform-n4-t100-o80-s10005,c1_react,32000,2,react_step,316,507,13,stop,False,29268,29268,15.352894275449216
c1_react__uniform-n4-t100-o80-s10005__cap32000__Qwen-Qwen3-32B-AWQ,uniform-n4-t100-o80-s10005,c1_react,32000,3,react_step,353,374,10,stop,False,28395,28395,11.423359134234488
c1_react__uniform-n4-t100-o80-s10005__cap32000__Qwen-Qwen3-32B-AWQ,uniform-n4-t100-o80-s10005,c1_react,32000,4,react_step,413,766,15,stop,False,27598,27598,23.048380702733994
c1_react__uniform-n4-t100-o80-s10005__cap32000__Qwen-Qwen3-32B-AWQ,uniform-n4-t100-o80-s10005,c1_react,32000,5,react_step,454,454,10,stop,False,26363,26363,13.822241492569447
c1_react__uniform-n4-t100-o80-s10005__cap32000__Qwen-Qwen3-32B-AWQ,uniform-n4-t100-o80-s10005,c1_react,32000,6,react_step,514,677,10,stop,False,25385,25385,20.404859989881516
c1_react__uniform-n4-t100-o80-s10005__cap32000__Qwen-Qwen3-32B-AWQ,uniform-n4-t100-o80-s10005,c1_react,32000,7,react_step,574,1578,13,stop,False,24124,24124,47.27118646353483
c1_react__uniform-n4-t100-o80-s10005__cap32000__Qwen-Qwen3-32B-AWQ,uniform-n4-t100-o80-s10005,c1_react,32000,8,react_step,611,8736,19,stop,False,21922,21922,272.005936043337
c1_react__uniform-n4-t100-o80-s10005__cap32000__Qwen-Qwen3-32B-AWQ,uniform-n4-t100-o80-s10005,c1_react,32000,9,react_step,650,8192,15,stop,False,12517,12517,254.3826065324247
c1_react__uniform-n4-t100-o80-s10005__cap32000__Qwen-Qwen3-32B-AWQ,uniform-n4-t100-o80-s10005,c1_react,32000,10,react_step,691,3619,0,length,False,3619,3619,109.03900499735028
c1_react__uniform-n4-t100-o80-s10005__cap32000__Qwen-Qwen3-32B-AWQ,uniform-n4-t100-o80-s10005,c1_react,32000,11,finalize,93,0,7,stop,False,163,163,0.2647930635139346
c1_react__uniform-n4-t100-o80-s10005__cap64000__Qwen-Qwen3-32B-AWQ,uniform-n4-t100-o80-s10005,c1_react,64000,0,react_step,225,1177,7,stop,True,63519,32543,34.73630507104099
c1_react__uniform-n4-t100-o80-s10005__cap64000__Qwen-Qwen3-32B-AWQ,uniform-n4-t100-o80-s10005,c1_react,64000,1,react_step,256,485,10,stop,True,62079,32512,14.572332535870373
c1_react__uniform-n4-t100-o80-s10005__cap64000__Qwen-Qwen3-32B-AWQ,uniform-n4-t100-o80-s10005,c1_react,64000,2,react_step,316,507,13,stop,True,61268,32452,15.358937394805253
c1_react__uniform-n4-t100-o80-s10005__cap64000__Qwen-Qwen3-32B-AWQ,uniform-n4-t100-o80-s10005,c1_react,64000,3,react_step,353,374,10,stop,True,60395,32415,11.427904731594026
c1_react__uniform-n4-t100-o80-s10005__cap64000__Qwen-Qwen3-32B-AWQ,uniform-n4-t100-o80-s10005,c1_react,64000,4,react_step,413,766,15,stop,True,59598,32355,23.06111317500472
c1_react__uniform-n4-t100-o80-s10005__cap64000__Qwen-Qwen3-32B-AWQ,uniform-n4-t100-o80-s10005,c1_react,64000,5,react_step,454,454,10,stop,True,58363,32314,13.826014117337763
c1_react__uniform-n4-t100-o80-s10005__cap64000__Qwen-Qwen3-32B-AWQ,uniform-n4-t100-o80-s10005,c1_react,64000,6,react_step,514,677,10,stop,True,57385,32254,20.413072793744504
c1_react__uniform-n4-t100-o80-s10005__cap64000__Qwen-Qwen3-32B-AWQ,uniform-n4-t100-o80-s10005,c1_react,64000,7,react_step,574,1578,13,stop,True,56124,32194,47.27027206867933
c1_react__uniform-n4-t100-o80-s10005__cap64000__Qwen-Qwen3-32B-AWQ,uniform-n4-t100-o80-s10005,c1_react,64000,8,react_step,611,8736,19,stop,True,53922,32157,272.0776480715722
c1_react__uniform-n4-t100-o80-s10005__cap64000__Qwen-Qwen3-32B-AWQ,uniform-n4-t100-o80-s10005,c1_react,64000,9,react_step,650,8192,15,stop,True,44517,32118,254.37000746279955
c1_react__uniform-n4-t100-o80-s10005__cap64000__Qwen-Qwen3-32B-AWQ,uniform-n4-t100-o80-s10005,c1_react,64000,10,react_step,691,11955,15,stop,True,35619,32077,379.7874657297507
c1_react__uniform-n4-t100-o80-s10005__cap64000__Qwen-Qwen3-32B-AWQ,uniform-n4-t100-o80-s10005,c1_react,64000,11,react_step,732,11673,5,stop,False,22917,22917,370.1043074466288
c1_react__uniform-n4-t100-o80-s10005__cap64000__Qwen-Qwen3-32B-AWQ,uniform-n4-t100-o80-s10005,c1_react,64000,12,finalize,93,0,7,stop,False,11402,11402,0.2840727372094989
c1_react__uniform-n4-t100-o80-s10005__cap8000__Qwen-Qwen3-32B-AWQ,uniform-n4-t100-o80-s10005,c1_react,8000,0,react_step,225,1177,7,stop,False,7519,7519,34.67675025202334
c1_react__uniform-n4-t100-o80-s10005__cap8000__Qwen-Qwen3-32B-AWQ,uniform-n4-t100-o80-s10005,c1_react,8000,1,react_step,256,485,10,stop,False,6079,6079,14.547929467633367
c1_react__uniform-n4-t100-o80-s10005__cap8000__Qwen-Qwen3-32B-AWQ,uniform-n4-t100-o80-s10005,c1_react,8000,2,react_step,316,507,13,stop,False,5268,5268,15.32624206226319
c1_react__uniform-n4-t100-o80-s10005__cap8000__Qwen-Qwen3-32B-AWQ,uniform-n4-t100-o80-s10005,c1_react,8000,3,react_step,353,374,10,stop,False,4395,4395,11.41044901497662
c1_react__uniform-n4-t100-o80-s10005__cap8000__Qwen-Qwen3-32B-AWQ,uniform-n4-t100-o80-s10005,c1_react,8000,4,react_step,413,766,15,stop,False,3598,3598,23.019810897298157
c1_react__uniform-n4-t100-o80-s10005__cap8000__Qwen-Qwen3-32B-AWQ,uniform-n4-t100-o80-s10005,c1_react,8000,5,react_step,454,454,10,stop,False,2363,2363,13.808095094747841
c1_react__uniform-n4-t100-o80-s10005__cap8000__Qwen-Qwen3-32B-AWQ,uniform-n4-t100-o80-s10005,c1_react,8000,6,react_step,514,677,10,stop,False,1385,1385,20.38474482949823
c1_react__uniform-n4-t100-o80-s10005__cap8000__Qwen-Qwen3-32B-AWQ,uniform-n4-t100-o80-s10005,c1_react,8000,7,react_step,574,124,0,length,False,124,124,3.991084413602948
c1_react__uniform-n4-t100-o80-s10005__cap8000__Qwen-Qwen3-32B-AWQ,uniform-n4-t100-o80-s10005,c1_react,8000,8,finalize,93,0,7,stop,False,163,163,0.26483127288520336
c1_react__uniform-n4-t20-o20-s10005__cap16000__Qwen-Qwen3-32B-AWQ,uniform-n4-t20-o20-s10005,c1_react,16000,0,react_step,225,1177,7,stop,False,15519,15519,34.68679947219789
c1_react__uniform-n4-t20-o20-s10005__cap16000__Qwen-Qwen3-32B-AWQ,uniform-n4-t20-o20-s10005,c1_react,16000,1,react_step,256,485,10,stop,False,14079,14079,14.556482219137251
c1_react__uniform-n4-t20-o20-s10005__cap16000__Qwen-Qwen3-32B-AWQ,uniform-n4-t20-o20-s10005,c1_react,16000,2,react_step,315,222,43,stop,False,13269,13269,7.918795081786811
c1_react__uniform-n4-t20-o20-s10005__cap16000__Qwen-Qwen3-32B-AWQ,uniform-n4-t20-o20-s10005,c1_react,16000,3,react_step,407,578,39,stop,False,12597,12597,18.237112208269536
c1_react__uniform-n4-t20-o20-s10005__cap16000__Qwen-Qwen3-32B-AWQ,uniform-n4-t20-o20-s10005,c1_react,16000,4,react_step,495,420,45,stop,False,11485,11485,13.865721308626235
c1_react__uniform-n4-t20-o20-s10005__cap16000__Qwen-Qwen3-32B-AWQ,uniform-n4-t20-o20-s10005,c1_react,16000,5,react_step,589,4025,300,stop,False,10431,10431,130.53053117822856
c1_react__uniform-n4-t20-o20-s10005__cap16000__Qwen-Qwen3-32B-AWQ,uniform-n4-t20-o20-s10005,c1_react,16000,6,react_step,913,1333,5,stop,False,5193,5193,40.151156635954976
c1_react__uniform-n4-t20-o20-s10005__cap16000__Qwen-Qwen3-32B-AWQ,uniform-n4-t20-o20-s10005,c1_react,16000,7,finalize,93,0,7,stop,False,4018,4018,0.2833991525694728
c1_react__uniform-n4-t20-o20-s10005__cap32000__Qwen-Qwen3-32B-AWQ,uniform-n4-t20-o20-s10005,c1_react,32000,0,react_step,225,1177,7,stop,False,31519,31519,34.68205305095762
c1_react__uniform-n4-t20-o20-s10005__cap32000__Qwen-Qwen3-32B-AWQ,uniform-n4-t20-o20-s10005,c1_react,32000,1,react_step,256,485,10,stop,False,30079,30079,14.552823659032583
c1_react__uniform-n4-t20-o20-s10005__cap32000__Qwen-Qwen3-32B-AWQ,uniform-n4-t20-o20-s10005,c1_react,32000,2,react_step,315,222,43,stop,False,29269,29269,7.918525319546461
c1_react__uniform-n4-t20-o20-s10005__cap32000__Qwen-Qwen3-32B-AWQ,uniform-n4-t20-o20-s10005,c1_react,32000,3,react_step,407,578,39,stop,False,28597,28597,18.24015984404832
c1_react__uniform-n4-t20-o20-s10005__cap32000__Qwen-Qwen3-32B-AWQ,uniform-n4-t20-o20-s10005,c1_react,32000,4,react_step,495,420,45,stop,False,27485,27485,13.867095469497144
c1_react__uniform-n4-t20-o20-s10005__cap32000__Qwen-Qwen3-32B-AWQ,uniform-n4-t20-o20-s10005,c1_react,32000,5,react_step,589,4025,300,stop,False,26431,26431,130.5361216524616
c1_react__uniform-n4-t20-o20-s10005__cap32000__Qwen-Qwen3-32B-AWQ,uniform-n4-t20-o20-s10005,c1_react,32000,6,react_step,913,1333,5,stop,False,21193,21193,40.153065295889974
c1_react__uniform-n4-t20-o20-s10005__cap32000__Qwen-Qwen3-32B-AWQ,uniform-n4-t20-o20-s10005,c1_react,32000,7,finalize,93,0,7,stop,False,20018,20018,0.28440408781170845
c1_react__uniform-n4-t20-o20-s10005__cap64000__Qwen-Qwen3-32B-AWQ,uniform-n4-t20-o20-s10005,c1_react,64000,0,react_step,225,1177,7,stop,True,63519,32543,34.72217490989715
c1_react__uniform-n4-t20-o20-s10005__cap64000__Qwen-Qwen3-32B-AWQ,uniform-n4-t20-o20-s10005,c1_react,64000,1,react_step,256,485,10,stop,True,62079,32512,14.573483145795763
c1_react__uniform-n4-t20-o20-s10005__cap64000__Qwen-Qwen3-32B-AWQ,uniform-n4-t20-o20-s10005,c1_react,64000,2,react_step,315,222,43,stop,True,61269,32453,7.930240618065
c1_react__uniform-n4-t20-o20-s10005__cap64000__Qwen-Qwen3-32B-AWQ,uniform-n4-t20-o20-s10005,c1_react,64000,3,react_step,407,578,39,stop,True,60597,32361,18.256282777525485
c1_react__uniform-n4-t20-o20-s10005__cap64000__Qwen-Qwen3-32B-AWQ,uniform-n4-t20-o20-s10005,c1_react,64000,4,react_step,495,420,45,stop,True,59485,32273,13.877059940248728
c1_react__uniform-n4-t20-o20-s10005__cap64000__Qwen-Qwen3-32B-AWQ,uniform-n4-t20-o20-s10005,c1_react,64000,5,react_step,589,4025,300,stop,True,58431,32179,130.66724744718522
c1_react__uniform-n4-t20-o20-s10005__cap64000__Qwen-Qwen3-32B-AWQ,uniform-n4-t20-o20-s10005,c1_react,64000,6,react_step,913,1333,5,stop,True,53193,31855,40.19004291854799
c1_react__uniform-n4-t20-o20-s10005__cap64000__Qwen-Qwen3-32B-AWQ,uniform-n4-t20-o20-s10005,c1_react,64000,7,finalize,93,0,7,stop,True,52018,32675,0.2836487451568246
c1_react__uniform-n4-t20-o20-s10005__cap8000__Qwen-Qwen3-32B-AWQ,uniform-n4-t20-o20-s10005,c1_react,8000,0,react_step,225,1177,7,stop,False,7519,7519,34.42399402242154
c1_react__uniform-n4-t20-o20-s10005__cap8000__Qwen-Qwen3-32B-AWQ,uniform-n4-t20-o20-s10005,c1_react,8000,1,react_step,256,485,10,stop,False,6079,6079,14.424011756666005
c1_react__uniform-n4-t20-o20-s10005__cap8000__Qwen-Qwen3-32B-AWQ,uniform-n4-t20-o20-s10005,c1_react,8000,2,react_step,315,222,43,stop,False,5269,5269,7.858523132279515
c1_react__uniform-n4-t20-o20-s10005__cap8000__Qwen-Qwen3-32B-AWQ,uniform-n4-t20-o20-s10005,c1_react,8000,3,react_step,407,578,39,stop,False,4597,4597,18.143691582605243
c1_react__uniform-n4-t20-o20-s10005__cap8000__Qwen-Qwen3-32B-AWQ,uniform-n4-t20-o20-s10005,c1_react,8000,4,react_step,495,420,45,stop,False,3485,3485,13.84087591059506
c1_react__uniform-n4-t20-o20-s10005__cap8000__Qwen-Qwen3-32B-AWQ,uniform-n4-t20-o20-s10005,c1_react,8000,5,react_step,589,2431,0,length,False,2431,2431,72.59081184118986
c1_react__uniform-n4-t20-o20-s10005__cap8000__Qwen-Qwen3-32B-AWQ,uniform-n4-t20-o20-s10005,c1_react,8000,6,finalize,93,0,7,stop,False,163,163,0.26521492656320333
c1_react__uniform-n4-t20-o80-s10005__cap16000__Qwen-Qwen3-32B-AWQ,uniform-n4-t20-o80-s10005,c1_react,16000,0,react_step,225,1177,7,stop,False,15519,15519,34.68575189448893
c1_react__uniform-n4-t20-o80-s10005__cap16000__Qwen-Qwen3-32B-AWQ,uniform-n4-t20-o80-s10005,c1_react,16000,1,react_step,256,485,10,stop,False,14079,14079,14.554505674168468
c1_react__uniform-n4-t20-o80-s10005__cap16000__Qwen-Qwen3-32B-AWQ,uniform-n4-t20-o80-s10005,c1_react,16000,2,react_step,315,507,10,stop,False,13269,13269,15.251818552613258
c1_react__uniform-n4-t20-o80-s10005__cap16000__Qwen-Qwen3-32B-AWQ,uniform-n4-t20-o80-s10005,c1_react,16000,3,react_step,374,266,10,stop,False,12378,12378,8.28396939765662
c1_react__uniform-n4-t20-o80-s10005__cap16000__Qwen-Qwen3-32B-AWQ,uniform-n4-t20-o80-s10005,c1_react,16000,4,react_step,433,589,10,stop,False,11669,11669,17.733977364376187
c1_react__uniform-n4-t20-o80-s10005__cap16000__Qwen-Qwen3-32B-AWQ,uniform-n4-t20-o80-s10005,c1_react,16000,5,react_step,492,358,44,stop,False,10578,10578,12.030971595086157
c1_react__uniform-n4-t20-o80-s10005__cap16000__Qwen-Qwen3-32B-AWQ,uniform-n4-t20-o80-s10005,c1_react,16000,6,react_step,560,941,50,stop,False,9616,9616,29.402697677724063
c1_react__uniform-n4-t20-o80-s10005__cap16000__Qwen-Qwen3-32B-AWQ,uniform-n4-t20-o80-s10005,c1_react,16000,7,react_step,634,1463,13,stop,False,7991,7991,43.86896904744208
c1_react__uniform-n4-t20-o80-s10005__cap16000__Qwen-Qwen3-32B-AWQ,uniform-n4-t20-o80-s10005,c1_react,16000,8,react_step,671,3735,31,stop,False,5844,5844,113.36864703800529
c1_react__uniform-n4-t20-o80-s10005__cap16000__Qwen-Qwen3-32B-AWQ,uniform-n4-t20-o80-s10005,c1_react,16000,9,react_step,722,1356,0,length,False,1356,1356,40.44905723165721
c1_react__uniform-n4-t20-o80-s10005__cap16000__Qwen-Qwen3-32B-AWQ,uniform-n4-t20-o80-s10005,c1_react,16000,10,finalize,93,0,7,stop,False,163,163,0.2638324797153473
c1_react__uniform-n4-t20-o80-s10005__cap32000__Qwen-Qwen3-32B-AWQ,uniform-n4-t20-o80-s10005,c1_react,32000,0,react_step,225,1177,7,stop,False,31519,31519,34.70673849899322
c1_react__uniform-n4-t20-o80-s10005__cap32000__Qwen-Qwen3-32B-AWQ,uniform-n4-t20-o80-s10005,c1_react,32000,1,react_step,256,485,10,stop,False,30079,30079,14.564732963219285
c1_react__uniform-n4-t20-o80-s10005__cap32000__Qwen-Qwen3-32B-AWQ,uniform-n4-t20-o80-s10005,c1_react,32000,2,react_step,315,507,10,stop,False,29269,29269,15.265921495854855
c1_react__uniform-n4-t20-o80-s10005__cap32000__Qwen-Qwen3-32B-AWQ,uniform-n4-t20-o80-s10005,c1_react,32000,3,react_step,374,266,10,stop,False,28378,28378,8.290485786274076
c1_react__uniform-n4-t20-o80-s10005__cap32000__Qwen-Qwen3-32B-AWQ,uniform-n4-t20-o80-s10005,c1_react,32000,4,react_step,433,589,10,stop,False,27669,27669,17.736569114029408
c1_react__uniform-n4-t20-o80-s10005__cap32000__Qwen-Qwen3-32B-AWQ,uniform-n4-t20-o80-s10005,c1_react,32000,5,react_step,492,358,44,stop,False,26578,26578,12.024727878160775
c1_react__uniform-n4-t20-o80-s10005__cap32000__Qwen-Qwen3-32B-AWQ,uniform-n4-t20-o80-s10005,c1_react,32000,6,react_step,560,941,50,stop,False,25616,25616,29.39957741368562
c1_react__uniform-n4-t20-o80-s10005__cap32000__Qwen-Qwen3-32B-AWQ,uniform-n4-t20-o80-s10005,c1_react,32000,7,react_step,634,1463,13,stop,False,23991,23991,43.89424373488873
c1_react__uniform-n4-t20-o80-s10005__cap32000__Qwen-Qwen3-32B-AWQ,uniform-n4-t20-o80-s10005,c1_react,32000,8,react_step,671,3735,31,stop,False,21844,21844,113.43842586502433
c1_react__uniform-n4-t20-o80-s10005__cap32000__Qwen-Qwen3-32B-AWQ,uniform-n4-t20-o80-s10005,c1_react,32000,9,react_step,722,1892,85,stop,False,17356,17356,59.029646904207766
c1_react__uniform-n4-t20-o80-s10005__cap32000__Qwen-Qwen3-32B-AWQ,uniform-n4-t20-o80-s10005,c1_react,32000,10,react_step,833,403,15,stop,False,14546,14546,12.791054248809814
c1_react__uniform-n4-t20-o80-s10005__cap32000__Qwen-Qwen3-32B-AWQ,uniform-n4-t20-o80-s10005,c1_react,32000,11,react_step,874,2563,15,stop,False,13254,13254,77.55643623042852
c1_react__uniform-n4-t20-o80-s10005__cap32000__Qwen-Qwen3-32B-AWQ,uniform-n4-t20-o80-s10005,c1_react,32000,12,react_step,915,2694,32,stop,False,9761,9761,82.15628395508975
c1_react__uniform-n4-t20-o80-s10005__cap32000__Qwen-Qwen3-32B-AWQ,uniform-n4-t20-o80-s10005,c1_react,32000,13,react_step,967,864,5,stop,False,6068,6068,26.27702242229134
c1_react__uniform-n4-t20-o80-s10005__cap32000__Qwen-Qwen3-32B-AWQ,uniform-n4-t20-o80-s10005,c1_react,32000,14,finalize,117,0,7,stop,False,5338,5338,0.2999962456524372
c1_react__uniform-n4-t20-o80-s10005__cap64000__Qwen-Qwen3-32B-AWQ,uniform-n4-t20-o80-s10005,c1_react,64000,0,react_step,225,1177,7,stop,True,63519,32543,34.727008054964244
c1_react__uniform-n4-t20-o80-s10005__cap64000__Qwen-Qwen3-32B-AWQ,uniform-n4-t20-o80-s10005,c1_react,64000,1,react_step,256,485,10,stop,True,62079,32512,14.571525362320244
c1_react__uniform-n4-t20-o80-s10005__cap64000__Qwen-Qwen3-32B-AWQ,uniform-n4-t20-o80-s10005,c1_react,64000,2,react_step,315,507,10,stop,True,61269,32453,15.262524221092463
c1_react__uniform-n4-t20-o80-s10005__cap64000__Qwen-Qwen3-32B-AWQ,uniform-n4-t20-o80-s10005,c1_react,64000,3,react_step,374,266,10,stop,True,60378,32394,8.290761495009065
c1_react__uniform-n4-t20-o80-s10005__cap64000__Qwen-Qwen3-32B-AWQ,uniform-n4-t20-o80-s10005,c1_react,64000,4,react_step,433,589,10,stop,True,59669,32335,17.75063380226493
c1_react__uniform-n4-t20-o80-s10005__cap64000__Qwen-Qwen3-32B-AWQ,uniform-n4-t20-o80-s10005,c1_react,64000,5,react_step,492,358,44,stop,True,58578,32276,12.036220508627594
c1_react__uniform-n4-t20-o80-s10005__cap64000__Qwen-Qwen3-32B-AWQ,uniform-n4-t20-o80-s10005,c1_react,64000,6,react_step,560,941,50,stop,True,57616,32208,29.417730955407023
c1_react__uniform-n4-t20-o80-s10005__cap64000__Qwen-Qwen3-32B-AWQ,uniform-n4-t20-o80-s10005,c1_react,64000,7,react_step,634,1463,13,stop,True,55991,32134,43.92215601541102
c1_react__uniform-n4-t20-o80-s10005__cap64000__Qwen-Qwen3-32B-AWQ,uniform-n4-t20-o80-s10005,c1_react,64000,8,react_step,671,3735,31,stop,True,53844,32097,113.52171983662993
c1_react__uniform-n4-t20-o80-s10005__cap64000__Qwen-Qwen3-32B-AWQ,uniform-n4-t20-o80-s10005,c1_react,64000,9,react_step,722,1892,85,stop,True,49356,32046,59.052819539792836
c1_react__uniform-n4-t20-o80-s10005__cap64000__Qwen-Qwen3-32B-AWQ,uniform-n4-t20-o80-s10005,c1_react,64000,10,react_step,833,403,15,stop,True,46546,31935,12.793440601788461
c1_react__uniform-n4-t20-o80-s10005__cap64000__Qwen-Qwen3-32B-AWQ,uniform-n4-t20-o80-s10005,c1_react,64000,11,react_step,874,2563,15,stop,True,45254,31894,77.61106443498284
c1_react__uniform-n4-t20-o80-s10005__cap64000__Qwen-Qwen3-32B-AWQ,uniform-n4-t20-o80-s10005,c1_react,64000,12,react_step,915,2694,32,stop,True,41761,31853,82.19168675038964
c1_react__uniform-n4-t20-o80-s10005__cap64000__Qwen-Qwen3-32B-AWQ,uniform-n4-t20-o80-s10005,c1_react,64000,13,react_step,967,864,5,stop,True,38068,31801,26.29236964415759
c1_react__uniform-n4-t20-o80-s10005__cap64000__Qwen-Qwen3-32B-AWQ,uniform-n4-t20-o80-s10005,c1_react,64000,14,finalize,117,0,7,stop,True,37338,32651,0.30102674290537834
c1_react__uniform-n4-t20-o80-s10005__cap8000__Qwen-Qwen3-32B-AWQ,uniform-n4-t20-o80-s10005,c1_react,8000,0,react_step,225,1177,7,stop,False,7519,7519,34.67705381847918
c1_react__uniform-n4-t20-o80-s10005__cap8000__Qwen-Qwen3-32B-AWQ,uniform-n4-t20-o80-s10005,c1_react,8000,1,react_step,256,485,10,stop,False,6079,6079,14.547407784499228
c1_react__uniform-n4-t20-o80-s10005__cap8000__Qwen-Qwen3-32B-AWQ,uniform-n4-t20-o80-s10005,c1_react,8000,2,react_step,315,507,10,stop,False,5269,5269,15.239326166920364
c1_react__uniform-n4-t20-o80-s10005__cap8000__Qwen-Qwen3-32B-AWQ,uniform-n4-t20-o80-s10005,c1_react,8000,3,react_step,374,266,10,stop,False,4378,4378,8.2778137056157
c1_react__uniform-n4-t20-o80-s10005__cap8000__Qwen-Qwen3-32B-AWQ,uniform-n4-t20-o80-s10005,c1_react,8000,4,react_step,433,589,10,stop,False,3669,3669,17.722515202127397
c1_react__uniform-n4-t20-o80-s10005__cap8000__Qwen-Qwen3-32B-AWQ,uniform-n4-t20-o80-s10005,c1_react,8000,5,react_step,492,358,44,stop,False,2578,2578,12.021164581179619
c1_react__uniform-n4-t20-o80-s10005__cap8000__Qwen-Qwen3-32B-AWQ,uniform-n4-t20-o80-s10005,c1_react,8000,6,react_step,560,941,50,stop,False,1616,1616,29.377716151066124
c1_react__uniform-n4-t20-o80-s10005__cap8000__Qwen-Qwen3-32B-AWQ,uniform-n4-t20-o80-s10005,c1_react,8000,7,finalize,93,0,7,stop,False,788,788,0.2810663999989629
c1_react__uniform-n6-t100-o20-s10005__cap16000__Qwen-Qwen3-32B-AWQ,uniform-n6-t100-o20-s10005,c1_react,16000,0,react_step,225,1177,7,stop,False,15519,15519,34.6994012799114
c1_react__uniform-n6-t100-o20-s10005__cap16000__Qwen-Qwen3-32B-AWQ,uniform-n6-t100-o20-s10005,c1_react,16000,1,react_step,262,599,32,stop,False,14073,14073,18.55044802185148
c1_react__uniform-n6-t100-o20-s10005__cap16000__Qwen-Qwen3-32B-AWQ,uniform-n6-t100-o20-s10005,c1_react,16000,2,react_step,344,593,27,stop,False,13098,13098,18.28466088604182
c1_react__uniform-n6-t100-o20-s10005__cap16000__Qwen-Qwen3-32B-AWQ,uniform-n6-t100-o20-s10005,c1_react,16000,3,react_step,421,527,52,stop,False,12057,12057,17.139855267480016
c1_react__uniform-n6-t100-o20-s10005__cap16000__Qwen-Qwen3-32B-AWQ,uniform-n6-t100-o20-s10005,c1_react,16000,4,react_step,499,971,46,stop,False,10979,10979,30.10298845078796
c1_react__uniform-n6-t100-o20-s10005__cap16000__Qwen-Qwen3-32B-AWQ,uniform-n6-t100-o20-s10005,c1_react,16000,5,react_step,569,604,37,stop,False,9393,9393,19.090083187445998
c1_react__uniform-n6-t100-o20-s10005__cap16000__Qwen-Qwen3-32B-AWQ,uniform-n6-t100-o20-s10005,c1_react,16000,6,react_step,656,734,58,stop,False,8096,8096,23.61913000512868
c1_react__uniform-n6-t100-o20-s10005__cap16000__Qwen-Qwen3-32B-AWQ,uniform-n6-t100-o20-s10005,c1_react,16000,7,react_step,740,2440,28,stop,False,6564,6564,73.98540572915226
c1_react__uniform-n6-t100-o20-s10005__cap16000__Qwen-Qwen3-32B-AWQ,uniform-n6-t100-o20-s10005,c1_react,16000,8,react_step,818,3278,0,length,False,3278,3278,98.80156481638551
c1_react__uniform-n6-t100-o20-s10005__cap16000__Qwen-Qwen3-32B-AWQ,uniform-n6-t100-o20-s10005,c1_react,16000,9,finalize,93,0,7,stop,False,163,163,0.2652141498401761
c1_react__uniform-n6-t100-o20-s10005__cap32000__Qwen-Qwen3-32B-AWQ,uniform-n6-t100-o20-s10005,c1_react,32000,0,react_step,225,1177,7,stop,False,31519,31519,34.71233575325459
c1_react__uniform-n6-t100-o20-s10005__cap32000__Qwen-Qwen3-32B-AWQ,uniform-n6-t100-o20-s10005,c1_react,32000,1,react_step,262,599,32,stop,False,30073,30073,18.5593855753541
c1_react__uniform-n6-t100-o20-s10005__cap32000__Qwen-Qwen3-32B-AWQ,uniform-n6-t100-o20-s10005,c1_react,32000,2,react_step,344,593,27,stop,False,29098,29098,18.2975556794554
c1_react__uniform-n6-t100-o20-s10005__cap32000__Qwen-Qwen3-32B-AWQ,uniform-n6-t100-o20-s10005,c1_react,32000,3,react_step,421,527,52,stop,False,28057,28057,17.150920927524567
c1_react__uniform-n6-t100-o20-s10005__cap32000__Qwen-Qwen3-32B-AWQ,uniform-n6-t100-o20-s10005,c1_react,32000,4,react_step,499,971,46,stop,False,26979,26979,30.10844936221838
c1_react__uniform-n6-t100-o20-s10005__cap32000__Qwen-Qwen3-32B-AWQ,uniform-n6-t100-o20-s10005,c1_react,32000,5,react_step,569,604,37,stop,False,25393,25393,19.093512186780572
c1_react__uniform-n6-t100-o20-s10005__cap32000__Qwen-Qwen3-32B-AWQ,uniform-n6-t100-o20-s10005,c1_react,32000,6,react_step,656,734,58,stop,False,24096,24096,23.628906715661287
c1_react__uniform-n6-t100-o20-s10005__cap32000__Qwen-Qwen3-32B-AWQ,uniform-n6-t100-o20-s10005,c1_react,32000,7,react_step,740,2440,28,stop,False,22564,22564,73.95332270674407
c1_react__uniform-n6-t100-o20-s10005__cap32000__Qwen-Qwen3-32B-AWQ,uniform-n6-t100-o20-s10005,c1_react,32000,8,react_step,818,6150,26,stop,False,19278,19278,189.49558883253485
c1_react__uniform-n6-t100-o20-s10005__cap32000__Qwen-Qwen3-32B-AWQ,uniform-n6-t100-o20-s10005,c1_react,32000,9,react_step,864,1093,42,stop,False,12238,12238,34.05682125501335
c1_react__uniform-n6-t100-o20-s10005__cap32000__Qwen-Qwen3-32B-AWQ,uniform-n6-t100-o20-s10005,c1_react,32000,10,react_step,956,1180,142,stop,False,10147,10147,39.72918173111975
c1_react__uniform-n6-t100-o20-s10005__cap32000__Qwen-Qwen3-32B-AWQ,uniform-n6-t100-o20-s10005,c1_react,32000,11,react_step,1124,2383,15,stop,False,7701,7701,72.60459773615003
c1_react__uniform-n6-t100-o20-s10005__cap32000__Qwen-Qwen3-32B-AWQ,uniform-n6-t100-o20-s10005,c1_react,32000,12,react_step,1165,673,26,stop,False,4138,4138,21.457253701984882
c1_react__uniform-n6-t100-o20-s10005__cap32000__Qwen-Qwen3-32B-AWQ,uniform-n6-t100-o20-s10005,c1_react,32000,13,react_step,1211,2228,0,length,False,2228,2228,67.56985208299011
c1_react__uniform-n6-t100-o20-s10005__cap32000__Qwen-Qwen3-32B-AWQ,uniform-n6-t100-o20-s10005,c1_react,32000,14,finalize,111,0,57,stop,False,145,145,1.7212465777993202
c1_react__uniform-n6-t100-o20-s10005__cap64000__Qwen-Qwen3-32B-AWQ,uniform-n6-t100-o20-s10005,c1_react,64000,0,react_step,225,1177,7,stop,True,63519,32543,34.72720985673368
c1_react__uniform-n6-t100-o20-s10005__cap64000__Qwen-Qwen3-32B-AWQ,uniform-n6-t100-o20-s10005,c1_react,64000,1,react_step,262,599,32,stop,True,62073,32506,18.564306538552046
c1_react__uniform-n6-t100-o20-s10005__cap64000__Qwen-Qwen3-32B-AWQ,uniform-n6-t100-o20-s10005,c1_react,64000,2,react_step,344,593,27,stop,True,61098,32424,18.305085964500904
c1_react__uniform-n6-t100-o20-s10005__cap64000__Qwen-Qwen3-32B-AWQ,uniform-n6-t100-o20-s10005,c1_react,64000,3,react_step,421,527,52,stop,True,60057,32347,17.158043939620256
c1_react__uniform-n6-t100-o20-s10005__cap64000__Qwen-Qwen3-32B-AWQ,uniform-n6-t100-o20-s10005,c1_react,64000,4,react_step,499,971,46,stop,True,58979,32269,30.123710460960865
c1_react__uniform-n6-t100-o20-s10005__cap64000__Qwen-Qwen3-32B-AWQ,uniform-n6-t100-o20-s10005,c1_react,64000,5,react_step,569,604,37,stop,True,57393,32199,19.10482804570347
c1_react__uniform-n6-t100-o20-s10005__cap64000__Qwen-Qwen3-32B-AWQ,uniform-n6-t100-o20-s10005,c1_react,64000,6,react_step,656,734,58,stop,True,56096,32112,23.64675096143037
c1_react__uniform-n6-t100-o20-s10005__cap64000__Qwen-Qwen3-32B-AWQ,uniform-n6-t100-o20-s10005,c1_react,64000,7,react_step,740,2440,28,stop,True,54564,32028,73.99702583160251
c1_react__uniform-n6-t100-o20-s10005__cap64000__Qwen-Qwen3-32B-AWQ,uniform-n6-t100-o20-s10005,c1_react,64000,8,react_step,818,6150,26,stop,True,51278,31950,189.5466072037816
c1_react__uniform-n6-t100-o20-s10005__cap64000__Qwen-Qwen3-32B-AWQ,uniform-n6-t100-o20-s10005,c1_react,64000,9,react_step,864,1093,42,stop,True,44238,31904,34.07999383006245
c1_react__uniform-n6-t100-o20-s10005__cap64000__Qwen-Qwen3-32B-AWQ,uniform-n6-t100-o20-s10005,c1_react,64000,10,react_step,956,1180,142,stop,True,42147,31812,39.75970910862088
c1_react__uniform-n6-t100-o20-s10005__cap64000__Qwen-Qwen3-32B-AWQ,uniform-n6-t100-o20-s10005,c1_react,64000,11,react_step,1124,2383,15,stop,True,39701,31644,72.60586295370013
c1_react__uniform-n6-t100-o20-s10005__cap64000__Qwen-Qwen3-32B-AWQ,uniform-n6-t100-o20-s10005,c1_react,64000,12,react_step,1165,673,26,stop,True,36138,31603,21.471501381136477
c1_react__uniform-n6-t100-o20-s10005__cap64000__Qwen-Qwen3-32B-AWQ,uniform-n6-t100-o20-s10005,c1_react,64000,13,react_step,1211,5215,167,stop,True,34228,31557,165.6149903042242
c1_react__uniform-n6-t100-o20-s10005__cap64000__Qwen-Qwen3-32B-AWQ,uniform-n6-t100-o20-s10005,c1_react,64000,14,react_step,1404,2921,93,stop,False,27442,27442,91.96198368165642
c1_react__uniform-n6-t100-o20-s10005__cap64000__Qwen-Qwen3-32B-AWQ,uniform-n6-t100-o20-s10005,c1_react,64000,15,finalize,111,0,57,stop,False,24573,24573,1.7413241984322667
c1_react__uniform-n6-t100-o20-s10005__cap8000__Qwen-Qwen3-32B-AWQ,uniform-n6-t100-o20-s10005,c1_react,8000,0,react_step,225,1177,7,stop,False,7519,7519,34.663539483211935
c1_react__uniform-n6-t100-o20-s10005__cap8000__Qwen-Qwen3-32B-AWQ,uniform-n6-t100-o20-s10005,c1_react,8000,1,react_step,262,599,32,stop,False,6073,6073,18.533292612992227
c1_react__uniform-n6-t100-o20-s10005__cap8000__Qwen-Qwen3-32B-AWQ,uniform-n6-t100-o20-s10005,c1_react,8000,2,react_step,344,593,27,stop,False,5098,5098,18.27585845813155
c1_react__uniform-n6-t100-o20-s10005__cap8000__Qwen-Qwen3-32B-AWQ,uniform-n6-t100-o20-s10005,c1_react,8000,3,react_step,421,527,52,stop,False,4057,4057,17.13370951730758
c1_react__uniform-n6-t100-o20-s10005__cap8000__Qwen-Qwen3-32B-AWQ,uniform-n6-t100-o20-s10005,c1_react,8000,4,react_step,499,971,46,stop,False,2979,2979,30.08625498600304
c1_react__uniform-n6-t100-o20-s10005__cap8000__Qwen-Qwen3-32B-AWQ,uniform-n6-t100-o20-s10005,c1_react,8000,5,react_step,569,604,37,stop,False,1393,1393,19.076643775217235
c1_react__uniform-n6-t100-o20-s10005__cap8000__Qwen-Qwen3-32B-AWQ,uniform-n6-t100-o20-s10005,c1_react,8000,6,react_step,656,96,0,length,False,96,96,3.2294660108163953
c1_react__uniform-n6-t100-o20-s10005__cap8000__Qwen-Qwen3-32B-AWQ,uniform-n6-t100-o20-s10005,c1_react,8000,7,finalize,93,0,7,stop,False,163,163,0.2653751792386174
c1_react__uniform-n6-t100-o20-s10006__cap16000__Qwen-Qwen3-32B-AWQ,uniform-n6-t100-o20-s10006,c1_react,16000,0,react_step,225,1177,7,stop,False,15519,15519,34.6903620865196
c1_react__uniform-n6-t100-o20-s10006__cap16000__Qwen-Qwen3-32B-AWQ,uniform-n6-t100-o20-s10006,c1_react,16000,1,react_step,262,599,32,stop,False,14073,14073,18.54465434886515
c1_react__uniform-n6-t100-o20-s10006__cap16000__Qwen-Qwen3-32B-AWQ,uniform-n6-t100-o20-s10006,c1_react,16000,2,react_step,344,594,30,stop,False,13098,13098,18.404365373775363
c1_react__uniform-n6-t100-o20-s10006__cap16000__Qwen-Qwen3-32B-AWQ,uniform-n6-t100-o20-s10006,c1_react,16000,3,react_step,424,932,26,stop,False,12050,12050,28.26270185317844
c1_react__uniform-n6-t100-o20-s10006__cap16000__Qwen-Qwen3-32B-AWQ,uniform-n6-t100-o20-s10006,c1_react,16000,4,react_step,498,720,26,stop,False,10594,10594,22.094744289293885
c1_react__uniform-n6-t100-o20-s10006__cap16000__Qwen-Qwen3-32B-AWQ,uniform-n6-t100-o20-s10006,c1_react,16000,5,react_step,574,967,26,stop,False,9274,9274,29.46985697839409
c1_react__uniform-n6-t100-o20-s10006__cap16000__Qwen-Qwen3-32B-AWQ,uniform-n6-t100-o20-s10006,c1_react,16000,6,react_step,650,853,28,stop,False,7631,7631,26.25042737275362
c1_react__uniform-n6-t100-o20-s10006__cap16000__Qwen-Qwen3-32B-AWQ,uniform-n6-t100-o20-s10006,c1_react,16000,7,react_step,727,1095,43,stop,False,6023,6023,33.94978672917932
c1_react__uniform-n6-t100-o20-s10006__cap16000__Qwen-Qwen3-32B-AWQ,uniform-n6-t100-o20-s10006,c1_react,16000,8,react_step,794,1504,15,stop,False,4091,4091,45.37431570608169
c1_react__uniform-n6-t100-o20-s10006__cap16000__Qwen-Qwen3-32B-AWQ,uniform-n6-t100-o20-s10006,c1_react,16000,9,react_step,835,1737,0,length,False,1737,1737,51.97209944669157
c1_react__uniform-n6-t100-o20-s10006__cap16000__Qwen-Qwen3-32B-AWQ,uniform-n6-t100-o20-s10006,c1_react,16000,10,finalize,93,0,7,stop,False,163,163,0.26434929575771093
c1_react__uniform-n6-t100-o20-s10006__cap32000__Qwen-Qwen3-32B-AWQ,uniform-n6-t100-o20-s10006,c1_react,32000,0,react_step,225,1177,7,stop,False,31519,31519,34.72638707049191
c1_react__uniform-n6-t100-o20-s10006__cap32000__Qwen-Qwen3-32B-AWQ,uniform-n6-t100-o20-s10006,c1_react,32000,1,react_step,262,599,32,stop,False,30073,30073,18.56338380277157
c1_react__uniform-n6-t100-o20-s10006__cap32000__Qwen-Qwen3-32B-AWQ,uniform-n6-t100-o20-s10006,c1_react,32000,2,react_step,344,594,30,stop,False,29098,29098,18.420873167924583
c1_react__uniform-n6-t100-o20-s10006__cap32000__Qwen-Qwen3-32B-AWQ,uniform-n6-t100-o20-s10006,c1_react,32000,3,react_step,424,932,26,stop,False,28050,28050,28.27664212230593
c1_react__uniform-n6-t100-o20-s10006__cap32000__Qwen-Qwen3-32B-AWQ,uniform-n6-t100-o20-s10006,c1_react,32000,4,react_step,498,720,26,stop,False,26594,26594,22.110557148233056
c1_react__uniform-n6-t100-o20-s10006__cap32000__Qwen-Qwen3-32B-AWQ,uniform-n6-t100-o20-s10006,c1_react,32000,5,react_step,574,967,26,stop,False,25274,25274,29.49997948668897
c1_react__uniform-n6-t100-o20-s10006__cap32000__Qwen-Qwen3-32B-AWQ,uniform-n6-t100-o20-s10006,c1_react,32000,6,react_step,650,853,28,stop,False,23631,23631,26.273356393910944
c1_react__uniform-n6-t100-o20-s10006__cap32000__Qwen-Qwen3-32B-AWQ,uniform-n6-t100-o20-s10006,c1_react,32000,7,react_step,727,1095,43,stop,False,22023,22023,33.98988392390311
c1_react__uniform-n6-t100-o20-s10006__cap32000__Qwen-Qwen3-32B-AWQ,uniform-n6-t100-o20-s10006,c1_react,32000,8,react_step,794,1504,15,stop,False,20091,20091,45.42319700215012
c1_react__uniform-n6-t100-o20-s10006__cap32000__Qwen-Qwen3-32B-AWQ,uniform-n6-t100-o20-s10006,c1_react,32000,9,react_step,835,8396,40,stop,False,17737,17737,262.54018299281597
c1_react__uniform-n6-t100-o20-s10006__cap32000__Qwen-Qwen3-32B-AWQ,uniform-n6-t100-o20-s10006,c1_react,32000,10,react_step,899,2746,15,stop,False,8402,8402,83.21645841933787
c1_react__uniform-n6-t100-o20-s10006__cap32000__Qwen-Qwen3-32B-AWQ,uniform-n6-t100-o20-s10006,c1_react,32000,11,react_step,940,4533,150,stop,False,4701,4701,142.77310292515904
c1_react__uniform-n6-t100-o20-s10006__cap32000__Qwen-Qwen3-32B-AWQ,uniform-n6-t100-o20-s10006,c1_react,32000,12,finalize,93,0,7,stop,False,181,181,0.2803035816177726
c1_react__uniform-n6-t100-o20-s10006__cap64000__Qwen-Qwen3-32B-AWQ,uniform-n6-t100-o20-s10006,c1_react,64000,0,react_step,225,1177,7,stop,True,63519,32543,34.72814719751477
c1_react__uniform-n6-t100-o20-s10006__cap64000__Qwen-Qwen3-32B-AWQ,uniform-n6-t100-o20-s10006,c1_react,64000,1,react_step,262,599,32,stop,True,62073,32506,18.569348827935755
c1_react__uniform-n6-t100-o20-s10006__cap64000__Qwen-Qwen3-32B-AWQ,uniform-n6-t100-o20-s10006,c1_react,64000,2,react_step,344,594,30,stop,True,61098,32424,18.425197828561068
c1_react__uniform-n6-t100-o20-s10006__cap64000__Qwen-Qwen3-32B-AWQ,uniform-n6-t100-o20-s10006,c1_react,64000,3,react_step,424,932,26,stop,True,60050,32344,28.29173250682652
c1_react__uniform-n6-t100-o20-s10006__cap64000__Qwen-Qwen3-32B-AWQ,uniform-n6-t100-o20-s10006,c1_react,64000,4,react_step,498,720,26,stop,True,58594,32270,22.11817719321698
c1_react__uniform-n6-t100-o20-s10006__cap64000__Qwen-Qwen3-32B-AWQ,uniform-n6-t100-o20-s10006,c1_react,64000,5,react_step,574,967,26,stop,True,57274,32194,29.51968420110643
c1_react__uniform-n6-t100-o20-s10006__cap64000__Qwen-Qwen3-32B-AWQ,uniform-n6-t100-o20-s10006,c1_react,64000,6,react_step,650,853,28,stop,True,55631,32118,26.285208364017308
c1_react__uniform-n6-t100-o20-s10006__cap64000__Qwen-Qwen3-32B-AWQ,uniform-n6-t100-o20-s10006,c1_react,64000,7,react_step,727,1095,43,stop,True,54023,32041,34.00551084801555
c1_react__uniform-n6-t100-o20-s10006__cap64000__Qwen-Qwen3-32B-AWQ,uniform-n6-t100-o20-s10006,c1_react,64000,8,react_step,794,1504,15,stop,True,52091,31974,45.44927179720253
c1_react__uniform-n6-t100-o20-s10006__cap64000__Qwen-Qwen3-32B-AWQ,uniform-n6-t100-o20-s10006,c1_react,64000,9,react_step,835,8396,40,stop,True,49737,31933,262.705040900968
c1_react__uniform-n6-t100-o20-s10006__cap64000__Qwen-Qwen3-32B-AWQ,uniform-n6-t100-o20-s10006,c1_react,64000,10,react_step,899,2746,15,stop,True,40402,31869,83.28952076286077
c1_react__uniform-n6-t100-o20-s10006__cap64000__Qwen-Qwen3-32B-AWQ,uniform-n6-t100-o20-s10006,c1_react,64000,11,react_step,940,4533,150,stop,True,36701,31828,142.8504479220137
c1_react__uniform-n6-t100-o20-s10006__cap64000__Qwen-Qwen3-32B-AWQ,uniform-n6-t100-o20-s10006,c1_react,64000,12,react_step,1116,7143,32,stop,False,30902,30902,222.8666299516335
c1_react__uniform-n6-t100-o20-s10006__cap64000__Qwen-Qwen3-32B-AWQ,uniform-n6-t100-o20-s10006,c1_react,64000,13,react_step,1168,5107,5,stop,False,22559,22559,156.97678238805383
c1_react__uniform-n6-t100-o20-s10006__cap64000__Qwen-Qwen3-32B-AWQ,uniform-n6-t100-o20-s10006,c1_react,64000,14,finalize,93,0,7,stop,False,17610,17610,0.28363505750894547
c1_react__uniform-n6-t100-o20-s10006__cap8000__Qwen-Qwen3-32B-AWQ,uniform-n6-t100-o20-s10006,c1_react,8000,0,react_step,225,1177,7,stop,False,7519,7519,34.67723042238504
c1_react__uniform-n6-t100-o20-s10006__cap8000__Qwen-Qwen3-32B-AWQ,uniform-n6-t100-o20-s10006,c1_react,8000,1,react_step,262,599,32,stop,False,6073,6073,18.53953757043928
c1_react__uniform-n6-t100-o20-s10006__cap8000__Qwen-Qwen3-32B-AWQ,uniform-n6-t100-o20-s10006,c1_react,8000,2,react_step,344,594,30,stop,False,5098,5098,18.395136145874858
c1_react__uniform-n6-t100-o20-s10006__cap8000__Qwen-Qwen3-32B-AWQ,uniform-n6-t100-o20-s10006,c1_react,8000,3,react_step,424,932,26,stop,False,4050,4050,28.24208375811577
c1_react__uniform-n6-t100-o20-s10006__cap8000__Qwen-Qwen3-32B-AWQ,uniform-n6-t100-o20-s10006,c1_react,8000,4,react_step,498,720,26,stop,False,2594,2594,22.084576186724007
c1_react__uniform-n6-t100-o20-s10006__cap8000__Qwen-Qwen3-32B-AWQ,uniform-n6-t100-o20-s10006,c1_react,8000,5,react_step,574,967,26,stop,False,1274,1274,29.467125705443323
c1_react__uniform-n6-t100-o20-s10006__cap8000__Qwen-Qwen3-32B-AWQ,uniform-n6-t100-o20-s10006,c1_react,8000,6,finalize,93,0,7,stop,False,444,444,0.28066098038107157
c1_react__uniform-n6-t100-o80-s10005__cap16000__Qwen-Qwen3-32B-AWQ,uniform-n6-t100-o80-s10005,c1_react,16000,0,react_step,225,1177,7,stop,False,15519,15519,34.692449091002345
c1_react__uniform-n6-t100-o80-s10005__cap16000__Qwen-Qwen3-32B-AWQ,uniform-n6-t100-o80-s10005,c1_react,16000,1,react_step,262,599,32,stop,False,14073,14073,18.552953323349357
c1_react__uniform-n6-t100-o80-s10005__cap16000__Qwen-Qwen3-32B-AWQ,uniform-n6-t100-o80-s10005,c1_react,16000,2,react_step,344,1010,50,stop,False,13098,13098,31.20597965270281
c1_react__uniform-n6-t100-o80-s10005__cap16000__Qwen-Qwen3-32B-AWQ,uniform-n6-t100-o80-s10005,c1_react,16000,3,react_step,418,364,10,stop,False,11620,11620,11.162310484796762
c1_react__uniform-n6-t100-o80-s10005__cap16000__Qwen-Qwen3-32B-AWQ,uniform-n6-t100-o80-s10005,c1_react,16000,4,react_step,478,692,64,stop,False,10768,10768,22.3713194206357
c1_react__uniform-n6-t100-o80-s10005__cap16000__Qwen-Qwen3-32B-AWQ,uniform-n6-t100-o80-s10005,c1_react,16000,5,react_step,568,806,104,stop,False,9444,9444,27.024441327899694
c1_react__uniform-n6-t100-o80-s10005__cap16000__Qwen-Qwen3-32B-AWQ,uniform-n6-t100-o80-s10005,c1_react,16000,6,react_step,722,1087,13,stop,False,7812,7812,32.8482246119529
c1_react__uniform-n6-t100-o80-s10005__cap16000__Qwen-Qwen3-32B-AWQ,uniform-n6-t100-o80-s10005,c1_react,16000,7,react_step,759,5953,0,length,False,5953,5953,182.04235640354455
c1_react__uniform-n6-t100-o80-s10005__cap16000__Qwen-Qwen3-32B-AWQ,uniform-n6-t100-o80-s10005,c1_react,16000,8,finalize,93,0,7,stop,False,163,163,0.26280947495251894
c1_react__uniform-n6-t100-o80-s10005__cap32000__Qwen-Qwen3-32B-AWQ,uniform-n6-t100-o80-s10005,c1_react,32000,0,react_step,225,1177,7,stop,False,31519,31519,34.71868390124291
c1_react__uniform-n6-t100-o80-s10005__cap32000__Qwen-Qwen3-32B-AWQ,uniform-n6-t100-o80-s10005,c1_react,32000,1,react_step,262,599,32,stop,False,30073,30073,18.562395094893873
c1_react__uniform-n6-t100-o80-s10005__cap32000__Qwen-Qwen3-32B-AWQ,uniform-n6-t100-o80-s10005,c1_react,32000,2,react_step,344,1010,50,stop,False,29098,29098,31.22038950957358
c1_react__uniform-n6-t100-o80-s10005__cap32000__Qwen-Qwen3-32B-AWQ,uniform-n6-t100-o80-s10005,c1_react,32000,3,react_step,418,364,10,stop,False,27620,27620,11.16418954078108
c1_react__uniform-n6-t100-o80-s10005__cap32000__Qwen-Qwen3-32B-AWQ,uniform-n6-t100-o80-s10005,c1_react,32000,4,react_step,478,692,64,stop,False,26768,26768,22.3817030582577
c1_react__uniform-n6-t100-o80-s10005__cap32000__Qwen-Qwen3-32B-AWQ,uniform-n6-t100-o80-s10005,c1_react,32000,5,react_step,568,806,104,stop,False,25444,25444,27.038943995721638
c1_react__uniform-n6-t100-o80-s10005__cap32000__Qwen-Qwen3-32B-AWQ,uniform-n6-t100-o80-s10005,c1_react,32000,6,react_step,722,1087,13,stop,False,23812,23812,32.85156713798642
c1_react__uniform-n6-t100-o80-s10005__cap32000__Qwen-Qwen3-32B-AWQ,uniform-n6-t100-o80-s10005,c1_react,32000,7,react_step,759,7556,66,stop,False,21953,21953,235.7568363333121
c1_react__uniform-n6-t100-o80-s10005__cap32000__Qwen-Qwen3-32B-AWQ,uniform-n6-t100-o80-s10005,c1_react,32000,8,react_step,845,1167,55,stop,False,13486,13486,36.636912597343326
c1_react__uniform-n6-t100-o80-s10005__cap32000__Qwen-Qwen3-32B-AWQ,uniform-n6-t100-o80-s10005,c1_react,32000,9,react_step,950,1641,86,stop,False,11314,11314,51.87799859698862
c1_react__uniform-n6-t100-o80-s10005__cap32000__Qwen-Qwen3-32B-AWQ,uniform-n6-t100-o80-s10005,c1_react,32000,10,react_step,1062,2688,10,stop,False,8525,8525,81.60795760992914
c1_react__uniform-n6-t100-o80-s10005__cap32000__Qwen-Qwen3-32B-AWQ,uniform-n6-t100-o80-s10005,c1_react,32000,11,react_step,1122,546,15,stop,False,4705,4705,17.310638464987278
c1_react__uniform-n6-t100-o80-s10005__cap32000__Qwen-Qwen3-32B-AWQ,uniform-n6-t100-o80-s10005,c1_react,32000,12,react_step,1163,1639,10,stop,False,2981,2981,49.88910676538944
c1_react__uniform-n6-t100-o80-s10005__cap32000__Qwen-Qwen3-32B-AWQ,uniform-n6-t100-o80-s10005,c1_react,32000,13,react_step,1223,109,0,length,False,109,109,4.036518999375403
c1_react__uniform-n6-t100-o80-s10005__cap32000__Qwen-Qwen3-32B-AWQ,uniform-n6-t100-o80-s10005,c1_react,32000,14,finalize,93,0,7,stop,False,163,163,0.26525529753416777
c1_react__uniform-n6-t100-o80-s10005__cap64000__Qwen-Qwen3-32B-AWQ,uniform-n6-t100-o80-s10005,c1_react,64000,0,react_step,225,1177,7,stop,True,63519,32543,34.73162322770804
c1_react__uniform-n6-t100-o80-s10005__cap64000__Qwen-Qwen3-32B-AWQ,uniform-n6-t100-o80-s10005,c1_react,64000,1,react_step,262,599,32,stop,True,62073,32506,18.56950836069882
c1_react__uniform-n6-t100-o80-s10005__cap64000__Qwen-Qwen3-32B-AWQ,uniform-n6-t100-o80-s10005,c1_react,64000,2,react_step,344,1010,50,stop,True,61098,32424,31.232382506132126
c1_react__uniform-n6-t100-o80-s10005__cap64000__Qwen-Qwen3-32B-AWQ,uniform-n6-t100-o80-s10005,c1_react,64000,3,react_step,418,364,10,stop,True,59620,32350,11.171715908683836
c1_react__uniform-n6-t100-o80-s10005__cap64000__Qwen-Qwen3-32B-AWQ,uniform-n6-t100-o80-s10005,c1_react,64000,4,react_step,478,692,64,stop,True,58768,32290,22.39064963813871
c1_react__uniform-n6-t100-o80-s10005__cap64000__Qwen-Qwen3-32B-AWQ,uniform-n6-t100-o80-s10005,c1_react,64000,5,react_step,568,806,104,stop,True,57444,32200,27.043234546668828
c1_react__uniform-n6-t100-o80-s10005__cap64000__Qwen-Qwen3-32B-AWQ,uniform-n6-t100-o80-s10005,c1_react,64000,6,react_step,722,1087,13,stop,True,55812,32046,32.866784196347
c1_react__uniform-n6-t100-o80-s10005__cap64000__Qwen-Qwen3-32B-AWQ,uniform-n6-t100-o80-s10005,c1_react,64000,7,react_step,759,7556,66,stop,True,53953,32009,235.85100173670799
c1_react__uniform-n6-t100-o80-s10005__cap64000__Qwen-Qwen3-32B-AWQ,uniform-n6-t100-o80-s10005,c1_react,64000,8,react_step,845,1167,55,stop,True,45486,31923,36.65422114357352
c1_react__uniform-n6-t100-o80-s10005__cap64000__Qwen-Qwen3-32B-AWQ,uniform-n6-t100-o80-s10005,c1_react,64000,9,react_step,950,1641,86,stop,True,43314,31818,51.882829242385924
c1_react__uniform-n6-t100-o80-s10005__cap64000__Qwen-Qwen3-32B-AWQ,uniform-n6-t100-o80-s10005,c1_react,64000,10,react_step,1062,2688,10,stop,True,40525,31706,81.64545795600861
c1_react__uniform-n6-t100-o80-s10005__cap64000__Qwen-Qwen3-32B-AWQ,uniform-n6-t100-o80-s10005,c1_react,64000,11,react_step,1122,546,15,stop,True,36705,31646,17.328414633870125
c1_react__uniform-n6-t100-o80-s10005__cap64000__Qwen-Qwen3-32B-AWQ,uniform-n6-t100-o80-s10005,c1_react,64000,12,react_step,1163,1639,10,stop,True,34981,31605,49.91300985310227
c1_react__uniform-n6-t100-o80-s10005__cap64000__Qwen-Qwen3-32B-AWQ,uniform-n6-t100-o80-s10005,c1_react,64000,13,react_step,1223,5814,52,stop,True,32109,31545,181.02540663070977
c1_react__uniform-n6-t100-o80-s10005__cap64000__Qwen-Qwen3-32B-AWQ,uniform-n6-t100-o80-s10005,c1_react,64000,14,react_step,1295,6117,5,stop,False,24948,24948,189.57954696938396
c1_react__uniform-n6-t100-o80-s10005__cap64000__Qwen-Qwen3-32B-AWQ,uniform-n6-t100-o80-s10005,c1_react,64000,15,finalize,97,0,7,stop,False,18985,18985,0.28531845659017563
c1_react__uniform-n6-t100-o80-s10005__cap8000__Qwen-Qwen3-32B-AWQ,uniform-n6-t100-o80-s10005,c1_react,8000,0,react_step,225,1177,7,stop,False,7519,7519,34.68323517590761
c1_react__uniform-n6-t100-o80-s10005__cap8000__Qwen-Qwen3-32B-AWQ,uniform-n6-t100-o80-s10005,c1_react,8000,1,react_step,262,599,32,stop,False,6073,6073,18.5375851187855
c1_react__uniform-n6-t100-o80-s10005__cap8000__Qwen-Qwen3-32B-AWQ,uniform-n6-t100-o80-s10005,c1_react,8000,2,react_step,344,1010,50,stop,False,5098,5098,31.177787704393268
c1_react__uniform-n6-t100-o80-s10005__cap8000__Qwen-Qwen3-32B-AWQ,uniform-n6-t100-o80-s10005,c1_react,8000,3,react_step,418,364,10,stop,False,3620,3620,11.151179277338088
c1_react__uniform-n6-t100-o80-s10005__cap8000__Qwen-Qwen3-32B-AWQ,uniform-n6-t100-o80-s10005,c1_react,8000,4,react_step,478,692,64,stop,False,2768,2768,22.34753793757409
c1_react__uniform-n6-t100-o80-s10005__cap8000__Qwen-Qwen3-32B-AWQ,uniform-n6-t100-o80-s10005,c1_react,8000,5,react_step,568,806,104,stop,False,1444,1444,26.992684794589877
c1_react__uniform-n6-t100-o80-s10005__cap8000__Qwen-Qwen3-32B-AWQ,uniform-n6-t100-o80-s10005,c1_react,8000,6,finalize,93,0,7,stop,False,697,697,0.2829418256878853
c1_react__uniform-n6-t100-o80-s10006__cap16000__Qwen-Qwen3-32B-AWQ,uniform-n6-t100-o80-s10006,c1_react,16000,0,react_step,225,1177,7,stop,False,15519,15519,34.70274571701884
c1_react__uniform-n6-t100-o80-s10006__cap16000__Qwen-Qwen3-32B-AWQ,uniform-n6-t100-o80-s10006,c1_react,16000,1,react_step,262,599,32,stop,False,14073,14073,18.552439325489104
c1_react__uniform-n6-t100-o80-s10006__cap16000__Qwen-Qwen3-32B-AWQ,uniform-n6-t100-o80-s10006,c1_react,16000,2,react_step,344,444,57,stop,False,13098,13098,14.818351822905242
c1_react__uniform-n6-t100-o80-s10006__cap16000__Qwen-Qwen3-32B-AWQ,uniform-n6-t100-o80-s10006,c1_react,16000,3,react_step,425,250,75,stop,False,12172,12172,9.73535851109773
c1_react__uniform-n6-t100-o80-s10006__cap16000__Qwen-Qwen3-32B-AWQ,uniform-n6-t100-o80-s10006,c1_react,16000,4,react_step,550,564,66,stop,False,11297,11297,18.75836270675063
c1_react__uniform-n6-t100-o80-s10006__cap16000__Qwen-Qwen3-32B-AWQ,uniform-n6-t100-o80-s10006,c1_react,16000,5,react_step,642,171,10,stop,False,10025,10025,5.7048476077616215
c1_react__uniform-n6-t100-o80-s10006__cap16000__Qwen-Qwen3-32B-AWQ,uniform-n6-t100-o80-s10006,c1_react,16000,6,react_step,702,325,13,stop,False,9142,9142,10.319695215672255
c1_react__uniform-n6-t100-o80-s10006__cap16000__Qwen-Qwen3-32B-AWQ,uniform-n6-t100-o80-s10006,c1_react,16000,7,react_step,739,812,32,stop,False,8065,8065,25.262842947617173
c1_react__uniform-n6-t100-o80-s10006__cap16000__Qwen-Qwen3-32B-AWQ,uniform-n6-t100-o80-s10006,c1_react,16000,8,react_step,821,4688,10,stop,False,6400,6400,142.7597667966038
c1_react__uniform-n6-t100-o80-s10006__cap16000__Qwen-Qwen3-32B-AWQ,uniform-n6-t100-o80-s10006,c1_react,16000,9,react_step,881,821,0,length,False,821,821,24.74157457239926
c1_react__uniform-n6-t100-o80-s10006__cap16000__Qwen-Qwen3-32B-AWQ,uniform-n6-t100-o80-s10006,c1_react,16000,10,finalize,93,0,7,stop,False,163,163,0.2624040562659502
c1_react__uniform-n6-t100-o80-s10006__cap32000__Qwen-Qwen3-32B-AWQ,uniform-n6-t100-o80-s10006,c1_react,32000,0,react_step,225,1177,7,stop,False,31519,31519,34.72287043184042
c1_react__uniform-n6-t100-o80-s10006__cap32000__Qwen-Qwen3-32B-AWQ,uniform-n6-t100-o80-s10006,c1_react,32000,1,react_step,262,599,32,stop,False,30073,30073,18.56441959179938
c1_react__uniform-n6-t100-o80-s10006__cap32000__Qwen-Qwen3-32B-AWQ,uniform-n6-t100-o80-s10006,c1_react,32000,2,react_step,344,444,57,stop,False,29098,29098,14.830941301770508
c1_react__uniform-n6-t100-o80-s10006__cap32000__Qwen-Qwen3-32B-AWQ,uniform-n6-t100-o80-s10006,c1_react,32000,3,react_step,425,250,75,stop,False,28172,28172,9.744642688892782
c1_react__uniform-n6-t100-o80-s10006__cap32000__Qwen-Qwen3-32B-AWQ,uniform-n6-t100-o80-s10006,c1_react,32000,4,react_step,550,564,66,stop,False,27297,27297,18.765688790008426
c1_react__uniform-n6-t100-o80-s10006__cap32000__Qwen-Qwen3-32B-AWQ,uniform-n6-t100-o80-s10006,c1_react,32000,5,react_step,642,171,10,stop,False,26025,26025,5.707421009428799
c1_react__uniform-n6-t100-o80-s10006__cap32000__Qwen-Qwen3-32B-AWQ,uniform-n6-t100-o80-s10006,c1_react,32000,6,react_step,702,325,13,stop,False,25142,25142,10.325656318105757
c1_react__uniform-n6-t100-o80-s10006__cap32000__Qwen-Qwen3-32B-AWQ,uniform-n6-t100-o80-s10006,c1_react,32000,7,react_step,739,812,32,stop,False,24065,24065,25.287175983190536
c1_react__uniform-n6-t100-o80-s10006__cap32000__Qwen-Qwen3-32B-AWQ,uniform-n6-t100-o80-s10006,c1_react,32000,8,react_step,821,4688,10,stop,False,22400,22400,142.95475601125509
c1_react__uniform-n6-t100-o80-s10006__cap32000__Qwen-Qwen3-32B-AWQ,uniform-n6-t100-o80-s10006,c1_react,32000,9,react_step,881,6251,103,stop,False,16821,16821,195.46924917772412
c1_react__uniform-n6-t100-o80-s10006__cap32000__Qwen-Qwen3-32B-AWQ,uniform-n6-t100-o80-s10006,c1_react,32000,10,react_step,1010,2187,37,stop,False,9457,9457,67.0839602900669
c1_react__uniform-n6-t100-o80-s10006__cap32000__Qwen-Qwen3-32B-AWQ,uniform-n6-t100-o80-s10006,c1_react,32000,11,react_step,1097,6136,0,length,False,6136,6136,189.22507366817445
c1_react__uniform-n6-t100-o80-s10006__cap32000__Qwen-Qwen3-32B-AWQ,uniform-n6-t100-o80-s10006,c1_react,32000,12,finalize,93,0,7,stop,False,163,163,0.26364371459931135
c1_react__uniform-n6-t100-o80-s10006__cap64000__Qwen-Qwen3-32B-AWQ,uniform-n6-t100-o80-s10006,c1_react,64000,0,react_step,225,1177,7,stop,True,63519,32543,34.74577326513827
c1_react__uniform-n6-t100-o80-s10006__cap64000__Qwen-Qwen3-32B-AWQ,uniform-n6-t100-o80-s10006,c1_react,64000,1,react_step,262,599,32,stop,True,62073,32506,18.56513881776482
c1_react__uniform-n6-t100-o80-s10006__cap64000__Qwen-Qwen3-32B-AWQ,uniform-n6-t100-o80-s10006,c1_react,64000,2,react_step,344,444,57,stop,True,61098,32424,14.833913018926978
c1_react__uniform-n6-t100-o80-s10006__cap64000__Qwen-Qwen3-32B-AWQ,uniform-n6-t100-o80-s10006,c1_react,64000,3,react_step,425,250,75,stop,True,60172,32343,9.742028158158064
c1_react__uniform-n6-t100-o80-s10006__cap64000__Qwen-Qwen3-32B-AWQ,uniform-n6-t100-o80-s10006,c1_react,64000,4,react_step,550,564,66,stop,True,59297,32218,18.771333869546652
c1_react__uniform-n6-t100-o80-s10006__cap64000__Qwen-Qwen3-32B-AWQ,uniform-n6-t100-o80-s10006,c1_react,64000,5,react_step,642,171,10,stop,True,58025,32126,5.706876966170967
c1_react__uniform-n6-t100-o80-s10006__cap64000__Qwen-Qwen3-32B-AWQ,uniform-n6-t100-o80-s10006,c1_react,64000,6,react_step,702,325,13,stop,True,57142,32066,10.329465025104582
c1_react__uniform-n6-t100-o80-s10006__cap64000__Qwen-Qwen3-32B-AWQ,uniform-n6-t100-o80-s10006,c1_react,64000,7,react_step,739,812,32,stop,True,56065,32029,25.29084317665547
c1_react__uniform-n6-t100-o80-s10006__cap64000__Qwen-Qwen3-32B-AWQ,uniform-n6-t100-o80-s10006,c1_react,64000,8,react_step,821,4688,10,stop,True,54400,31947,142.98801486752927
c1_react__uniform-n6-t100-o80-s10006__cap64000__Qwen-Qwen3-32B-AWQ,uniform-n6-t100-o80-s10006,c1_react,64000,9,react_step,881,6251,103,stop,True,48821,31887,195.59500915929675
c1_react__uniform-n6-t100-o80-s10006__cap64000__Qwen-Qwen3-32B-AWQ,uniform-n6-t100-o80-s10006,c1_react,64000,10,react_step,1010,2187,37,stop,True,41457,31758,67.11816443689167
c1_react__uniform-n6-t100-o80-s10006__cap64000__Qwen-Qwen3-32B-AWQ,uniform-n6-t100-o80-s10006,c1_react,64000,11,react_step,1097,11859,19,stop,True,38136,31671,378.90931050200015
c1_react__uniform-n6-t100-o80-s10006__cap64000__Qwen-Qwen3-32B-AWQ,uniform-n6-t100-o80-s10006,c1_react,64000,12,react_step,1136,6700,5,stop,False,25122,25122,207.70097664371133
c1_react__uniform-n6-t100-o80-s10006__cap64000__Qwen-Qwen3-32B-AWQ,uniform-n6-t100-o80-s10006,c1_react,64000,13,finalize,93,0,7,stop,False,18580,18580,0.28420380409806967
c1_react__uniform-n6-t100-o80-s10006__cap8000__Qwen-Qwen3-32B-AWQ,uniform-n6-t100-o80-s10006,c1_react,8000,0,react_step,225,1177,7,stop,False,7519,7519,34.68685198947787
c1_react__uniform-n6-t100-o80-s10006__cap8000__Qwen-Qwen3-32B-AWQ,uniform-n6-t100-o80-s10006,c1_react,8000,1,react_step,262,599,32,stop,False,6073,6073,18.54488223604858
c1_react__uniform-n6-t100-o80-s10006__cap8000__Qwen-Qwen3-32B-AWQ,uniform-n6-t100-o80-s10006,c1_react,8000,2,react_step,344,444,57,stop,False,5098,5098,14.813919181004167
c1_react__uniform-n6-t100-o80-s10006__cap8000__Qwen-Qwen3-32B-AWQ,uniform-n6-t100-o80-s10006,c1_react,8000,3,react_step,425,250,75,stop,False,4172,4172,9.732952994294465
c1_react__uniform-n6-t100-o80-s10006__cap8000__Qwen-Qwen3-32B-AWQ,uniform-n6-t100-o80-s10006,c1_react,8000,4,react_step,550,564,66,stop,False,3297,3297,18.746961436234415
c1_react__uniform-n6-t100-o80-s10006__cap8000__Qwen-Qwen3-32B-AWQ,uniform-n6-t100-o80-s10006,c1_react,8000,5,react_step,642,171,10,stop,False,2025,2025,5.702290843240917
c1_react__uniform-n6-t100-o80-s10006__cap8000__Qwen-Qwen3-32B-AWQ,uniform-n6-t100-o80-s10006,c1_react,8000,6,react_step,702,325,13,stop,False,1142,1142,10.313562863506377
c1_react__uniform-n6-t100-o80-s10006__cap8000__Qwen-Qwen3-32B-AWQ,uniform-n6-t100-o80-s10006,c1_react,8000,7,react_step,739,65,0,length,False,65,65,2.383099550381303
c1_react__uniform-n6-t100-o80-s10006__cap8000__Qwen-Qwen3-32B-AWQ,uniform-n6-t100-o80-s10006,c1_react,8000,8,finalize,93,0,7,stop,False,163,163,0.2645545480772853
c1_react__uniform-n6-t20-o20-s10005__cap16000__Qwen-Qwen3-32B-AWQ,uniform-n6-t20-o20-s10005,c1_react,16000,0,react_step,225,1177,7,stop,False,15519,15519,34.70153461676091
c1_react__uniform-n6-t20-o20-s10005__cap16000__Qwen-Qwen3-32B-AWQ,uniform-n6-t20-o20-s10005,c1_react,16000,1,react_step,262,599,32,stop,False,14073,14073,18.54613228701055
c1_react__uniform-n6-t20-o20-s10005__cap16000__Qwen-Qwen3-32B-AWQ,uniform-n6-t20-o20-s10005,c1_react,16000,2,react_step,343,205,43,stop,False,13099,13099,7.451982269063592
c1_react__uniform-n6-t20-o20-s10005__cap16000__Qwen-Qwen3-32B-AWQ,uniform-n6-t20-o20-s10005,c1_react,16000,3,react_step,410,470,30,stop,False,12441,12441,14.824815697036684
c1_react__uniform-n6-t20-o20-s10005__cap16000__Qwen-Qwen3-32B-AWQ,uniform-n6-t20-o20-s10005,c1_react,16000,4,react_step,489,599,46,stop,False,11452,11452,19.12768087629229
c1_react__uniform-n6-t20-o20-s10005__cap16000__Qwen-Qwen3-32B-AWQ,uniform-n6-t20-o20-s10005,c1_react,16000,5,react_step,561,643,78,stop,False,10246,10246,21.43040507659316
c1_react__uniform-n6-t20-o20-s10005__cap16000__Qwen-Qwen3-32B-AWQ,uniform-n6-t20-o20-s10005,c1_react,16000,6,react_step,688,784,15,stop,False,8837,8837,23.84815353900194
c1_react__uniform-n6-t20-o20-s10005__cap16000__Qwen-Qwen3-32B-AWQ,uniform-n6-t20-o20-s10005,c1_react,16000,7,react_step,729,516,10,stop,False,7309,7309,15.841505740769207
c1_react__uniform-n6-t20-o20-s10005__cap16000__Qwen-Qwen3-32B-AWQ,uniform-n6-t20-o20-s10005,c1_react,16000,8,react_step,788,828,15,stop,False,5995,5995,25.291387243196368
c1_react__uniform-n6-t20-o20-s10005__cap16000__Qwen-Qwen3-32B-AWQ,uniform-n6-t20-o20-s10005,c1_react,16000,9,react_step,829,635,10,stop,False,4323,4323,19.458659263327718
c1_react__uniform-n6-t20-o20-s10005__cap16000__Qwen-Qwen3-32B-AWQ,uniform-n6-t20-o20-s10005,c1_react,16000,10,react_step,888,1035,15,stop,False,2790,2790,31.542787794955075
c1_react__uniform-n6-t20-o20-s10005__cap16000__Qwen-Qwen3-32B-AWQ,uniform-n6-t20-o20-s10005,c1_react,16000,11,react_step,929,811,0,length,False,811,811,24.490319365635514
c1_react__uniform-n6-t20-o20-s10005__cap16000__Qwen-Qwen3-32B-AWQ,uniform-n6-t20-o20-s10005,c1_react,16000,12,finalize,93,0,7,stop,False,163,163,0.26445902790874243
c1_react__uniform-n6-t20-o20-s10005__cap32000__Qwen-Qwen3-32B-AWQ,uniform-n6-t20-o20-s10005,c1_react,32000,0,react_step,225,1177,7,stop,False,31519,31519,34.66848791204393
c1_react__uniform-n6-t20-o20-s10005__cap32000__Qwen-Qwen3-32B-AWQ,uniform-n6-t20-o20-s10005,c1_react,32000,1,react_step,262,599,32,stop,False,30073,30073,18.535964359529316
c1_react__uniform-n6-t20-o20-s10005__cap32000__Qwen-Qwen3-32B-AWQ,uniform-n6-t20-o20-s10005,c1_react,32000,2,react_step,343,205,43,stop,False,29099,29099,7.44883852917701
c1_react__uniform-n6-t20-o20-s10005__cap32000__Qwen-Qwen3-32B-AWQ,uniform-n6-t20-o20-s10005,c1_react,32000,3,react_step,410,470,30,stop,False,28441,28441,14.820094493217766
c1_react__uniform-n6-t20-o20-s10005__cap32000__Qwen-Qwen3-32B-AWQ,uniform-n6-t20-o20-s10005,c1_react,32000,4,react_step,489,599,46,stop,False,27452,27452,19.123603456653655
c1_react__uniform-n6-t20-o20-s10005__cap32000__Qwen-Qwen3-32B-AWQ,uniform-n6-t20-o20-s10005,c1_react,32000,5,react_step,561,643,78,stop,False,26246,26246,21.428037610836327
c1_react__uniform-n6-t20-o20-s10005__cap32000__Qwen-Qwen3-32B-AWQ,uniform-n6-t20-o20-s10005,c1_react,32000,6,react_step,688,784,15,stop,False,24837,24837,23.852142699062824
c1_react__uniform-n6-t20-o20-s10005__cap32000__Qwen-Qwen3-32B-AWQ,uniform-n6-t20-o20-s10005,c1_react,32000,7,react_step,729,516,10,stop,False,23309,23309,15.850078666582704
c1_react__uniform-n6-t20-o20-s10005__cap32000__Qwen-Qwen3-32B-AWQ,uniform-n6-t20-o20-s10005,c1_react,32000,8,react_step,788,828,15,stop,False,21995,21995,25.292405652813613
c1_react__uniform-n6-t20-o20-s10005__cap32000__Qwen-Qwen3-32B-AWQ,uniform-n6-t20-o20-s10005,c1_react,32000,9,react_step,829,635,10,stop,False,20323,20323,19.471683790907264
c1_react__uniform-n6-t20-o20-s10005__cap32000__Qwen-Qwen3-32B-AWQ,uniform-n6-t20-o20-s10005,c1_react,32000,10,react_step,888,1035,15,stop,False,18790,18790,31.550947746261954
c1_react__uniform-n6-t20-o20-s10005__cap32000__Qwen-Qwen3-32B-AWQ,uniform-n6-t20-o20-s10005,c1_react,32000,11,react_step,929,2207,46,stop,False,16811,16811,67.77754786144942
c1_react__uniform-n6-t20-o20-s10005__cap32000__Qwen-Qwen3-32B-AWQ,uniform-n6-t20-o20-s10005,c1_react,32000,12,react_step,995,1259,5,stop,False,13563,13563,38.05441597383469
c1_react__uniform-n6-t20-o20-s10005__cap32000__Qwen-Qwen3-32B-AWQ,uniform-n6-t20-o20-s10005,c1_react,32000,13,finalize,93,0,7,stop,False,12462,12462,0.28332684841006994
c1_react__uniform-n6-t20-o20-s10005__cap64000__Qwen-Qwen3-32B-AWQ,uniform-n6-t20-o20-s10005,c1_react,64000,0,react_step,225,1177,7,stop,True,63519,32543,34.727598004974425
c1_react__uniform-n6-t20-o20-s10005__cap64000__Qwen-Qwen3-32B-AWQ,uniform-n6-t20-o20-s10005,c1_react,64000,1,react_step,262,599,32,stop,True,62073,32506,18.559374367818236
c1_react__uniform-n6-t20-o20-s10005__cap64000__Qwen-Qwen3-32B-AWQ,uniform-n6-t20-o20-s10005,c1_react,64000,2,react_step,343,205,43,stop,True,61099,32425,7.459249879233539
c1_react__uniform-n6-t20-o20-s10005__cap64000__Qwen-Qwen3-32B-AWQ,uniform-n6-t20-o20-s10005,c1_react,64000,3,react_step,410,470,30,stop,True,60441,32358,14.838487620465457
c1_react__uniform-n6-t20-o20-s10005__cap64000__Qwen-Qwen3-32B-AWQ,uniform-n6-t20-o20-s10005,c1_react,64000,4,react_step,489,599,46,stop,True,59452,32279,19.136556363664567
c1_react__uniform-n6-t20-o20-s10005__cap64000__Qwen-Qwen3-32B-AWQ,uniform-n6-t20-o20-s10005,c1_react,64000,5,react_step,561,643,78,stop,True,58246,32207,21.446734958328307
c1_react__uniform-n6-t20-o20-s10005__cap64000__Qwen-Qwen3-32B-AWQ,uniform-n6-t20-o20-s10005,c1_react,64000,6,react_step,688,784,15,stop,True,56837,32080,23.879218420013785
c1_react__uniform-n6-t20-o20-s10005__cap64000__Qwen-Qwen3-32B-AWQ,uniform-n6-t20-o20-s10005,c1_react,64000,7,react_step,729,516,10,stop,True,55309,32039,15.864389180205762
c1_react__uniform-n6-t20-o20-s10005__cap64000__Qwen-Qwen3-32B-AWQ,uniform-n6-t20-o20-s10005,c1_react,64000,8,react_step,788,828,15,stop,True,53995,31980,25.314727657474577
c1_react__uniform-n6-t20-o20-s10005__cap64000__Qwen-Qwen3-32B-AWQ,uniform-n6-t20-o20-s10005,c1_react,64000,9,react_step,829,635,10,stop,True,52323,31939,19.47713294159621
c1_react__uniform-n6-t20-o20-s10005__cap64000__Qwen-Qwen3-32B-AWQ,uniform-n6-t20-o20-s10005,c1_react,64000,10,react_step,888,1035,15,stop,True,50790,31880,31.571977115236223
c1_react__uniform-n6-t20-o20-s10005__cap64000__Qwen-Qwen3-32B-AWQ,uniform-n6-t20-o20-s10005,c1_react,64000,11,react_step,929,2207,46,stop,True,48811,31839,67.81854194682091
c1_react__uniform-n6-t20-o20-s10005__cap64000__Qwen-Qwen3-32B-AWQ,uniform-n6-t20-o20-s10005,c1_react,64000,12,react_step,995,1259,5,stop,True,45563,31773,38.07351554185152
c1_react__uniform-n6-t20-o20-s10005__cap64000__Qwen-Qwen3-32B-AWQ,uniform-n6-t20-o20-s10005,c1_react,64000,13,finalize,93,0,7,stop,True,44462,32675,0.2834940794855356
c1_react__uniform-n6-t20-o20-s10005__cap8000__Qwen-Qwen3-32B-AWQ,uniform-n6-t20-o20-s10005,c1_react,8000,0,react_step,225,1177,7,stop,False,7519,7519,34.73422502819449
c1_react__uniform-n6-t20-o20-s10005__cap8000__Qwen-Qwen3-32B-AWQ,uniform-n6-t20-o20-s10005,c1_react,8000,1,react_step,262,599,32,stop,False,6073,6073,18.563138015568256
c1_react__uniform-n6-t20-o20-s10005__cap8000__Qwen-Qwen3-32B-AWQ,uniform-n6-t20-o20-s10005,c1_react,8000,2,react_step,343,205,43,stop,False,5099,5099,7.458959151990712
c1_react__uniform-n6-t20-o20-s10005__cap8000__Qwen-Qwen3-32B-AWQ,uniform-n6-t20-o20-s10005,c1_react,8000,3,react_step,410,470,30,stop,False,4441,4441,14.836065590381622
c1_react__uniform-n6-t20-o20-s10005__cap8000__Qwen-Qwen3-32B-AWQ,uniform-n6-t20-o20-s10005,c1_react,8000,4,react_step,489,599,46,stop,False,3452,3452,19.135437295772135
c1_react__uniform-n6-t20-o20-s10005__cap8000__Qwen-Qwen3-32B-AWQ,uniform-n6-t20-o20-s10005,c1_react,8000,5,react_step,561,643,78,stop,False,2246,2246,21.439895872958004
c1_react__uniform-n6-t20-o20-s10005__cap8000__Qwen-Qwen3-32B-AWQ,uniform-n6-t20-o20-s10005,c1_react,8000,6,react_step,688,784,15,stop,False,837,837,23.866784901358187
c1_react__uniform-n6-t20-o20-s10005__cap8000__Qwen-Qwen3-32B-AWQ,uniform-n6-t20-o20-s10005,c1_react,8000,7,finalize,93,0,7,stop,False,201,201,0.27950470615178347
c1_react__uniform-n6-t20-o80-s10005__cap16000__Qwen-Qwen3-32B-AWQ,uniform-n6-t20-o80-s10005,c1_react,16000,0,react_step,225,1177,7,stop,False,15519,15519,34.70235472731292
c1_react__uniform-n6-t20-o80-s10005__cap16000__Qwen-Qwen3-32B-AWQ,uniform-n6-t20-o80-s10005,c1_react,16000,1,react_step,262,599,32,stop,False,14073,14073,18.553564980626106
c1_react__uniform-n6-t20-o80-s10005__cap16000__Qwen-Qwen3-32B-AWQ,uniform-n6-t20-o80-s10005,c1_react,16000,2,react_step,343,349,53,stop,False,13099,13099,11.935926301404834
c1_react__uniform-n6-t20-o80-s10005__cap16000__Qwen-Qwen3-32B-AWQ,uniform-n6-t20-o80-s10005,c1_react,16000,3,react_step,420,466,121,stop,False,12277,12277,17.37647022306919
c1_react__uniform-n6-t20-o80-s10005__cap16000__Qwen-Qwen3-32B-AWQ,uniform-n6-t20-o80-s10005,c1_react,16000,4,react_step,590,452,60,stop,False,11100,11100,15.338914602063596
c1_react__uniform-n6-t20-o80-s10005__cap16000__Qwen-Qwen3-32B-AWQ,uniform-n6-t20-o80-s10005,c1_react,16000,5,react_step,676,185,124,stop,False,9912,9912,9.459686922840774
c1_react__uniform-n6-t20-o80-s10005__cap16000__Qwen-Qwen3-32B-AWQ,uniform-n6-t20-o80-s10005,c1_react,16000,6,react_step,849,535,15,stop,False,8754,8754,16.68618079368025
c1_react__uniform-n6-t20-o80-s10005__cap16000__Qwen-Qwen3-32B-AWQ,uniform-n6-t20-o80-s10005,c1_react,16000,7,react_step,890,132,99,stop,False,7314,7314,7.340547275729477
c1_react__uniform-n6-t20-o80-s10005__cap16000__Qwen-Qwen3-32B-AWQ,uniform-n6-t20-o80-s10005,c1_react,16000,8,react_step,1038,1298,59,stop,False,6045,6045,40.87250658776611
c1_react__uniform-n6-t20-o80-s10005__cap16000__Qwen-Qwen3-32B-AWQ,uniform-n6-t20-o80-s10005,c1_react,16000,9,react_step,1123,149,10,stop,False,3565,3565,5.41332660894841
c1_react__uniform-n6-t20-o80-s10005__cap16000__Qwen-Qwen3-32B-AWQ,uniform-n6-t20-o80-s10005,c1_react,16000,10,react_step,1182,853,15,stop,False,2224,2224,26.478565570898354
c1_react__uniform-n6-t20-o80-s10005__cap16000__Qwen-Qwen3-32B-AWQ,uniform-n6-t20-o80-s10005,c1_react,16000,11,react_step,1223,133,0,length,False,133,133,4.741358375176787
c1_react__uniform-n6-t20-o80-s10005__cap16000__Qwen-Qwen3-32B-AWQ,uniform-n6-t20-o80-s10005,c1_react,16000,12,finalize,93,0,7,stop,False,163,163,0.26519985124468803
c1_react__uniform-n6-t20-o80-s10005__cap32000__Qwen-Qwen3-32B-AWQ,uniform-n6-t20-o80-s10005,c1_react,32000,0,react_step,225,1177,7,stop,False,31519,31519,34.711406965740025
c1_react__uniform-n6-t20-o80-s10005__cap32000__Qwen-Qwen3-32B-AWQ,uniform-n6-t20-o80-s10005,c1_react,32000,1,react_step,262,599,32,stop,False,30073,30073,18.55376315396279
c1_react__uniform-n6-t20-o80-s10005__cap32000__Qwen-Qwen3-32B-AWQ,uniform-n6-t20-o80-s10005,c1_react,32000,2,react_step,343,349,53,stop,False,29099,29099,11.935512672178447
c1_react__uniform-n6-t20-o80-s10005__cap32000__Qwen-Qwen3-32B-AWQ,uniform-n6-t20-o80-s10005,c1_react,32000,3,react_step,420,466,121,stop,False,28277,28277,17.38130685966462
c1_react__uniform-n6-t20-o80-s10005__cap32000__Qwen-Qwen3-32B-AWQ,uniform-n6-t20-o80-s10005,c1_react,32000,4,react_step,590,452,60,stop,False,27100,27100,15.336278464645147
c1_react__uniform-n6-t20-o80-s10005__cap32000__Qwen-Qwen3-32B-AWQ,uniform-n6-t20-o80-s10005,c1_react,32000,5,react_step,676,185,124,stop,False,25912,25912,9.453994965180755
c1_react__uniform-n6-t20-o80-s10005__cap32000__Qwen-Qwen3-32B-AWQ,uniform-n6-t20-o80-s10005,c1_react,32000,6,react_step,849,535,15,stop,False,24754,24754,16.686412904411554
c1_react__uniform-n6-t20-o80-s10005__cap32000__Qwen-Qwen3-32B-AWQ,uniform-n6-t20-o80-s10005,c1_react,32000,7,react_step,890,132,99,stop,False,23314,23314,7.339478027075529
c1_react__uniform-n6-t20-o80-s10005__cap32000__Qwen-Qwen3-32B-AWQ,uniform-n6-t20-o80-s10005,c1_react,32000,8,react_step,1038,1298,59,stop,False,22045,22045,40.88999228365719
c1_react__uniform-n6-t20-o80-s10005__cap32000__Qwen-Qwen3-32B-AWQ,uniform-n6-t20-o80-s10005,c1_react,32000,9,react_step,1123,149,10,stop,False,19565,19565,5.415852486155927
c1_react__uniform-n6-t20-o80-s10005__cap32000__Qwen-Qwen3-32B-AWQ,uniform-n6-t20-o80-s10005,c1_react,32000,10,react_step,1182,853,15,stop,False,18224,18224,26.49844090361148
c1_react__uniform-n6-t20-o80-s10005__cap32000__Qwen-Qwen3-32B-AWQ,uniform-n6-t20-o80-s10005,c1_react,32000,11,react_step,1223,603,10,stop,False,16133,16133,18.966986920684576
c1_react__uniform-n6-t20-o80-s10005__cap32000__Qwen-Qwen3-32B-AWQ,uniform-n6-t20-o80-s10005,c1_react,32000,12,react_step,1282,921,46,stop,False,14238,14238,29.56398674659431
c1_react__uniform-n6-t20-o80-s10005__cap32000__Qwen-Qwen3-32B-AWQ,uniform-n6-t20-o80-s10005,c1_react,32000,13,react_step,1348,1016,68,stop,False,11923,11923,33.13977614603937
c1_react__uniform-n6-t20-o80-s10005__cap32000__Qwen-Qwen3-32B-AWQ,uniform-n6-t20-o80-s10005,c1_react,32000,14,finalize,93,0,7,stop,False,11002,11002,0.2853268161416054
c1_react__uniform-n6-t20-o80-s10005__cap64000__Qwen-Qwen3-32B-AWQ,uniform-n6-t20-o80-s10005,c1_react,64000,0,react_step,225,1177,7,stop,True,63519,32543,34.73190051317215
c1_react__uniform-n6-t20-o80-s10005__cap64000__Qwen-Qwen3-32B-AWQ,uniform-n6-t20-o80-s10005,c1_react,64000,1,react_step,262,599,32,stop,True,62073,32506,18.565754945389926
c1_react__uniform-n6-t20-o80-s10005__cap64000__Qwen-Qwen3-32B-AWQ,uniform-n6-t20-o80-s10005,c1_react,64000,2,react_step,343,349,53,stop,True,61099,32425,11.945400360040367
c1_react__uniform-n6-t20-o80-s10005__cap64000__Qwen-Qwen3-32B-AWQ,uniform-n6-t20-o80-s10005,c1_react,64000,3,react_step,420,466,121,stop,True,60277,32348,17.39224872086197
c1_react__uniform-n6-t20-o80-s10005__cap64000__Qwen-Qwen3-32B-AWQ,uniform-n6-t20-o80-s10005,c1_react,64000,4,react_step,590,452,60,stop,True,59100,32178,15.348501741886139
c1_react__uniform-n6-t20-o80-s10005__cap64000__Qwen-Qwen3-32B-AWQ,uniform-n6-t20-o80-s10005,c1_react,64000,5,react_step,676,185,124,stop,True,57912,32092,9.461065772920847
c1_react__uniform-n6-t20-o80-s10005__cap64000__Qwen-Qwen3-32B-AWQ,uniform-n6-t20-o80-s10005,c1_react,64000,6,react_step,849,535,15,stop,True,56754,31919,16.70149004459381
c1_react__uniform-n6-t20-o80-s10005__cap64000__Qwen-Qwen3-32B-AWQ,uniform-n6-t20-o80-s10005,c1_react,64000,7,react_step,890,132,99,stop,True,55314,31878,7.347298417240381
c1_react__uniform-n6-t20-o80-s10005__cap64000__Qwen-Qwen3-32B-AWQ,uniform-n6-t20-o80-s10005,c1_react,64000,8,react_step,1038,1298,59,stop,True,54045,31730,40.922295834869146
c1_react__uniform-n6-t20-o80-s10005__cap64000__Qwen-Qwen3-32B-AWQ,uniform-n6-t20-o80-s10005,c1_react,64000,9,react_step,1123,149,10,stop,True,51565,31645,5.4151592049747705
c1_react__uniform-n6-t20-o80-s10005__cap64000__Qwen-Qwen3-32B-AWQ,uniform-n6-t20-o80-s10005,c1_react,64000,10,react_step,1182,853,15,stop,True,50224,31586,26.50080943480134
c1_react__uniform-n6-t20-o80-s10005__cap64000__Qwen-Qwen3-32B-AWQ,uniform-n6-t20-o80-s10005,c1_react,64000,11,react_step,1223,603,10,stop,True,48133,31545,18.969814497046173
c1_react__uniform-n6-t20-o80-s10005__cap64000__Qwen-Qwen3-32B-AWQ,uniform-n6-t20-o80-s10005,c1_react,64000,12,react_step,1282,921,46,stop,True,46238,31486,29.589682097546756
c1_react__uniform-n6-t20-o80-s10005__cap64000__Qwen-Qwen3-32B-AWQ,uniform-n6-t20-o80-s10005,c1_react,64000,13,react_step,1348,1016,68,stop,True,43923,31420,33.14573157671839
c1_react__uniform-n6-t20-o80-s10005__cap64000__Qwen-Qwen3-32B-AWQ,uniform-n6-t20-o80-s10005,c1_react,64000,14,finalize,93,0,7,stop,True,43002,32675,0.283759493380785
c1_react__uniform-n6-t20-o80-s10005__cap8000__Qwen-Qwen3-32B-AWQ,uniform-n6-t20-o80-s10005,c1_react,8000,0,react_step,225,1177,7,stop,False,7519,7519,34.671527029015124
c1_react__uniform-n6-t20-o80-s10005__cap8000__Qwen-Qwen3-32B-AWQ,uniform-n6-t20-o80-s10005,c1_react,8000,1,react_step,262,599,32,stop,False,6073,6073,18.53202260285616
c1_react__uniform-n6-t20-o80-s10005__cap8000__Qwen-Qwen3-32B-AWQ,uniform-n6-t20-o80-s10005,c1_react,8000,2,react_step,343,349,53,stop,False,5099,5099,11.922676880843937
c1_react__uniform-n6-t20-o80-s10005__cap8000__Qwen-Qwen3-32B-AWQ,uniform-n6-t20-o80-s10005,c1_react,8000,3,react_step,420,466,121,stop,False,4277,4277,17.359760090708733
c1_react__uniform-n6-t20-o80-s10005__cap8000__Qwen-Qwen3-32B-AWQ,uniform-n6-t20-o80-s10005,c1_react,8000,4,react_step,590,452,60,stop,False,3100,3100,15.319633640348911
c1_react__uniform-n6-t20-o80-s10005__cap8000__Qwen-Qwen3-32B-AWQ,uniform-n6-t20-o80-s10005,c1_react,8000,5,react_step,676,185,124,stop,False,1912,1912,9.448250654153526
c1_react__uniform-n6-t20-o80-s10005__cap8000__Qwen-Qwen3-32B-AWQ,uniform-n6-t20-o80-s10005,c1_react,8000,6,react_step,849,535,15,stop,False,754,754,16.684790831059217
c1_react__uniform-n6-t20-o80-s10005__cap8000__Qwen-Qwen3-32B-AWQ,uniform-n6-t20-o80-s10005,c1_react,8000,7,finalize,93,0,7,stop,False,367,367,0.28066768404096365
c1_react__uniform-n6-t85-o20-s10005__cap16000__Qwen-Qwen3-32B-AWQ,uniform-n6-t85-o20-s10005,c1_react,16000,0,react_step,225,1177,7,stop,False,15519,15519,34.70527645293623
c1_react__uniform-n6-t85-o20-s10005__cap16000__Qwen-Qwen3-32B-AWQ,uniform-n6-t85-o20-s10005,c1_react,16000,1,react_step,262,599,32,stop,False,14073,14073,18.55426259804517
c1_react__uniform-n6-t85-o20-s10005__cap16000__Qwen-Qwen3-32B-AWQ,uniform-n6-t85-o20-s10005,c1_react,16000,2,react_step,344,658,28,stop,False,13098,13098,20.219564978033304
c1_react__uniform-n6-t85-o20-s10005__cap16000__Qwen-Qwen3-32B-AWQ,uniform-n6-t85-o20-s10005,c1_react,16000,3,react_step,422,370,29,stop,False,11990,11990,11.888711027801037
c1_react__uniform-n6-t85-o20-s10005__cap16000__Qwen-Qwen3-32B-AWQ,uniform-n6-t85-o20-s10005,c1_react,16000,4,react_step,501,319,28,stop,False,11090,11090,10.432574661448598
c1_react__uniform-n6-t85-o20-s10005__cap16000__Qwen-Qwen3-32B-AWQ,uniform-n6-t85-o20-s10005,c1_react,16000,5,react_step,579,1620,29,stop,False,10164,10164,48.985789087601006
c1_react__uniform-n6-t85-o20-s10005__cap16000__Qwen-Qwen3-32B-AWQ,uniform-n6-t85-o20-s10005,c1_react,16000,6,react_step,658,963,10,stop,False,7857,7857,28.991147678345442
c1_react__uniform-n6-t85-o20-s10005__cap16000__Qwen-Qwen3-32B-AWQ,uniform-n6-t85-o20-s10005,c1_react,16000,7,react_step,718,2277,97,stop,False,6166,6166,71.0422897003591
c1_react__uniform-n6-t85-o20-s10005__cap16000__Qwen-Qwen3-32B-AWQ,uniform-n6-t85-o20-s10005,c1_react,16000,8,react_step,835,884,43,stop,False,2957,2957,27.835364329628646
c1_react__uniform-n6-t85-o20-s10005__cap16000__Qwen-Qwen3-32B-AWQ,uniform-n6-t85-o20-s10005,c1_react,16000,9,react_step,902,759,47,stop,False,1128,1128,24.318747518584132
c1_react__uniform-n6-t85-o20-s10005__cap16000__Qwen-Qwen3-32B-AWQ,uniform-n6-t85-o20-s10005,c1_react,16000,10,finalize,93,0,7,stop,False,485,485,0.28438737615942955
c1_react__uniform-n6-t85-o20-s10005__cap32000__Qwen-Qwen3-32B-AWQ,uniform-n6-t85-o20-s10005,c1_react,32000,0,react_step,225,1177,7,stop,False,31519,31519,34.724219153635204
c1_react__uniform-n6-t85-o20-s10005__cap32000__Qwen-Qwen3-32B-AWQ,uniform-n6-t85-o20-s10005,c1_react,32000,1,react_step,262,599,32,stop,False,30073,30073,18.561501417309046
c1_react__uniform-n6-t85-o20-s10005__cap32000__Qwen-Qwen3-32B-AWQ,uniform-n6-t85-o20-s10005,c1_react,32000,2,react_step,344,658,28,stop,False,29098,29098,20.234464406967163
c1_react__uniform-n6-t85-o20-s10005__cap32000__Qwen-Qwen3-32B-AWQ,uniform-n6-t85-o20-s10005,c1_react,32000,3,react_step,422,370,29,stop,False,27990,27990,11.900098461657763
c1_react__uniform-n6-t85-o20-s10005__cap32000__Qwen-Qwen3-32B-AWQ,uniform-n6-t85-o20-s10005,c1_react,32000,4,react_step,501,319,28,stop,False,27090,27090,10.441123304888606
c1_react__uniform-n6-t85-o20-s10005__cap32000__Qwen-Qwen3-32B-AWQ,uniform-n6-t85-o20-s10005,c1_react,32000,5,react_step,579,1620,29,stop,False,26164,26164,49.022838085889816
c1_react__uniform-n6-t85-o20-s10005__cap32000__Qwen-Qwen3-32B-AWQ,uniform-n6-t85-o20-s10005,c1_react,32000,6,react_step,658,963,10,stop,False,23857,23857,29.001563916914165
c1_react__uniform-n6-t85-o20-s10005__cap32000__Qwen-Qwen3-32B-AWQ,uniform-n6-t85-o20-s10005,c1_react,32000,7,react_step,718,2277,97,stop,False,22166,22166,71.07982488721609
c1_react__uniform-n6-t85-o20-s10005__cap32000__Qwen-Qwen3-32B-AWQ,uniform-n6-t85-o20-s10005,c1_react,32000,8,react_step,835,884,43,stop,False,18957,18957,27.854898895137012
c1_react__uniform-n6-t85-o20-s10005__cap32000__Qwen-Qwen3-32B-AWQ,uniform-n6-t85-o20-s10005,c1_react,32000,9,react_step,902,759,47,stop,False,17128,17128,24.340400157496333
c1_react__uniform-n6-t85-o20-s10005__cap32000__Qwen-Qwen3-32B-AWQ,uniform-n6-t85-o20-s10005,c1_react,32000,10,react_step,975,1378,111,stop,False,15347,15347,44.75889090728015
c1_react__uniform-n6-t85-o20-s10005__cap32000__Qwen-Qwen3-32B-AWQ,uniform-n6-t85-o20-s10005,c1_react,32000,11,react_step,1112,3591,99,stop,False,12746,12746,112.2148389229551
c1_react__uniform-n6-t85-o20-s10005__cap32000__Qwen-Qwen3-32B-AWQ,uniform-n6-t85-o20-s10005,c1_react,32000,12,react_step,1236,1163,101,stop,False,7820,7820,38.37420299183577
c1_react__uniform-n6-t85-o20-s10005__cap32000__Qwen-Qwen3-32B-AWQ,uniform-n6-t85-o20-s10005,c1_react,32000,13,react_step,1363,1373,116,stop,False,5193,5193,45.372116605751216
c1_react__uniform-n6-t85-o20-s10005__cap32000__Qwen-Qwen3-32B-AWQ,uniform-n6-t85-o20-s10005,c1_react,32000,14,react_step,1505,2199,0,length,False,2199,2199,67.17618518788368
c1_react__uniform-n6-t85-o20-s10005__cap32000__Qwen-Qwen3-32B-AWQ,uniform-n6-t85-o20-s10005,c1_react,32000,15,finalize,93,0,7,stop,False,163,163,0.26548049226403236
c1_react__uniform-n6-t85-o20-s10005__cap64000__Qwen-Qwen3-32B-AWQ,uniform-n6-t85-o20-s10005,c1_react,64000,0,react_step,225,1177,7,stop,True,63519,32543,34.73019947297871
c1_react__uniform-n6-t85-o20-s10005__cap64000__Qwen-Qwen3-32B-AWQ,uniform-n6-t85-o20-s10005,c1_react,64000,1,react_step,262,599,32,stop,True,62073,32506,18.56806272175163
c1_react__uniform-n6-t85-o20-s10005__cap64000__Qwen-Qwen3-32B-AWQ,uniform-n6-t85-o20-s10005,c1_react,64000,2,react_step,344,658,28,stop,True,61098,32424,20.242603527382016
c1_react__uniform-n6-t85-o20-s10005__cap64000__Qwen-Qwen3-32B-AWQ,uniform-n6-t85-o20-s10005,c1_react,64000,3,react_step,422,370,29,stop,True,59990,32346,11.90499328635633
c1_react__uniform-n6-t85-o20-s10005__cap64000__Qwen-Qwen3-32B-AWQ,uniform-n6-t85-o20-s10005,c1_react,64000,4,react_step,501,319,28,stop,True,59090,32267,10.445142667740583
c1_react__uniform-n6-t85-o20-s10005__cap64000__Qwen-Qwen3-32B-AWQ,uniform-n6-t85-o20-s10005,c1_react,64000,5,react_step,579,1620,29,stop,True,58164,32189,49.034345612861216
c1_react__uniform-n6-t85-o20-s10005__cap64000__Qwen-Qwen3-32B-AWQ,uniform-n6-t85-o20-s10005,c1_react,64000,6,react_step,658,963,10,stop,True,55857,32110,29.029310724698007
c1_react__uniform-n6-t85-o20-s10005__cap64000__Qwen-Qwen3-32B-AWQ,uniform-n6-t85-o20-s10005,c1_react,64000,7,react_step,718,2277,97,stop,True,54166,32050,71.1077339798212
c1_react__uniform-n6-t85-o20-s10005__cap64000__Qwen-Qwen3-32B-AWQ,uniform-n6-t85-o20-s10005,c1_react,64000,8,react_step,835,884,43,stop,True,50957,31933,27.87222441844642
c1_react__uniform-n6-t85-o20-s10005__cap64000__Qwen-Qwen3-32B-AWQ,uniform-n6-t85-o20-s10005,c1_react,64000,9,react_step,902,759,47,stop,True,49128,31866,24.351521238684654
c1_react__uniform-n6-t85-o20-s10005__cap64000__Qwen-Qwen3-32B-AWQ,uniform-n6-t85-o20-s10005,c1_react,64000,10,react_step,975,1378,111,stop,True,47347,31793,44.7788648661226
c1_react__uniform-n6-t85-o20-s10005__cap64000__Qwen-Qwen3-32B-AWQ,uniform-n6-t85-o20-s10005,c1_react,64000,11,react_step,1112,3591,99,stop,True,44746,31656,112.28743534628302
c1_react__uniform-n6-t85-o20-s10005__cap64000__Qwen-Qwen3-32B-AWQ,uniform-n6-t85-o20-s10005,c1_react,64000,12,react_step,1236,1163,101,stop,True,39820,31532,38.41105695441365
c1_react__uniform-n6-t85-o20-s10005__cap64000__Qwen-Qwen3-32B-AWQ,uniform-n6-t85-o20-s10005,c1_react,64000,13,react_step,1363,1373,116,stop,True,37193,31405,45.38851934950799
c1_react__uniform-n6-t85-o20-s10005__cap64000__Qwen-Qwen3-32B-AWQ,uniform-n6-t85-o20-s10005,c1_react,64000,14,react_step,1505,3315,215,stop,True,34199,31263,108.22900868114084
c1_react__uniform-n6-t85-o20-s10005__cap64000__Qwen-Qwen3-32B-AWQ,uniform-n6-t85-o20-s10005,c1_react,64000,15,react_step,1740,2186,5,stop,False,28929,28929,67.34394843503833
c1_react__uniform-n6-t85-o20-s10005__cap64000__Qwen-Qwen3-32B-AWQ,uniform-n6-t85-o20-s10005,c1_react,64000,16,finalize,93,0,7,stop,False,26901,26901,0.28417394030839205
c1_react__uniform-n6-t85-o20-s10005__cap8000__Qwen-Qwen3-32B-AWQ,uniform-n6-t85-o20-s10005,c1_react,8000,0,react_step,225,1177,7,stop,False,7519,7519,34.65935474075377
c1_react__uniform-n6-t85-o20-s10005__cap8000__Qwen-Qwen3-32B-AWQ,uniform-n6-t85-o20-s10005,c1_react,8000,1,react_step,262,599,32,stop,False,6073,6073,18.527524306438863
c1_react__uniform-n6-t85-o20-s10005__cap8000__Qwen-Qwen3-32B-AWQ,uniform-n6-t85-o20-s10005,c1_react,8000,2,react_step,344,658,28,stop,False,5098,5098,20.192159198224545
c1_react__uniform-n6-t85-o20-s10005__cap8000__Qwen-Qwen3-32B-AWQ,uniform-n6-t85-o20-s10005,c1_react,8000,3,react_step,422,370,29,stop,False,3990,3990,11.87538540456444
c1_react__uniform-n6-t85-o20-s10005__cap8000__Qwen-Qwen3-32B-AWQ,uniform-n6-t85-o20-s10005,c1_react,8000,4,react_step,501,319,28,stop,False,3090,3090,10.420926881954074
c1_react__uniform-n6-t85-o20-s10005__cap8000__Qwen-Qwen3-32B-AWQ,uniform-n6-t85-o20-s10005,c1_react,8000,5,react_step,579,1620,29,stop,False,2164,2164,48.942973549477756
c1_react__uniform-n6-t85-o20-s10005__cap8000__Qwen-Qwen3-32B-AWQ,uniform-n6-t85-o20-s10005,c1_react,8000,6,finalize,93,0,7,stop,False,678,678,0.28062694426625967
c1_react__uniform-n8-t100-o20-s10005__cap16000__Qwen-Qwen3-32B-AWQ,uniform-n8-t100-o20-s10005,c1_react,16000,0,react_step,225,1177,7,stop,False,15519,15519,34.68722772039473
c1_react__uniform-n8-t100-o20-s10005__cap16000__Qwen-Qwen3-32B-AWQ,uniform-n8-t100-o20-s10005,c1_react,16000,1,react_step,268,1172,10,stop,False,14067,14067,34.7179612936452
c1_react__uniform-n8-t100-o20-s10005__cap16000__Qwen-Qwen3-32B-AWQ,uniform-n8-t100-o20-s10005,c1_react,16000,2,react_step,328,665,13,stop,False,12557,12557,19.96956360526383
c1_react__uniform-n8-t100-o20-s10005__cap16000__Qwen-Qwen3-32B-AWQ,uniform-n8-t100-o20-s10005,c1_react,16000,3,react_step,365,290,10,stop,False,11514,11514,8.97222369350493
c1_react__uniform-n8-t100-o20-s10005__cap16000__Qwen-Qwen3-32B-AWQ,uniform-n8-t100-o20-s10005,c1_react,16000,4,react_step,425,618,13,stop,False,10789,10789,18.656799699179828
c1_react__uniform-n8-t100-o20-s10005__cap16000__Qwen-Qwen3-32B-AWQ,uniform-n8-t100-o20-s10005,c1_react,16000,5,react_step,462,1010,15,stop,False,9696,9696,30.29864969011396
c1_react__uniform-n8-t100-o20-s10005__cap16000__Qwen-Qwen3-32B-AWQ,uniform-n8-t100-o20-s10005,c1_react,16000,6,react_step,503,1659,10,stop,False,8168,8168,49.45977339241654
c1_react__uniform-n8-t100-o20-s10005__cap16000__Qwen-Qwen3-32B-AWQ,uniform-n8-t100-o20-s10005,c1_react,16000,7,react_step,562,342,13,stop,False,5937,5937,10.721234423108399
c1_react__uniform-n8-t100-o20-s10005__cap16000__Qwen-Qwen3-32B-AWQ,uniform-n8-t100-o20-s10005,c1_react,16000,8,react_step,599,697,15,stop,False,4983,4983,21.204417446628213
c1_react__uniform-n8-t100-o20-s10005__cap16000__Qwen-Qwen3-32B-AWQ,uniform-n8-t100-o20-s10005,c1_react,16000,9,react_step,640,1550,15,stop,False,3631,3631,46.53006306383759
c1_react__uniform-n8-t100-o20-s10005__cap16000__Qwen-Qwen3-32B-AWQ,uniform-n8-t100-o20-s10005,c1_react,16000,10,react_step,681,1385,0,length,False,1385,1385,41.23868326097727
c1_react__uniform-n8-t100-o20-s10005__cap16000__Qwen-Qwen3-32B-AWQ,uniform-n8-t100-o20-s10005,c1_react,16000,11,finalize,93,0,7,stop,False,163,163,0.26340755447745323
c1_react__uniform-n8-t100-o20-s10005__cap32000__Qwen-Qwen3-32B-AWQ,uniform-n8-t100-o20-s10005,c1_react,32000,0,react_step,225,1177,7,stop,False,31519,31519,34.71293274965137
c1_react__uniform-n8-t100-o20-s10005__cap32000__Qwen-Qwen3-32B-AWQ,uniform-n8-t100-o20-s10005,c1_react,32000,1,react_step,268,1172,10,stop,False,30067,30067,34.731060687452555
c1_react__uniform-n8-t100-o20-s10005__cap32000__Qwen-Qwen3-32B-AWQ,uniform-n8-t100-o20-s10005,c1_react,32000,2,react_step,328,665,13,stop,False,28557,28557,19.990858401171863
c1_react__uniform-n8-t100-o20-s10005__cap32000__Qwen-Qwen3-32B-AWQ,uniform-n8-t100-o20-s10005,c1_react,32000,3,react_step,365,290,10,stop,False,27514,27514,8.983144614845514
c1_react__uniform-n8-t100-o20-s10005__cap32000__Qwen-Qwen3-32B-AWQ,uniform-n8-t100-o20-s10005,c1_react,32000,4,react_step,425,618,13,stop,False,26789,26789,18.67299471143633
c1_react__uniform-n8-t100-o20-s10005__cap32000__Qwen-Qwen3-32B-AWQ,uniform-n8-t100-o20-s10005,c1_react,32000,5,react_step,462,1010,15,stop,False,25696,25696,30.306982814334333
c1_react__uniform-n8-t100-o20-s10005__cap32000__Qwen-Qwen3-32B-AWQ,uniform-n8-t100-o20-s10005,c1_react,32000,6,react_step,503,1659,10,stop,False,24168,24168,49.468188161961734
c1_react__uniform-n8-t100-o20-s10005__cap32000__Qwen-Qwen3-32B-AWQ,uniform-n8-t100-o20-s10005,c1_react,32000,7,react_step,562,342,13,stop,False,21937,21937,10.725708661600947
c1_react__uniform-n8-t100-o20-s10005__cap32000__Qwen-Qwen3-32B-AWQ,uniform-n8-t100-o20-s10005,c1_react,32000,8,react_step,599,697,15,stop,False,20983,20983,21.223714684136212
c1_react__uniform-n8-t100-o20-s10005__cap32000__Qwen-Qwen3-32B-AWQ,uniform-n8-t100-o20-s10005,c1_react,32000,9,react_step,640,1550,15,stop,False,19631,19631,46.57057648617774
c1_react__uniform-n8-t100-o20-s10005__cap32000__Qwen-Qwen3-32B-AWQ,uniform-n8-t100-o20-s10005,c1_react,32000,10,react_step,681,2068,10,stop,False,17385,17385,62.02076022513211
c1_react__uniform-n8-t100-o20-s10005__cap32000__Qwen-Qwen3-32B-AWQ,uniform-n8-t100-o20-s10005,c1_react,32000,11,react_step,741,1192,10,stop,False,14566,14566,35.89991005603224
c1_react__uniform-n8-t100-o20-s10005__cap32000__Qwen-Qwen3-32B-AWQ,uniform-n8-t100-o20-s10005,c1_react,32000,12,react_step,801,848,10,stop,False,12563,12563,25.757475312799215
c1_react__uniform-n8-t100-o20-s10005__cap32000__Qwen-Qwen3-32B-AWQ,uniform-n8-t100-o20-s10005,c1_react,32000,13,react_step,859,827,13,stop,False,10846,10846,25.278874097391963
c1_react__uniform-n8-t100-o20-s10005__cap32000__Qwen-Qwen3-32B-AWQ,uniform-n8-t100-o20-s10005,c1_react,32000,14,react_step,896,1309,15,stop,False,9110,9110,39.71747180726379
c1_react__uniform-n8-t100-o20-s10005__cap32000__Qwen-Qwen3-32B-AWQ,uniform-n8-t100-o20-s10005,c1_react,32000,15,react_step,937,2987,10,stop,False,6849,6849,90.52069826517254
c1_react__uniform-n8-t100-o20-s10005__cap32000__Qwen-Qwen3-32B-AWQ,uniform-n8-t100-o20-s10005,c1_react,32000,16,react_step,997,518,10,stop,False,2855,2855,16.1926059294492
c1_react__uniform-n8-t100-o20-s10005__cap32000__Qwen-Qwen3-32B-AWQ,uniform-n8-t100-o20-s10005,c1_react,32000,17,react_step,1057,1270,0,length,False,1270,1270,38.33224763069302
c1_react__uniform-n8-t100-o20-s10005__cap32000__Qwen-Qwen3-32B-AWQ,uniform-n8-t100-o20-s10005,c1_react,32000,18,finalize,93,0,7,stop,False,163,163,0.26452112663537264
c1_react__uniform-n8-t100-o20-s10005__cap64000__Qwen-Qwen3-32B-AWQ,uniform-n8-t100-o20-s10005,c1_react,64000,0,react_step,225,1177,7,stop,True,63519,32543,34.72452854830772
c1_react__uniform-n8-t100-o20-s10005__cap64000__Qwen-Qwen3-32B-AWQ,uniform-n8-t100-o20-s10005,c1_react,64000,1,react_step,268,1172,10,stop,True,62067,32500,34.74917776789516
c1_react__uniform-n8-t100-o20-s10005__cap64000__Qwen-Qwen3-32B-AWQ,uniform-n8-t100-o20-s10005,c1_react,64000,2,react_step,328,665,13,stop,True,60557,32440,19.992093505337834
c1_react__uniform-n8-t100-o20-s10005__cap64000__Qwen-Qwen3-32B-AWQ,uniform-n8-t100-o20-s10005,c1_react,64000,3,react_step,365,290,10,stop,True,59514,32403,8.983842288143933
c1_react__uniform-n8-t100-o20-s10005__cap64000__Qwen-Qwen3-32B-AWQ,uniform-n8-t100-o20-s10005,c1_react,64000,4,react_step,425,618,13,stop,True,58789,32343,18.681585317477584
c1_react__uniform-n8-t100-o20-s10005__cap64000__Qwen-Qwen3-32B-AWQ,uniform-n8-t100-o20-s10005,c1_react,64000,5,react_step,462,1010,15,stop,True,57696,32306,30.321071851998568
c1_react__uniform-n8-t100-o20-s10005__cap64000__Qwen-Qwen3-32B-AWQ,uniform-n8-t100-o20-s10005,c1_react,64000,6,react_step,503,1659,10,stop,True,56168,32265,49.515028472058475
c1_react__uniform-n8-t100-o20-s10005__cap64000__Qwen-Qwen3-32B-AWQ,uniform-n8-t100-o20-s10005,c1_react,64000,7,react_step,562,342,13,stop,True,53937,32206,10.73484991490841
c1_react__uniform-n8-t100-o20-s10005__cap64000__Qwen-Qwen3-32B-AWQ,uniform-n8-t100-o20-s10005,c1_react,64000,8,react_step,599,697,15,stop,True,52983,32169,21.23188422434032
c1_react__uniform-n8-t100-o20-s10005__cap64000__Qwen-Qwen3-32B-AWQ,uniform-n8-t100-o20-s10005,c1_react,64000,9,react_step,640,1550,15,stop,True,51631,32128,46.57434225641191
c1_react__uniform-n8-t100-o20-s10005__cap64000__Qwen-Qwen3-32B-AWQ,uniform-n8-t100-o20-s10005,c1_react,64000,10,react_step,681,2068,10,stop,True,49385,32087,62.0423711175099
c1_react__uniform-n8-t100-o20-s10005__cap64000__Qwen-Qwen3-32B-AWQ,uniform-n8-t100-o20-s10005,c1_react,64000,11,react_step,741,1192,10,stop,True,46566,32027,35.91519597079605
c1_react__uniform-n8-t100-o20-s10005__cap64000__Qwen-Qwen3-32B-AWQ,uniform-n8-t100-o20-s10005,c1_react,64000,12,react_step,801,848,10,stop,True,44563,31967,25.785095520317554
c1_react__uniform-n8-t100-o20-s10005__cap64000__Qwen-Qwen3-32B-AWQ,uniform-n8-t100-o20-s10005,c1_react,64000,13,react_step,859,827,13,stop,True,42846,31909,25.30547700636089
c1_react__uniform-n8-t100-o20-s10005__cap64000__Qwen-Qwen3-32B-AWQ,uniform-n8-t100-o20-s10005,c1_react,64000,14,react_step,896,1309,15,stop,True,41110,31872,39.73996179550886
c1_react__uniform-n8-t100-o20-s10005__cap64000__Qwen-Qwen3-32B-AWQ,uniform-n8-t100-o20-s10005,c1_react,64000,15,react_step,937,2987,10,stop,True,38849,31831,90.54936697892845
c1_react__uniform-n8-t100-o20-s10005__cap64000__Qwen-Qwen3-32B-AWQ,uniform-n8-t100-o20-s10005,c1_react,64000,16,react_step,997,518,10,stop,True,34855,31771,16.192339933477342
c1_react__uniform-n8-t100-o20-s10005__cap64000__Qwen-Qwen3-32B-AWQ,uniform-n8-t100-o20-s10005,c1_react,64000,17,react_step,1057,10648,25,stop,True,33270,31711,337.9902044367045
c1_react__uniform-n8-t100-o20-s10005__cap64000__Qwen-Qwen3-32B-AWQ,uniform-n8-t100-o20-s10005,c1_react,64000,18,react_step,1102,4879,5,stop,False,21495,21495,149.6082583507523
c1_react__uniform-n8-t100-o20-s10005__cap64000__Qwen-Qwen3-32B-AWQ,uniform-n8-t100-o20-s10005,c1_react,64000,19,finalize,110,0,56,stop,False,16757,16757,1.7114073783159256
c1_react__uniform-n8-t100-o20-s10005__cap8000__Qwen-Qwen3-32B-AWQ,uniform-n8-t100-o20-s10005,c1_react,8000,0,react_step,225,1177,7,stop,False,7519,7519,34.6685700584203
c1_react__uniform-n8-t100-o20-s10005__cap8000__Qwen-Qwen3-32B-AWQ,uniform-n8-t100-o20-s10005,c1_react,8000,1,react_step,268,1172,10,stop,False,6067,6067,34.69574570097029
c1_react__uniform-n8-t100-o20-s10005__cap8000__Qwen-Qwen3-32B-AWQ,uniform-n8-t100-o20-s10005,c1_react,8000,2,react_step,328,665,13,stop,False,4557,4557,19.964183988049626
c1_react__uniform-n8-t100-o20-s10005__cap8000__Qwen-Qwen3-32B-AWQ,uniform-n8-t100-o20-s10005,c1_react,8000,3,react_step,365,290,10,stop,False,3514,3514,8.968640301376581
c1_react__uniform-n8-t100-o20-s10005__cap8000__Qwen-Qwen3-32B-AWQ,uniform-n8-t100-o20-s10005,c1_react,8000,4,react_step,425,618,13,stop,False,2789,2789,18.649187573231757
c1_react__uniform-n8-t100-o20-s10005__cap8000__Qwen-Qwen3-32B-AWQ,uniform-n8-t100-o20-s10005,c1_react,8000,5,react_step,462,1010,15,stop,False,1696,1696,30.274218825623393
c1_react__uniform-n8-t100-o20-s10005__cap8000__Qwen-Qwen3-32B-AWQ,uniform-n8-t100-o20-s10005,c1_react,8000,6,react_step,503,168,0,length,False,168,168,5.219238258898258
c1_react__uniform-n8-t100-o20-s10005__cap8000__Qwen-Qwen3-32B-AWQ,uniform-n8-t100-o20-s10005,c1_react,8000,7,finalize,93,0,7,stop,False,163,163,0.2651084968820214
c1_react__uniform-n8-t100-o80-s10005__cap16000__Qwen-Qwen3-32B-AWQ,uniform-n8-t100-o80-s10005,c1_react,16000,0,react_step,225,1177,7,stop,False,15519,15519,34.685315968468785
c1_react__uniform-n8-t100-o80-s10005__cap16000__Qwen-Qwen3-32B-AWQ,uniform-n8-t100-o80-s10005,c1_react,16000,1,react_step,268,1172,10,stop,False,14067,14067,34.72071478608996
c1_react__uniform-n8-t100-o80-s10005__cap16000__Qwen-Qwen3-32B-AWQ,uniform-n8-t100-o80-s10005,c1_react,16000,2,react_step,328,295,13,stop,False,12557,12557,9.191551095806062
c1_react__uniform-n8-t100-o80-s10005__cap16000__Qwen-Qwen3-32B-AWQ,uniform-n8-t100-o80-s10005,c1_react,16000,3,react_step,365,852,10,stop,False,11884,11884,25.3827955853194
c1_react__uniform-n8-t100-o80-s10005__cap16000__Qwen-Qwen3-32B-AWQ,uniform-n8-t100-o80-s10005,c1_react,16000,4,react_step,425,596,13,stop,False,10597,10597,18.023742366582155
c1_react__uniform-n8-t100-o80-s10005__cap16000__Qwen-Qwen3-32B-AWQ,uniform-n8-t100-o80-s10005,c1_react,16000,5,react_step,462,524,10,stop,False,9526,9526,15.864688190631568
c1_react__uniform-n8-t100-o80-s10005__cap16000__Qwen-Qwen3-32B-AWQ,uniform-n8-t100-o80-s10005,c1_react,16000,6,react_step,522,777,13,stop,False,8470,8470,23.43099904898554
c1_react__uniform-n8-t100-o80-s10005__cap16000__Qwen-Qwen3-32B-AWQ,uniform-n8-t100-o80-s10005,c1_react,16000,7,react_step,559,1011,15,stop,False,7121,7121,30.445424790494144
c1_react__uniform-n8-t100-o80-s10005__cap16000__Qwen-Qwen3-32B-AWQ,uniform-n8-t100-o80-s10005,c1_react,16000,8,react_step,600,723,10,stop,False,5495,5495,21.83282759413123
c1_react__uniform-n8-t100-o80-s10005__cap16000__Qwen-Qwen3-32B-AWQ,uniform-n8-t100-o80-s10005,c1_react,16000,9,react_step,660,1340,10,stop,False,4102,4102,40.19195179734379
c1_react__uniform-n8-t100-o80-s10005__cap16000__Qwen-Qwen3-32B-AWQ,uniform-n8-t100-o80-s10005,c1_react,16000,10,react_step,720,1092,10,stop,False,2032,2032,32.90065464377403
c1_react__uniform-n8-t100-o80-s10005__cap16000__Qwen-Qwen3-32B-AWQ,uniform-n8-t100-o80-s10005,c1_react,16000,11,react_step,780,150,0,length,False,150,150,4.897933091036975
c1_react__uniform-n8-t100-o80-s10005__cap16000__Qwen-Qwen3-32B-AWQ,uniform-n8-t100-o80-s10005,c1_react,16000,12,finalize,93,0,7,stop,False,163,163,0.2648220146074891
c1_react__uniform-n8-t100-o80-s10005__cap32000__Qwen-Qwen3-32B-AWQ,uniform-n8-t100-o80-s10005,c1_react,32000,0,react_step,225,1177,7,stop,False,31519,31519,34.70894976332784
c1_react__uniform-n8-t100-o80-s10005__cap32000__Qwen-Qwen3-32B-AWQ,uniform-n8-t100-o80-s10005,c1_react,32000,1,react_step,268,1172,10,stop,False,30067,30067,34.726846502162516
c1_react__uniform-n8-t100-o80-s10005__cap32000__Qwen-Qwen3-32B-AWQ,uniform-n8-t100-o80-s10005,c1_react,32000,2,react_step,328,295,13,stop,False,28557,28557,9.193288140930235
c1_react__uniform-n8-t100-o80-s10005__cap32000__Qwen-Qwen3-32B-AWQ,uniform-n8-t100-o80-s10005,c1_react,32000,3,react_step,365,852,10,stop,False,27884,27884,25.385967697948217
c1_react__uniform-n8-t100-o80-s10005__cap32000__Qwen-Qwen3-32B-AWQ,uniform-n8-t100-o80-s10005,c1_react,32000,4,react_step,425,596,13,stop,False,26597,26597,18.028363722376525
c1_react__uniform-n8-t100-o80-s10005__cap32000__Qwen-Qwen3-32B-AWQ,uniform-n8-t100-o80-s10005,c1_react,32000,5,react_step,462,524,10,stop,False,25526,25526,15.877566636539996
c1_react__uniform-n8-t100-o80-s10005__cap32000__Qwen-Qwen3-32B-AWQ,uniform-n8-t100-o80-s10005,c1_react,32000,6,react_step,522,777,13,stop,False,24470,24470,23.442831121385098
c1_react__uniform-n8-t100-o80-s10005__cap32000__Qwen-Qwen3-32B-AWQ,uniform-n8-t100-o80-s10005,c1_react,32000,7,react_step,559,1011,15,stop,False,23121,23121,30.461576239205897
c1_react__uniform-n8-t100-o80-s10005__cap32000__Qwen-Qwen3-32B-AWQ,uniform-n8-t100-o80-s10005,c1_react,32000,8,react_step,600,723,10,stop,False,21495,21495,21.842123706825078
c1_react__uniform-n8-t100-o80-s10005__cap32000__Qwen-Qwen3-32B-AWQ,uniform-n8-t100-o80-s10005,c1_react,32000,9,react_step,660,1340,10,stop,False,20102,20102,40.21568634547293
c1_react__uniform-n8-t100-o80-s10005__cap32000__Qwen-Qwen3-32B-AWQ,uniform-n8-t100-o80-s10005,c1_react,32000,10,react_step,720,1092,10,stop,False,18032,18032,32.91607008781284
c1_react__uniform-n8-t100-o80-s10005__cap32000__Qwen-Qwen3-32B-AWQ,uniform-n8-t100-o80-s10005,c1_react,32000,11,react_step,780,2654,13,stop,False,16150,16150,80.12099491525441
c1_react__uniform-n8-t100-o80-s10005__cap32000__Qwen-Qwen3-32B-AWQ,uniform-n8-t100-o80-s10005,c1_react,32000,12,react_step,817,7872,19,stop,False,12666,12666,244.7283176444471
c1_react__uniform-n8-t100-o80-s10005__cap32000__Qwen-Qwen3-32B-AWQ,uniform-n8-t100-o80-s10005,c1_react,32000,13,react_step,856,3919,0,length,False,3919,3919,118.69277581200004
c1_react__uniform-n8-t100-o80-s10005__cap32000__Qwen-Qwen3-32B-AWQ,uniform-n8-t100-o80-s10005,c1_react,32000,14,finalize,93,0,7,stop,False,163,163,0.26366810221225023
c1_react__uniform-n8-t100-o80-s10005__cap64000__Qwen-Qwen3-32B-AWQ,uniform-n8-t100-o80-s10005,c1_react,64000,0,react_step,225,1177,7,stop,True,63519,32543,34.73653951380402
c1_react__uniform-n8-t100-o80-s10005__cap64000__Qwen-Qwen3-32B-AWQ,uniform-n8-t100-o80-s10005,c1_react,64000,1,react_step,268,1172,10,stop,True,62067,32500,34.7516925772652
c1_react__uniform-n8-t100-o80-s10005__cap64000__Qwen-Qwen3-32B-AWQ,uniform-n8-t100-o80-s10005,c1_react,64000,2,react_step,328,295,13,stop,True,60557,32440,9.200883002020419
c1_react__uniform-n8-t100-o80-s10005__cap64000__Qwen-Qwen3-32B-AWQ,uniform-n8-t100-o80-s10005,c1_react,64000,3,react_step,365,852,10,stop,True,59884,32403,25.409497086890042
c1_react__uniform-n8-t100-o80-s10005__cap64000__Qwen-Qwen3-32B-AWQ,uniform-n8-t100-o80-s10005,c1_react,64000,4,react_step,425,596,13,stop,True,58597,32343,18.042287547141314
c1_react__uniform-n8-t100-o80-s10005__cap64000__Qwen-Qwen3-32B-AWQ,uniform-n8-t100-o80-s10005,c1_react,64000,5,react_step,462,524,10,stop,True,57526,32306,15.881859888322651
c1_react__uniform-n8-t100-o80-s10005__cap64000__Qwen-Qwen3-32B-AWQ,uniform-n8-t100-o80-s10005,c1_react,64000,6,react_step,522,777,13,stop,True,56470,32246,23.458338292315602
c1_react__uniform-n8-t100-o80-s10005__cap64000__Qwen-Qwen3-32B-AWQ,uniform-n8-t100-o80-s10005,c1_react,64000,7,react_step,559,1011,15,stop,True,55121,32209,30.47913928050548
c1_react__uniform-n8-t100-o80-s10005__cap64000__Qwen-Qwen3-32B-AWQ,uniform-n8-t100-o80-s10005,c1_react,64000,8,react_step,600,723,10,stop,True,53495,32168,21.854402388446033
c1_react__uniform-n8-t100-o80-s10005__cap64000__Qwen-Qwen3-32B-AWQ,uniform-n8-t100-o80-s10005,c1_react,64000,9,react_step,660,1340,10,stop,True,52102,32108,40.2332131145522
c1_react__uniform-n8-t100-o80-s10005__cap64000__Qwen-Qwen3-32B-AWQ,uniform-n8-t100-o80-s10005,c1_react,64000,10,react_step,720,1092,10,stop,True,50032,32048,32.931213962845504
c1_react__uniform-n8-t100-o80-s10005__cap64000__Qwen-Qwen3-32B-AWQ,uniform-n8-t100-o80-s10005,c1_react,64000,11,react_step,780,2654,13,stop,True,48150,31988,80.17680222541094
c1_react__uniform-n8-t100-o80-s10005__cap64000__Qwen-Qwen3-32B-AWQ,uniform-n8-t100-o80-s10005,c1_react,64000,12,react_step,817,7872,19,stop,True,44666,31951,244.87006553262472
c1_react__uniform-n8-t100-o80-s10005__cap64000__Qwen-Qwen3-32B-AWQ,uniform-n8-t100-o80-s10005,c1_react,64000,13,react_step,856,4667,93,stop,True,35919,31912,145.02301371190697
c1_react__uniform-n8-t100-o80-s10005__cap64000__Qwen-Qwen3-32B-AWQ,uniform-n8-t100-o80-s10005,c1_react,64000,14,react_step,975,10039,5,stop,False,30184,30184,316.48668097145855
c1_react__uniform-n8-t100-o80-s10005__cap64000__Qwen-Qwen3-32B-AWQ,uniform-n8-t100-o80-s10005,c1_react,64000,15,finalize,93,0,7,stop,False,20303,20303,0.28702609054744244
c1_react__uniform-n8-t100-o80-s10005__cap8000__Qwen-Qwen3-32B-AWQ,uniform-n8-t100-o80-s10005,c1_react,8000,0,react_step,225,1177,7,stop,False,7519,7519,34.692105813883245
c1_react__uniform-n8-t100-o80-s10005__cap8000__Qwen-Qwen3-32B-AWQ,uniform-n8-t100-o80-s10005,c1_react,8000,1,react_step,268,1172,10,stop,False,6067,6067,34.71244202926755
c1_react__uniform-n8-t100-o80-s10005__cap8000__Qwen-Qwen3-32B-AWQ,uniform-n8-t100-o80-s10005,c1_react,8000,2,react_step,328,295,13,stop,False,4557,4557,9.18839051015675
c1_react__uniform-n8-t100-o80-s10005__cap8000__Qwen-Qwen3-32B-AWQ,uniform-n8-t100-o80-s10005,c1_react,8000,3,react_step,365,852,10,stop,False,3884,3884,25.37352231796831
c1_react__uniform-n8-t100-o80-s10005__cap8000__Qwen-Qwen3-32B-AWQ,uniform-n8-t100-o80-s10005,c1_react,8000,4,react_step,425,596,13,stop,False,2597,2597,18.014940625056624
c1_react__uniform-n8-t100-o80-s10005__cap8000__Qwen-Qwen3-32B-AWQ,uniform-n8-t100-o80-s10005,c1_react,8000,5,react_step,462,524,10,stop,False,1526,1526,15.865637391805649
c1_react__uniform-n8-t100-o80-s10005__cap8000__Qwen-Qwen3-32B-AWQ,uniform-n8-t100-o80-s10005,c1_react,8000,6,react_step,522,470,0,length,False,470,470,14.049530860967934
c1_react__uniform-n8-t100-o80-s10005__cap8000__Qwen-Qwen3-32B-AWQ,uniform-n8-t100-o80-s10005,c1_react,8000,7,finalize,93,0,7,stop,False,163,163,0.2642897740006447
c1_react__uniform-n8-t20-o20-s10005__cap16000__Qwen-Qwen3-32B-AWQ,uniform-n8-t20-o20-s10005,c1_react,16000,0,react_step,225,1177,7,stop,False,15519,15519,34.674939373508096
c1_react__uniform-n8-t20-o20-s10005__cap16000__Qwen-Qwen3-32B-AWQ,uniform-n8-t20-o20-s10005,c1_react,16000,1,react_step,268,1172,10,stop,False,14067,14067,34.701172838918865
c1_react__uniform-n8-t20-o20-s10005__cap16000__Qwen-Qwen3-32B-AWQ,uniform-n8-t20-o20-s10005,c1_react,16000,2,react_step,327,362,56,stop,False,12558,12558,12.387646859511733
c1_react__uniform-n8-t20-o20-s10005__cap16000__Qwen-Qwen3-32B-AWQ,uniform-n8-t20-o20-s10005,c1_react,16000,3,react_step,407,460,86,stop,False,11733,11733,16.16392876394093
c1_react__uniform-n8-t20-o20-s10005__cap16000__Qwen-Qwen3-32B-AWQ,uniform-n8-t20-o20-s10005,c1_react,16000,4,react_step,542,594,55,stop,False,10645,10645,19.295353488996625
c1_react__uniform-n8-t20-o20-s10005__cap16000__Qwen-Qwen3-32B-AWQ,uniform-n8-t20-o20-s10005,c1_react,16000,5,react_step,623,377,10,stop,False,9373,9373,11.693143367767334
c1_react__uniform-n8-t20-o20-s10005__cap16000__Qwen-Qwen3-32B-AWQ,uniform-n8-t20-o20-s10005,c1_react,16000,6,react_step,682,1653,50,stop,False,8304,8304,50.69972890801728
c1_react__uniform-n8-t20-o20-s10005__cap16000__Qwen-Qwen3-32B-AWQ,uniform-n8-t20-o20-s10005,c1_react,16000,7,react_step,756,2197,61,stop,False,5845,5845,67.60044796857983
c1_react__uniform-n8-t20-o20-s10005__cap16000__Qwen-Qwen3-32B-AWQ,uniform-n8-t20-o20-s10005,c1_react,16000,8,react_step,843,2130,10,stop,False,2744,2744,64.15144086442888
c1_react__uniform-n8-t20-o20-s10005__cap16000__Qwen-Qwen3-32B-AWQ,uniform-n8-t20-o20-s10005,c1_react,16000,9,finalize,93,0,7,stop,False,767,767,0.2803684063255787
c1_react__uniform-n8-t20-o20-s10005__cap32000__Qwen-Qwen3-32B-AWQ,uniform-n8-t20-o20-s10005,c1_react,32000,0,react_step,225,1177,7,stop,False,31519,31519,34.69021215196699
c1_react__uniform-n8-t20-o20-s10005__cap32000__Qwen-Qwen3-32B-AWQ,uniform-n8-t20-o20-s10005,c1_react,32000,1,react_step,268,1172,10,stop,False,30067,30067,34.714230575598776
c1_react__uniform-n8-t20-o20-s10005__cap32000__Qwen-Qwen3-32B-AWQ,uniform-n8-t20-o20-s10005,c1_react,32000,2,react_step,327,362,56,stop,False,28558,28558,12.394237373955548
c1_react__uniform-n8-t20-o20-s10005__cap32000__Qwen-Qwen3-32B-AWQ,uniform-n8-t20-o20-s10005,c1_react,32000,3,react_step,407,460,86,stop,False,27733,27733,16.165971817448735
c1_react__uniform-n8-t20-o20-s10005__cap32000__Qwen-Qwen3-32B-AWQ,uniform-n8-t20-o20-s10005,c1_react,32000,4,react_step,542,594,55,stop,False,26645,26645,19.296283452771604
c1_react__uniform-n8-t20-o20-s10005__cap32000__Qwen-Qwen3-32B-AWQ,uniform-n8-t20-o20-s10005,c1_react,32000,5,react_step,623,377,10,stop,False,25373,25373,11.698410123586655
c1_react__uniform-n8-t20-o20-s10005__cap32000__Qwen-Qwen3-32B-AWQ,uniform-n8-t20-o20-s10005,c1_react,32000,6,react_step,682,1653,50,stop,False,24304,24304,50.71981915924698
c1_react__uniform-n8-t20-o20-s10005__cap32000__Qwen-Qwen3-32B-AWQ,uniform-n8-t20-o20-s10005,c1_react,32000,7,react_step,756,2197,61,stop,False,21845,21845,67.59909970220178
c1_react__uniform-n8-t20-o20-s10005__cap32000__Qwen-Qwen3-32B-AWQ,uniform-n8-t20-o20-s10005,c1_react,32000,8,react_step,843,2130,10,stop,False,18744,18744,64.17978299129754
c1_react__uniform-n8-t20-o20-s10005__cap32000__Qwen-Qwen3-32B-AWQ,uniform-n8-t20-o20-s10005,c1_react,32000,9,react_step,902,1550,13,stop,False,15702,15702,46.851044131442904
c1_react__uniform-n8-t20-o20-s10005__cap32000__Qwen-Qwen3-32B-AWQ,uniform-n8-t20-o20-s10005,c1_react,32000,10,react_step,939,3883,46,stop,False,13200,13200,119.15676945075393
c1_react__uniform-n8-t20-o20-s10005__cap32000__Qwen-Qwen3-32B-AWQ,uniform-n8-t20-o20-s10005,c1_react,32000,11,react_step,1009,5258,77,stop,False,8262,8262,163.3321158932522
c1_react__uniform-n8-t20-o20-s10005__cap32000__Qwen-Qwen3-32B-AWQ,uniform-n8-t20-o20-s10005,c1_react,32000,12,react_step,1106,990,80,stop,False,1821,1821,32.41629099752754
c1_react__uniform-n8-t20-o20-s10005__cap32000__Qwen-Qwen3-32B-AWQ,uniform-n8-t20-o20-s10005,c1_react,32000,13,finalize,93,0,7,stop,False,914,914,0.28053572960197926
c1_react__uniform-n8-t20-o20-s10005__cap64000__Qwen-Qwen3-32B-AWQ,uniform-n8-t20-o20-s10005,c1_react,64000,0,react_step,225,1177,7,stop,True,63519,32543,34.70559856668115
c1_react__uniform-n8-t20-o20-s10005__cap64000__Qwen-Qwen3-32B-AWQ,uniform-n8-t20-o20-s10005,c1_react,64000,1,react_step,268,1172,10,stop,True,62067,32500,34.73478101938963
c1_react__uniform-n8-t20-o20-s10005__cap64000__Qwen-Qwen3-32B-AWQ,uniform-n8-t20-o20-s10005,c1_react,64000,2,react_step,327,362,56,stop,True,60558,32441,12.39911487698555
c1_react__uniform-n8-t20-o20-s10005__cap64000__Qwen-Qwen3-32B-AWQ,uniform-n8-t20-o20-s10005,c1_react,64000,3,react_step,407,460,86,stop,True,59733,32361,16.175292851403356
c1_react__uniform-n8-t20-o20-s10005__cap64000__Qwen-Qwen3-32B-AWQ,uniform-n8-t20-o20-s10005,c1_react,64000,4,react_step,542,594,55,stop,True,58645,32226,19.303150339983404
c1_react__uniform-n8-t20-o20-s10005__cap64000__Qwen-Qwen3-32B-AWQ,uniform-n8-t20-o20-s10005,c1_react,64000,5,react_step,623,377,10,stop,True,57373,32145,11.704676175490022
c1_react__uniform-n8-t20-o20-s10005__cap64000__Qwen-Qwen3-32B-AWQ,uniform-n8-t20-o20-s10005,c1_react,64000,6,react_step,682,1653,50,stop,True,56304,32086,50.75209820177406
c1_react__uniform-n8-t20-o20-s10005__cap64000__Qwen-Qwen3-32B-AWQ,uniform-n8-t20-o20-s10005,c1_react,64000,7,react_step,756,2197,61,stop,True,53845,32012,67.66290640830994
c1_react__uniform-n8-t20-o20-s10005__cap64000__Qwen-Qwen3-32B-AWQ,uniform-n8-t20-o20-s10005,c1_react,64000,8,react_step,843,2130,10,stop,True,50744,31925,64.2415698217228
c1_react__uniform-n8-t20-o20-s10005__cap64000__Qwen-Qwen3-32B-AWQ,uniform-n8-t20-o20-s10005,c1_react,64000,9,react_step,902,1550,13,stop,True,47702,31866,46.88706269301474
c1_react__uniform-n8-t20-o20-s10005__cap64000__Qwen-Qwen3-32B-AWQ,uniform-n8-t20-o20-s10005,c1_react,64000,10,react_step,939,3883,46,stop,True,45200,31829,119.22649416234344
c1_react__uniform-n8-t20-o20-s10005__cap64000__Qwen-Qwen3-32B-AWQ,uniform-n8-t20-o20-s10005,c1_react,64000,11,react_step,1009,5258,77,stop,True,40262,31759,163.48898069094867
c1_react__uniform-n8-t20-o20-s10005__cap64000__Qwen-Qwen3-32B-AWQ,uniform-n8-t20-o20-s10005,c1_react,64000,12,react_step,1106,990,80,stop,True,33821,31662,32.446215382777154
c1_react__uniform-n8-t20-o20-s10005__cap64000__Qwen-Qwen3-32B-AWQ,uniform-n8-t20-o20-s10005,c1_react,64000,13,react_step,1235,296,15,stop,False,31516,31516,10.021068133413792
c1_react__uniform-n8-t20-o20-s10005__cap64000__Qwen-Qwen3-32B-AWQ,uniform-n8-t20-o20-s10005,c1_react,64000,14,react_step,1276,322,10,stop,False,29929,29929,10.681223263032734
c1_react__uniform-n8-t20-o20-s10005__cap64000__Qwen-Qwen3-32B-AWQ,uniform-n8-t20-o20-s10005,c1_react,64000,15,react_step,1335,882,15,stop,False,28262,28262,27.545338356867433
c1_react__uniform-n8-t20-o20-s10005__cap64000__Qwen-Qwen3-32B-AWQ,uniform-n8-t20-o20-s10005,c1_react,64000,16,react_step,1376,916,10,stop,False,25989,25989,28.439625099301338
c1_react__uniform-n8-t20-o20-s10005__cap64000__Qwen-Qwen3-32B-AWQ,uniform-n8-t20-o20-s10005,c1_react,64000,17,react_step,1435,754,10,stop,False,23628,23628,23.6601517572999
c1_react__uniform-n8-t20-o20-s10005__cap64000__Qwen-Qwen3-32B-AWQ,uniform-n8-t20-o20-s10005,c1_react,64000,18,react_step,1494,2440,87,stop,False,21370,21370,77.18819872103631
c1_react__uniform-n8-t20-o20-s10005__cap64000__Qwen-Qwen3-32B-AWQ,uniform-n8-t20-o20-s10005,c1_react,64000,19,react_step,1607,1185,15,stop,False,17236,17236,36.953296307474375
c1_react__uniform-n8-t20-o20-s10005__cap64000__Qwen-Qwen3-32B-AWQ,uniform-n8-t20-o20-s10005,c1_react,64000,20,react_step,1648,1734,107,stop,False,14388,14388,56.4909099554643
c1_react__uniform-n8-t20-o20-s10005__cap64000__Qwen-Qwen3-32B-AWQ,uniform-n8-t20-o20-s10005,c1_react,64000,21,react_step,1775,1906,82,stop,False,10772,10772,61.13469866476953
c1_react__uniform-n8-t20-o20-s10005__cap64000__Qwen-Qwen3-32B-AWQ,uniform-n8-t20-o20-s10005,c1_react,64000,22,finalize,93,0,7,stop,False,8947,8947,0.28510098345577717
c1_react__uniform-n8-t20-o20-s10005__cap8000__Qwen-Qwen3-32B-AWQ,uniform-n8-t20-o20-s10005,c1_react,8000,0,react_step,225,1177,7,stop,False,7519,7519,34.70718863233924
c1_react__uniform-n8-t20-o20-s10005__cap8000__Qwen-Qwen3-32B-AWQ,uniform-n8-t20-o20-s10005,c1_react,8000,1,react_step,268,1172,10,stop,False,6067,6067,34.72281678952277
c1_react__uniform-n8-t20-o20-s10005__cap8000__Qwen-Qwen3-32B-AWQ,uniform-n8-t20-o20-s10005,c1_react,8000,2,react_step,327,362,56,stop,False,4558,4558,12.393429487012327
c1_react__uniform-n8-t20-o20-s10005__cap8000__Qwen-Qwen3-32B-AWQ,uniform-n8-t20-o20-s10005,c1_react,8000,3,react_step,407,460,86,stop,False,3733,3733,16.164940542541444
c1_react__uniform-n8-t20-o20-s10005__cap8000__Qwen-Qwen3-32B-AWQ,uniform-n8-t20-o20-s10005,c1_react,8000,4,react_step,542,594,55,stop,False,2645,2645,19.29105522017926
c1_react__uniform-n8-t20-o20-s10005__cap8000__Qwen-Qwen3-32B-AWQ,uniform-n8-t20-o20-s10005,c1_react,8000,5,react_step,623,377,10,stop,False,1373,1373,11.69261834397912
c1_react__uniform-n8-t20-o20-s10005__cap8000__Qwen-Qwen3-32B-AWQ,uniform-n8-t20-o20-s10005,c1_react,8000,6,react_step,682,304,0,length,False,304,304,9.307690638117492
c1_react__uniform-n8-t20-o20-s10005__cap8000__Qwen-Qwen3-32B-AWQ,uniform-n8-t20-o20-s10005,c1_react,8000,7,finalize,93,0,7,stop,False,163,163,0.26619007904082537
c1_react__uniform-n8-t85-o20-s10005__cap16000__Qwen-Qwen3-32B-AWQ,uniform-n8-t85-o20-s10005,c1_react,16000,0,react_step,225,1177,7,stop,False,15519,15519,34.70406441949308
c1_react__uniform-n8-t85-o20-s10005__cap16000__Qwen-Qwen3-32B-AWQ,uniform-n8-t85-o20-s10005,c1_react,16000,1,react_step,268,1172,10,stop,False,14067,14067,34.723980735987425
c1_react__uniform-n8-t85-o20-s10005__cap16000__Qwen-Qwen3-32B-AWQ,uniform-n8-t85-o20-s10005,c1_react,16000,2,react_step,328,394,13,stop,False,12557,12557,12.068523925729096
c1_react__uniform-n8-t85-o20-s10005__cap16000__Qwen-Qwen3-32B-AWQ,uniform-n8-t85-o20-s10005,c1_react,16000,3,react_step,365,531,37,stop,False,11785,11785,16.775113238953054
c1_react__uniform-n8-t85-o20-s10005__cap16000__Qwen-Qwen3-32B-AWQ,uniform-n8-t85-o20-s10005,c1_react,16000,4,react_step,452,795,44,stop,False,10765,10765,24.783881864510477
c1_react__uniform-n8-t85-o20-s10005__cap16000__Qwen-Qwen3-32B-AWQ,uniform-n8-t85-o20-s10005,c1_react,16000,5,react_step,520,1015,57,stop,False,9406,9406,31.75728176254779
c1_react__uniform-n8-t85-o20-s10005__cap16000__Qwen-Qwen3-32B-AWQ,uniform-n8-t85-o20-s10005,c1_react,16000,6,react_step,626,900,38,stop,False,7708,7708,27.908990829251707
c1_react__uniform-n8-t85-o20-s10005__cap16000__Qwen-Qwen3-32B-AWQ,uniform-n8-t85-o20-s10005,c1_react,16000,7,react_step,714,1138,41,stop,False,6056,6056,35.16569441277534
c1_react__uniform-n8-t85-o20-s10005__cap16000__Qwen-Qwen3-32B-AWQ,uniform-n8-t85-o20-s10005,c1_react,16000,8,react_step,779,692,13,stop,False,4098,4098,21.194468540139496
c1_react__uniform-n8-t85-o20-s10005__cap16000__Qwen-Qwen3-32B-AWQ,uniform-n8-t85-o20-s10005,c1_react,16000,9,react_step,816,2577,0,length,False,2577,2577,77.39755712915212
c1_react__uniform-n8-t85-o20-s10005__cap16000__Qwen-Qwen3-32B-AWQ,uniform-n8-t85-o20-s10005,c1_react,16000,10,finalize,93,0,7,stop,False,163,163,0.2647497244179249
c1_react__uniform-n8-t85-o20-s10005__cap32000__Qwen-Qwen3-32B-AWQ,uniform-n8-t85-o20-s10005,c1_react,32000,0,react_step,225,1177,7,stop,False,31519,31519,34.706329992972314
c1_react__uniform-n8-t85-o20-s10005__cap32000__Qwen-Qwen3-32B-AWQ,uniform-n8-t85-o20-s10005,c1_react,32000,1,react_step,268,1172,10,stop,False,30067,30067,34.73173450771719
c1_react__uniform-n8-t85-o20-s10005__cap32000__Qwen-Qwen3-32B-AWQ,uniform-n8-t85-o20-s10005,c1_react,32000,2,react_step,328,394,13,stop,False,28557,28557,12.076611761003733
c1_react__uniform-n8-t85-o20-s10005__cap32000__Qwen-Qwen3-32B-AWQ,uniform-n8-t85-o20-s10005,c1_react,32000,3,react_step,365,531,37,stop,False,27785,27785,16.790681989863515
c1_react__uniform-n8-t85-o20-s10005__cap32000__Qwen-Qwen3-32B-AWQ,uniform-n8-t85-o20-s10005,c1_react,32000,4,react_step,452,795,44,stop,False,26765,26765,24.800923760049045
c1_react__uniform-n8-t85-o20-s10005__cap32000__Qwen-Qwen3-32B-AWQ,uniform-n8-t85-o20-s10005,c1_react,32000,5,react_step,520,1015,57,stop,False,25406,25406,31.785420081578195
c1_react__uniform-n8-t85-o20-s10005__cap32000__Qwen-Qwen3-32B-AWQ,uniform-n8-t85-o20-s10005,c1_react,32000,6,react_step,626,900,38,stop,False,23708,23708,27.933092624880373
c1_react__uniform-n8-t85-o20-s10005__cap32000__Qwen-Qwen3-32B-AWQ,uniform-n8-t85-o20-s10005,c1_react,32000,7,react_step,714,1138,41,stop,False,22056,22056,35.18304073251784
c1_react__uniform-n8-t85-o20-s10005__cap32000__Qwen-Qwen3-32B-AWQ,uniform-n8-t85-o20-s10005,c1_react,32000,8,react_step,779,692,13,stop,False,20098,20098,21.208294165320694
c1_react__uniform-n8-t85-o20-s10005__cap32000__Qwen-Qwen3-32B-AWQ,uniform-n8-t85-o20-s10005,c1_react,32000,9,react_step,816,9241,46,stop,False,18577,18577,290.42765830270946
c1_react__uniform-n8-t85-o20-s10005__cap32000__Qwen-Qwen3-32B-AWQ,uniform-n8-t85-o20-s10005,c1_react,32000,10,react_step,882,867,56,stop,False,8408,8408,27.792028361931443
c1_react__uniform-n8-t85-o20-s10005__cap32000__Qwen-Qwen3-32B-AWQ,uniform-n8-t85-o20-s10005,c1_react,32000,11,react_step,988,326,10,stop,False,6497,6497,10.503485027700663
c1_react__uniform-n8-t85-o20-s10005__cap32000__Qwen-Qwen3-32B-AWQ,uniform-n8-t85-o20-s10005,c1_react,32000,12,react_step,1047,2819,42,stop,False,5114,5114,86.5470106517896
c1_react__uniform-n8-t85-o20-s10005__cap32000__Qwen-Qwen3-32B-AWQ,uniform-n8-t85-o20-s10005,c1_react,32000,13,react_step,1139,1114,0,length,False,1114,1114,33.76738786417991
c1_react__uniform-n8-t85-o20-s10005__cap32000__Qwen-Qwen3-32B-AWQ,uniform-n8-t85-o20-s10005,c1_react,32000,14,finalize,93,0,7,stop,False,163,163,0.2639928599819541
c1_react__uniform-n8-t85-o20-s10005__cap64000__Qwen-Qwen3-32B-AWQ,uniform-n8-t85-o20-s10005,c1_react,64000,0,react_step,225,1177,7,stop,True,63519,32543,34.72812023758888
c1_react__uniform-n8-t85-o20-s10005__cap64000__Qwen-Qwen3-32B-AWQ,uniform-n8-t85-o20-s10005,c1_react,64000,1,react_step,268,1172,10,stop,True,62067,32500,34.753878423944116
c1_react__uniform-n8-t85-o20-s10005__cap64000__Qwen-Qwen3-32B-AWQ,uniform-n8-t85-o20-s10005,c1_react,64000,2,react_step,328,394,13,stop,True,60557,32440,12.08513789717108
c1_react__uniform-n8-t85-o20-s10005__cap64000__Qwen-Qwen3-32B-AWQ,uniform-n8-t85-o20-s10005,c1_react,64000,3,react_step,365,531,37,stop,True,59785,32403,16.797874662093818
c1_react__uniform-n8-t85-o20-s10005__cap64000__Qwen-Qwen3-32B-AWQ,uniform-n8-t85-o20-s10005,c1_react,64000,4,react_step,452,795,44,stop,True,58765,32316,24.81671103090048
c1_react__uniform-n8-t85-o20-s10005__cap64000__Qwen-Qwen3-32B-AWQ,uniform-n8-t85-o20-s10005,c1_react,64000,5,react_step,520,1015,57,stop,True,57406,32248,31.79444696381688
c1_react__uniform-n8-t85-o20-s10005__cap64000__Qwen-Qwen3-32B-AWQ,uniform-n8-t85-o20-s10005,c1_react,64000,6,react_step,626,900,38,stop,True,55708,32142,27.94888953771442
c1_react__uniform-n8-t85-o20-s10005__cap64000__Qwen-Qwen3-32B-AWQ,uniform-n8-t85-o20-s10005,c1_react,64000,7,react_step,714,1138,41,stop,True,54056,32054,35.216193607077
c1_react__uniform-n8-t85-o20-s10005__cap64000__Qwen-Qwen3-32B-AWQ,uniform-n8-t85-o20-s10005,c1_react,64000,8,react_step,779,692,13,stop,True,52098,31989,21.22209771350026
c1_react__uniform-n8-t85-o20-s10005__cap64000__Qwen-Qwen3-32B-AWQ,uniform-n8-t85-o20-s10005,c1_react,64000,9,react_step,816,9241,46,stop,True,50577,31952,290.57482569944113
c1_react__uniform-n8-t85-o20-s10005__cap64000__Qwen-Qwen3-32B-AWQ,uniform-n8-t85-o20-s10005,c1_react,64000,10,react_step,882,867,56,stop,True,40408,31886,27.79421041160822
c1_react__uniform-n8-t85-o20-s10005__cap64000__Qwen-Qwen3-32B-AWQ,uniform-n8-t85-o20-s10005,c1_react,64000,11,react_step,988,326,10,stop,True,38497,31780,10.50531146209687
c1_react__uniform-n8-t85-o20-s10005__cap64000__Qwen-Qwen3-32B-AWQ,uniform-n8-t85-o20-s10005,c1_react,64000,12,react_step,1047,2819,42,stop,True,37114,31721,86.57121654599905
c1_react__uniform-n8-t85-o20-s10005__cap64000__Qwen-Qwen3-32B-AWQ,uniform-n8-t85-o20-s10005,c1_react,64000,13,react_step,1139,2856,10,stop,True,33114,31629,86.93142529018223
c1_react__uniform-n8-t85-o20-s10005__cap64000__Qwen-Qwen3-32B-AWQ,uniform-n8-t85-o20-s10005,c1_react,64000,14,react_step,1199,4953,52,stop,False,29049,29049,153.69160233158618
c1_react__uniform-n8-t85-o20-s10005__cap64000__Qwen-Qwen3-32B-AWQ,uniform-n8-t85-o20-s10005,c1_react,64000,15,react_step,1271,1244,49,stop,False,22773,22773,39.32143760751933
c1_react__uniform-n8-t85-o20-s10005__cap64000__Qwen-Qwen3-32B-AWQ,uniform-n8-t85-o20-s10005,c1_react,64000,16,react_step,1344,820,15,stop,False,20136,20136,25.692849022336304
c1_react__uniform-n8-t85-o20-s10005__cap64000__Qwen-Qwen3-32B-AWQ,uniform-n8-t85-o20-s10005,c1_react,64000,17,react_step,1385,1359,15,stop,False,17916,17916,41.91791414655745
c1_react__uniform-n8-t85-o20-s10005__cap64000__Qwen-Qwen3-32B-AWQ,uniform-n8-t85-o20-s10005,c1_react,64000,18,react_step,1426,3210,15,stop,False,15116,15116,98.566486841999
c1_react__uniform-n8-t85-o20-s10005__cap64000__Qwen-Qwen3-32B-AWQ,uniform-n8-t85-o20-s10005,c1_react,64000,19,react_step,1467,2165,121,stop,False,10424,10424,69.78590716980398
c1_react__uniform-n8-t85-o20-s10005__cap64000__Qwen-Qwen3-32B-AWQ,uniform-n8-t85-o20-s10005,c1_react,64000,20,react_step,1614,888,15,stop,False,6524,6524,27.988884977065027
c1_react__uniform-n8-t85-o20-s10005__cap64000__Qwen-Qwen3-32B-AWQ,uniform-n8-t85-o20-s10005,c1_react,64000,21,react_step,1655,3966,0,length,False,3966,3966,122.19916958734393
c1_react__uniform-n8-t85-o20-s10005__cap64000__Qwen-Qwen3-32B-AWQ,uniform-n8-t85-o20-s10005,c1_react,64000,22,finalize,93,0,7,stop,False,163,163,0.26558615546673536
c1_react__uniform-n8-t85-o20-s10005__cap8000__Qwen-Qwen3-32B-AWQ,uniform-n8-t85-o20-s10005,c1_react,8000,0,react_step,225,1177,7,stop,False,7519,7519,34.67312735039741
c1_react__uniform-n8-t85-o20-s10005__cap8000__Qwen-Qwen3-32B-AWQ,uniform-n8-t85-o20-s10005,c1_react,8000,1,react_step,268,1172,10,stop,False,6067,6067,34.68326704017818
c1_react__uniform-n8-t85-o20-s10005__cap8000__Qwen-Qwen3-32B-AWQ,uniform-n8-t85-o20-s10005,c1_react,8000,2,react_step,328,394,13,stop,False,4557,4557,12.060615538619459
c1_react__uniform-n8-t85-o20-s10005__cap8000__Qwen-Qwen3-32B-AWQ,uniform-n8-t85-o20-s10005,c1_react,8000,3,react_step,365,531,37,stop,False,3785,3785,16.766933523118496
c1_react__uniform-n8-t85-o20-s10005__cap8000__Qwen-Qwen3-32B-AWQ,uniform-n8-t85-o20-s10005,c1_react,8000,4,react_step,452,795,44,stop,False,2765,2765,24.766747354529798
c1_react__uniform-n8-t85-o20-s10005__cap8000__Qwen-Qwen3-32B-AWQ,uniform-n8-t85-o20-s10005,c1_react,8000,5,react_step,520,1015,57,stop,False,1406,1406,31.73997254204005
c1_react__uniform-n8-t85-o20-s10005__cap8000__Qwen-Qwen3-32B-AWQ,uniform-n8-t85-o20-s10005,c1_react,8000,6,finalize,93,0,7,stop,False,497,497,0.2800735728815198
c2_verify_revise__clustered-n4-t100-o20-s10005__cap16000__Qwen-Qwen3-32B-AWQ,clustered-n4-t100-o20-s10005,c2_verify_revise,16000,0,react_step,225,1177,7,stop,False,15519,15519,34.827424108982086
c2_verify_revise__clustered-n4-t100-o20-s10005__cap16000__Qwen-Qwen3-32B-AWQ,clustered-n4-t100-o20-s10005,c2_verify_revise,16000,1,react_step,256,485,10,stop,False,14079,14079,14.614515222609043
c2_verify_revise__clustered-n4-t100-o20-s10005__cap16000__Qwen-Qwen3-32B-AWQ,clustered-n4-t100-o20-s10005,c2_verify_revise,16000,2,react_step,316,393,10,stop,False,13268,13268,11.98086794000119
c2_verify_revise__clustered-n4-t100-o20-s10005__cap16000__Qwen-Qwen3-32B-AWQ,clustered-n4-t100-o20-s10005,c2_verify_revise,16000,3,react_step,376,427,10,stop,False,12489,12489,13.028735251165926
c2_verify_revise__clustered-n4-t100-o20-s10005__cap16000__Qwen-Qwen3-32B-AWQ,clustered-n4-t100-o20-s10005,c2_verify_revise,16000,4,react_step,436,420,10,stop,False,11616,11616,12.843002730049193
c2_verify_revise__clustered-n4-t100-o20-s10005__cap16000__Qwen-Qwen3-32B-AWQ,clustered-n4-t100-o20-s10005,c2_verify_revise,16000,5,react_step,495,1024,13,stop,False,10691,10691,30.796009090729058
c2_verify_revise__clustered-n4-t100-o20-s10005__cap16000__Qwen-Qwen3-32B-AWQ,clustered-n4-t100-o20-s10005,c2_verify_revise,16000,6,react_step,532,1331,15,stop,False,9122,9122,40.05359528120607
c2_verify_revise__clustered-n4-t100-o20-s10005__cap16000__Qwen-Qwen3-32B-AWQ,clustered-n4-t100-o20-s10005,c2_verify_revise,16000,7,react_step,573,5258,25,stop,False,7203,7203,161.06305011361837
c2_verify_revise__clustered-n4-t100-o20-s10005__cap16000__Qwen-Qwen3-32B-AWQ,clustered-n4-t100-o20-s10005,c2_verify_revise,16000,8,react_step,618,1302,0,length,False,1302,1302,38.850921037606895
c2_verify_revise__clustered-n4-t100-o20-s10005__cap16000__Qwen-Qwen3-32B-AWQ,clustered-n4-t100-o20-s10005,c2_verify_revise,16000,9,finalize,110,0,56,stop,False,146,146,1.693432099185884
c2_verify_revise__clustered-n4-t100-o20-s10005__cap32000__Qwen-Qwen3-32B-AWQ,clustered-n4-t100-o20-s10005,c2_verify_revise,32000,0,react_step,225,1177,7,stop,False,31519,31519,34.83753619901836
c2_verify_revise__clustered-n4-t100-o20-s10005__cap32000__Qwen-Qwen3-32B-AWQ,clustered-n4-t100-o20-s10005,c2_verify_revise,32000,1,react_step,256,485,10,stop,False,30079,30079,14.619168777018785
c2_verify_revise__clustered-n4-t100-o20-s10005__cap32000__Qwen-Qwen3-32B-AWQ,clustered-n4-t100-o20-s10005,c2_verify_revise,32000,2,react_step,316,393,10,stop,False,29268,29268,11.984387693926692
c2_verify_revise__clustered-n4-t100-o20-s10005__cap32000__Qwen-Qwen3-32B-AWQ,clustered-n4-t100-o20-s10005,c2_verify_revise,32000,3,react_step,376,427,10,stop,False,28489,28489,13.022085892036557
c2_verify_revise__clustered-n4-t100-o20-s10005__cap32000__Qwen-Qwen3-32B-AWQ,clustered-n4-t100-o20-s10005,c2_verify_revise,32000,4,react_step,436,420,10,stop,False,27616,27616,12.858881568536162
c2_verify_revise__clustered-n4-t100-o20-s10005__cap32000__Qwen-Qwen3-32B-AWQ,clustered-n4-t100-o20-s10005,c2_verify_revise,32000,5,react_step,495,1024,13,stop,False,26691,26691,30.820708598010242
c2_verify_revise__clustered-n4-t100-o20-s10005__cap32000__Qwen-Qwen3-32B-AWQ,clustered-n4-t100-o20-s10005,c2_verify_revise,32000,6,react_step,532,1331,15,stop,False,25122,25122,40.07402707077563
c2_verify_revise__clustered-n4-t100-o20-s10005__cap32000__Qwen-Qwen3-32B-AWQ,clustered-n4-t100-o20-s10005,c2_verify_revise,32000,7,react_step,573,5258,25,stop,False,23203,23203,161.1519327322021
c2_verify_revise__clustered-n4-t100-o20-s10005__cap32000__Qwen-Qwen3-32B-AWQ,clustered-n4-t100-o20-s10005,c2_verify_revise,32000,8,react_step,618,4726,48,stop,False,17302,17302,145.04201743472368
c2_verify_revise__clustered-n4-t100-o20-s10005__cap32000__Qwen-Qwen3-32B-AWQ,clustered-n4-t100-o20-s10005,c2_verify_revise,32000,9,react_step,692,949,46,stop,False,11836,11836,29.72604393400252
c2_verify_revise__clustered-n4-t100-o20-s10005__cap32000__Qwen-Qwen3-32B-AWQ,clustered-n4-t100-o20-s10005,c2_verify_revise,32000,10,react_step,764,905,5,stop,False,10077,10077,27.293915901333094
c2_verify_revise__clustered-n4-t100-o20-s10005__cap32000__Qwen-Qwen3-32B-AWQ,clustered-n4-t100-o20-s10005,c2_verify_revise,32000,11,verify,875,1196,585,stop,False,8292,8292,53.44187637325376
c2_verify_revise__clustered-n4-t100-o20-s10005__cap32000__Qwen-Qwen3-32B-AWQ,clustered-n4-t100-o20-s10005,c2_verify_revise,32000,12,revise,1542,327,25,stop,False,4969,4969,11.484725169837475
c2_verify_revise__clustered-n4-t100-o20-s10005__cap32000__Qwen-Qwen3-32B-AWQ,clustered-n4-t100-o20-s10005,c2_verify_revise,32000,13,verify,1673,1034,385,stop,False,2944,2944,43.70729325711727
c2_verify_revise__clustered-n4-t100-o20-s10005__cap32000__Qwen-Qwen3-32B-AWQ,clustered-n4-t100-o20-s10005,c2_verify_revise,32000,14,finalize,110,0,56,stop,False,1671,1671,1.7052456438541412
c2_verify_revise__clustered-n4-t100-o20-s10005__cap64000__Qwen-Qwen3-32B-AWQ,clustered-n4-t100-o20-s10005,c2_verify_revise,64000,0,react_step,225,1177,7,stop,True,63519,32543,34.75316544622183
c2_verify_revise__clustered-n4-t100-o20-s10005__cap64000__Qwen-Qwen3-32B-AWQ,clustered-n4-t100-o20-s10005,c2_verify_revise,64000,1,react_step,256,485,10,stop,True,62079,32512,14.582037514075637
c2_verify_revise__clustered-n4-t100-o20-s10005__cap64000__Qwen-Qwen3-32B-AWQ,clustered-n4-t100-o20-s10005,c2_verify_revise,64000,2,react_step,316,393,10,stop,True,61268,32452,11.953415719792247
c2_verify_revise__clustered-n4-t100-o20-s10005__cap64000__Qwen-Qwen3-32B-AWQ,clustered-n4-t100-o20-s10005,c2_verify_revise,64000,3,react_step,376,427,10,stop,True,60489,32392,12.993754898197949
c2_verify_revise__clustered-n4-t100-o20-s10005__cap64000__Qwen-Qwen3-32B-AWQ,clustered-n4-t100-o20-s10005,c2_verify_revise,64000,4,react_step,436,420,10,stop,True,59616,32332,12.833155202679336
c2_verify_revise__clustered-n4-t100-o20-s10005__cap64000__Qwen-Qwen3-32B-AWQ,clustered-n4-t100-o20-s10005,c2_verify_revise,64000,5,react_step,495,1024,13,stop,True,58691,32273,30.734031673520803
c2_verify_revise__clustered-n4-t100-o20-s10005__cap64000__Qwen-Qwen3-32B-AWQ,clustered-n4-t100-o20-s10005,c2_verify_revise,64000,6,react_step,532,1331,15,stop,True,57122,32236,39.97832921333611
c2_verify_revise__clustered-n4-t100-o20-s10005__cap64000__Qwen-Qwen3-32B-AWQ,clustered-n4-t100-o20-s10005,c2_verify_revise,64000,7,react_step,573,5258,25,stop,True,55203,32195,160.81130481138825
c2_verify_revise__clustered-n4-t100-o20-s10005__cap64000__Qwen-Qwen3-32B-AWQ,clustered-n4-t100-o20-s10005,c2_verify_revise,64000,8,react_step,618,4726,48,stop,True,49302,32150,144.8654400492087
c2_verify_revise__clustered-n4-t100-o20-s10005__cap64000__Qwen-Qwen3-32B-AWQ,clustered-n4-t100-o20-s10005,c2_verify_revise,64000,9,react_step,692,949,46,stop,True,43836,32076,29.710524384863675
c2_verify_revise__clustered-n4-t100-o20-s10005__cap64000__Qwen-Qwen3-32B-AWQ,clustered-n4-t100-o20-s10005,c2_verify_revise,64000,10,react_step,764,905,5,stop,True,42077,32004,27.280859533697367
c2_verify_revise__clustered-n4-t100-o20-s10005__cap64000__Qwen-Qwen3-32B-AWQ,clustered-n4-t100-o20-s10005,c2_verify_revise,64000,11,verify,875,1196,585,stop,True,40292,31893,53.4253701986745
c2_verify_revise__clustered-n4-t100-o20-s10005__cap64000__Qwen-Qwen3-32B-AWQ,clustered-n4-t100-o20-s10005,c2_verify_revise,64000,12,revise,1542,327,25,stop,True,36969,31226,11.48161773569882
c2_verify_revise__clustered-n4-t100-o20-s10005__cap64000__Qwen-Qwen3-32B-AWQ,clustered-n4-t100-o20-s10005,c2_verify_revise,64000,13,verify,1673,1034,385,stop,True,34944,31095,43.71122383978218
c2_verify_revise__clustered-n4-t100-o20-s10005__cap64000__Qwen-Qwen3-32B-AWQ,clustered-n4-t100-o20-s10005,c2_verify_revise,64000,14,revise,2140,216,25,stop,True,31385,30628,8.621969536878169
c2_verify_revise__clustered-n4-t100-o20-s10005__cap64000__Qwen-Qwen3-32B-AWQ,clustered-n4-t100-o20-s10005,c2_verify_revise,64000,15,finalize,110,0,56,stop,False,31290,31290,1.7099815737456083
c2_verify_revise__clustered-n4-t100-o20-s10005__cap8000__Qwen-Qwen3-32B-AWQ,clustered-n4-t100-o20-s10005,c2_verify_revise,8000,0,react_step,225,1177,7,stop,False,7519,7519,34.80985588300973
c2_verify_revise__clustered-n4-t100-o20-s10005__cap8000__Qwen-Qwen3-32B-AWQ,clustered-n4-t100-o20-s10005,c2_verify_revise,8000,1,react_step,256,485,10,stop,False,6079,6079,14.609693368896842
c2_verify_revise__clustered-n4-t100-o20-s10005__cap8000__Qwen-Qwen3-32B-AWQ,clustered-n4-t100-o20-s10005,c2_verify_revise,8000,2,react_step,316,393,10,stop,False,5268,5268,11.970694369636476
c2_verify_revise__clustered-n4-t100-o20-s10005__cap8000__Qwen-Qwen3-32B-AWQ,clustered-n4-t100-o20-s10005,c2_verify_revise,8000,3,react_step,376,427,10,stop,False,4489,4489,13.014562042430043
c2_verify_revise__clustered-n4-t100-o20-s10005__cap8000__Qwen-Qwen3-32B-AWQ,clustered-n4-t100-o20-s10005,c2_verify_revise,8000,4,react_step,436,420,10,stop,False,3616,3616,13.078877636231482
c2_verify_revise__clustered-n4-t100-o20-s10005__cap8000__Qwen-Qwen3-32B-AWQ,clustered-n4-t100-o20-s10005,c2_verify_revise,8000,5,react_step,495,1024,13,stop,False,2691,2691,32.18282375950366
c2_verify_revise__clustered-n4-t100-o20-s10005__cap8000__Qwen-Qwen3-32B-AWQ,clustered-n4-t100-o20-s10005,c2_verify_revise,8000,6,react_step,532,1122,0,length,False,1122,1122,34.67199052684009
c2_verify_revise__clustered-n4-t100-o20-s10005__cap8000__Qwen-Qwen3-32B-AWQ,clustered-n4-t100-o20-s10005,c2_verify_revise,8000,7,finalize,93,0,7,stop,False,163,163,0.26801152992993593
c2_verify_revise__clustered-n4-t100-o80-s10005__cap16000__Qwen-Qwen3-32B-AWQ,clustered-n4-t100-o80-s10005,c2_verify_revise,16000,0,react_step,225,1177,7,stop,False,15519,15519,34.83217866718769
c2_verify_revise__clustered-n4-t100-o80-s10005__cap16000__Qwen-Qwen3-32B-AWQ,clustered-n4-t100-o80-s10005,c2_verify_revise,16000,1,react_step,256,485,10,stop,False,14079,14079,14.609955191612244
c2_verify_revise__clustered-n4-t100-o80-s10005__cap16000__Qwen-Qwen3-32B-AWQ,clustered-n4-t100-o80-s10005,c2_verify_revise,16000,2,react_step,316,507,13,stop,False,13268,13268,15.402501569129527
c2_verify_revise__clustered-n4-t100-o80-s10005__cap16000__Qwen-Qwen3-32B-AWQ,clustered-n4-t100-o80-s10005,c2_verify_revise,16000,3,react_step,353,318,10,stop,False,12395,12395,9.81683581136167
c2_verify_revise__clustered-n4-t100-o80-s10005__cap16000__Qwen-Qwen3-32B-AWQ,clustered-n4-t100-o80-s10005,c2_verify_revise,16000,4,react_step,413,579,15,stop,False,11654,11654,17.63433013856411
c2_verify_revise__clustered-n4-t100-o80-s10005__cap16000__Qwen-Qwen3-32B-AWQ,clustered-n4-t100-o80-s10005,c2_verify_revise,16000,5,react_step,454,1229,10,stop,False,10606,10606,36.769403429701924
c2_verify_revise__clustered-n4-t100-o80-s10005__cap16000__Qwen-Qwen3-32B-AWQ,clustered-n4-t100-o80-s10005,c2_verify_revise,16000,6,react_step,514,2532,10,stop,False,8853,8853,76.09027685690671
c2_verify_revise__clustered-n4-t100-o80-s10005__cap16000__Qwen-Qwen3-32B-AWQ,clustered-n4-t100-o80-s10005,c2_verify_revise,16000,7,react_step,574,5737,0,length,False,5737,5737,175.42753804195672
c2_verify_revise__clustered-n4-t100-o80-s10005__cap16000__Qwen-Qwen3-32B-AWQ,clustered-n4-t100-o80-s10005,c2_verify_revise,16000,8,finalize,93,0,7,stop,False,163,163,0.2656104611232877
c2_verify_revise__clustered-n4-t100-o80-s10005__cap32000__Qwen-Qwen3-32B-AWQ,clustered-n4-t100-o80-s10005,c2_verify_revise,32000,0,react_step,225,1177,7,stop,False,31519,31519,34.74378947354853
c2_verify_revise__clustered-n4-t100-o80-s10005__cap32000__Qwen-Qwen3-32B-AWQ,clustered-n4-t100-o80-s10005,c2_verify_revise,32000,1,react_step,256,485,10,stop,False,30079,30079,14.580082075670362
c2_verify_revise__clustered-n4-t100-o80-s10005__cap32000__Qwen-Qwen3-32B-AWQ,clustered-n4-t100-o80-s10005,c2_verify_revise,32000,2,react_step,316,507,13,stop,False,29268,29268,15.363257648423314
c2_verify_revise__clustered-n4-t100-o80-s10005__cap32000__Qwen-Qwen3-32B-AWQ,clustered-n4-t100-o80-s10005,c2_verify_revise,32000,3,react_step,353,318,10,stop,False,28395,28395,9.799090056680143
c2_verify_revise__clustered-n4-t100-o80-s10005__cap32000__Qwen-Qwen3-32B-AWQ,clustered-n4-t100-o80-s10005,c2_verify_revise,32000,4,react_step,413,579,15,stop,False,27654,27654,17.59950833208859
c2_verify_revise__clustered-n4-t100-o80-s10005__cap32000__Qwen-Qwen3-32B-AWQ,clustered-n4-t100-o80-s10005,c2_verify_revise,32000,5,react_step,454,1229,10,stop,False,26606,26606,36.69570729788393
c2_verify_revise__clustered-n4-t100-o80-s10005__cap32000__Qwen-Qwen3-32B-AWQ,clustered-n4-t100-o80-s10005,c2_verify_revise,32000,6,react_step,514,2532,10,stop,False,24853,24853,75.89142338465899
c2_verify_revise__clustered-n4-t100-o80-s10005__cap32000__Qwen-Qwen3-32B-AWQ,clustered-n4-t100-o80-s10005,c2_verify_revise,32000,7,react_step,574,8254,19,stop,False,21737,21737,256.370303010568
c2_verify_revise__clustered-n4-t100-o80-s10005__cap32000__Qwen-Qwen3-32B-AWQ,clustered-n4-t100-o80-s10005,c2_verify_revise,32000,8,react_step,613,4829,15,stop,False,12851,12851,147.89541982673109
c2_verify_revise__clustered-n4-t100-o80-s10005__cap32000__Qwen-Qwen3-32B-AWQ,clustered-n4-t100-o80-s10005,c2_verify_revise,32000,9,react_step,654,5190,13,stop,False,7353,7353,158.80908760149032
c2_verify_revise__clustered-n4-t100-o80-s10005__cap32000__Qwen-Qwen3-32B-AWQ,clustered-n4-t100-o80-s10005,c2_verify_revise,32000,10,react_step,691,1459,0,length,False,1459,1459,43.536523153074086
c2_verify_revise__clustered-n4-t100-o80-s10005__cap32000__Qwen-Qwen3-32B-AWQ,clustered-n4-t100-o80-s10005,c2_verify_revise,32000,11,finalize,104,0,7,stop,False,152,152,0.27027551643550396
c2_verify_revise__clustered-n4-t100-o80-s10005__cap64000__Qwen-Qwen3-32B-AWQ,clustered-n4-t100-o80-s10005,c2_verify_revise,64000,0,react_step,225,1177,7,stop,True,63519,32543,34.79694421868771
c2_verify_revise__clustered-n4-t100-o80-s10005__cap64000__Qwen-Qwen3-32B-AWQ,clustered-n4-t100-o80-s10005,c2_verify_revise,64000,1,react_step,256,485,10,stop,True,62079,32512,14.604563887231052
c2_verify_revise__clustered-n4-t100-o80-s10005__cap64000__Qwen-Qwen3-32B-AWQ,clustered-n4-t100-o80-s10005,c2_verify_revise,64000,2,react_step,316,507,13,stop,True,61268,32452,15.390492566861212
c2_verify_revise__clustered-n4-t100-o80-s10005__cap64000__Qwen-Qwen3-32B-AWQ,clustered-n4-t100-o80-s10005,c2_verify_revise,64000,3,react_step,353,318,10,stop,True,60395,32415,9.820159844122827
c2_verify_revise__clustered-n4-t100-o80-s10005__cap64000__Qwen-Qwen3-32B-AWQ,clustered-n4-t100-o80-s10005,c2_verify_revise,64000,4,react_step,413,579,15,stop,True,59654,32355,17.637874396517873
c2_verify_revise__clustered-n4-t100-o80-s10005__cap64000__Qwen-Qwen3-32B-AWQ,clustered-n4-t100-o80-s10005,c2_verify_revise,64000,5,react_step,454,1229,10,stop,True,58606,32314,36.76215187087655
c2_verify_revise__clustered-n4-t100-o80-s10005__cap64000__Qwen-Qwen3-32B-AWQ,clustered-n4-t100-o80-s10005,c2_verify_revise,64000,6,react_step,514,2532,10,stop,True,56853,32254,76.05616125743836
c2_verify_revise__clustered-n4-t100-o80-s10005__cap64000__Qwen-Qwen3-32B-AWQ,clustered-n4-t100-o80-s10005,c2_verify_revise,64000,7,react_step,574,8254,19,stop,True,53737,32194,256.963452834636
c2_verify_revise__clustered-n4-t100-o80-s10005__cap64000__Qwen-Qwen3-32B-AWQ,clustered-n4-t100-o80-s10005,c2_verify_revise,64000,8,react_step,613,4829,15,stop,True,44851,32155,147.39414177276194
c2_verify_revise__clustered-n4-t100-o80-s10005__cap64000__Qwen-Qwen3-32B-AWQ,clustered-n4-t100-o80-s10005,c2_verify_revise,64000,9,react_step,654,5190,13,stop,True,39353,32114,158.77835486922413
c2_verify_revise__clustered-n4-t100-o80-s10005__cap64000__Qwen-Qwen3-32B-AWQ,clustered-n4-t100-o80-s10005,c2_verify_revise,64000,10,react_step,691,2582,5,stop,True,33459,32077,77.73176061734557
c2_verify_revise__clustered-n4-t100-o80-s10005__cap64000__Qwen-Qwen3-32B-AWQ,clustered-n4-t100-o80-s10005,c2_verify_revise,64000,11,verify,802,2365,310,stop,False,30070,30070,80.66120990831405
c2_verify_revise__clustered-n4-t100-o80-s10005__cap64000__Qwen-Qwen3-32B-AWQ,clustered-n4-t100-o80-s10005,c2_verify_revise,64000,12,revise,1194,582,19,stop,False,26201,26201,18.624501788057387
c2_verify_revise__clustered-n4-t100-o80-s10005__cap64000__Qwen-Qwen3-32B-AWQ,clustered-n4-t100-o80-s10005,c2_verify_revise,64000,13,verify,1319,735,274,stop,False,24281,24281,30.960695159621537
c2_verify_revise__clustered-n4-t100-o80-s10005__cap64000__Qwen-Qwen3-32B-AWQ,clustered-n4-t100-o80-s10005,c2_verify_revise,64000,14,revise,1675,752,19,stop,False,21597,21597,24.160920653492212
c2_verify_revise__clustered-n4-t100-o80-s10005__cap64000__Qwen-Qwen3-32B-AWQ,clustered-n4-t100-o80-s10005,c2_verify_revise,64000,15,finalize,104,0,7,stop,False,20978,20978,0.2909497283399105
c2_verify_revise__clustered-n4-t100-o80-s10005__cap8000__Qwen-Qwen3-32B-AWQ,clustered-n4-t100-o80-s10005,c2_verify_revise,8000,0,react_step,225,1177,7,stop,False,7519,7519,34.82089478708804
c2_verify_revise__clustered-n4-t100-o80-s10005__cap8000__Qwen-Qwen3-32B-AWQ,clustered-n4-t100-o80-s10005,c2_verify_revise,8000,1,react_step,256,485,10,stop,False,6079,6079,14.607682328671217
c2_verify_revise__clustered-n4-t100-o80-s10005__cap8000__Qwen-Qwen3-32B-AWQ,clustered-n4-t100-o80-s10005,c2_verify_revise,8000,2,react_step,316,507,13,stop,False,5268,5268,15.393831979483366
c2_verify_revise__clustered-n4-t100-o80-s10005__cap8000__Qwen-Qwen3-32B-AWQ,clustered-n4-t100-o80-s10005,c2_verify_revise,8000,3,react_step,353,318,10,stop,False,4395,4395,9.820643295533955
c2_verify_revise__clustered-n4-t100-o80-s10005__cap8000__Qwen-Qwen3-32B-AWQ,clustered-n4-t100-o80-s10005,c2_verify_revise,8000,4,react_step,413,579,15,stop,False,3654,3654,17.63262829463929
c2_verify_revise__clustered-n4-t100-o80-s10005__cap8000__Qwen-Qwen3-32B-AWQ,clustered-n4-t100-o80-s10005,c2_verify_revise,8000,5,react_step,454,1229,10,stop,False,2606,2606,36.770450143143535
c2_verify_revise__clustered-n4-t100-o80-s10005__cap8000__Qwen-Qwen3-32B-AWQ,clustered-n4-t100-o80-s10005,c2_verify_revise,8000,6,react_step,514,853,0,length,False,853,853,25.364679290913045
c2_verify_revise__clustered-n4-t100-o80-s10005__cap8000__Qwen-Qwen3-32B-AWQ,clustered-n4-t100-o80-s10005,c2_verify_revise,8000,7,finalize,93,0,7,stop,False,163,163,0.2640581261366606
c2_verify_revise__clustered-n4-t20-o20-s10005__cap16000__Qwen-Qwen3-32B-AWQ,clustered-n4-t20-o20-s10005,c2_verify_revise,16000,0,react_step,225,1177,7,stop,False,15519,15519,36.406211571767926
c2_verify_revise__clustered-n4-t20-o20-s10005__cap16000__Qwen-Qwen3-32B-AWQ,clustered-n4-t20-o20-s10005,c2_verify_revise,16000,1,react_step,256,485,10,stop,False,14079,14079,15.169301147572696
c2_verify_revise__clustered-n4-t20-o20-s10005__cap16000__Qwen-Qwen3-32B-AWQ,clustered-n4-t20-o20-s10005,c2_verify_revise,16000,2,react_step,315,222,43,stop,False,13269,13269,8.10893412400037
c2_verify_revise__clustered-n4-t20-o20-s10005__cap16000__Qwen-Qwen3-32B-AWQ,clustered-n4-t20-o20-s10005,c2_verify_revise,16000,3,react_step,407,578,39,stop,False,12597,12597,19.513578123413026
c2_verify_revise__clustered-n4-t20-o20-s10005__cap16000__Qwen-Qwen3-32B-AWQ,clustered-n4-t20-o20-s10005,c2_verify_revise,16000,4,react_step,495,420,45,stop,False,11485,11485,14.192594300024211
c2_verify_revise__clustered-n4-t20-o20-s10005__cap16000__Qwen-Qwen3-32B-AWQ,clustered-n4-t20-o20-s10005,c2_verify_revise,16000,5,react_step,589,4025,300,stop,False,10431,10431,136.96564598754048
c2_verify_revise__clustered-n4-t20-o20-s10005__cap16000__Qwen-Qwen3-32B-AWQ,clustered-n4-t20-o20-s10005,c2_verify_revise,16000,6,react_step,913,2210,5,stop,False,5193,5193,69.90819750726223
c2_verify_revise__clustered-n4-t20-o20-s10005__cap16000__Qwen-Qwen3-32B-AWQ,clustered-n4-t20-o20-s10005,c2_verify_revise,16000,7,verify,1024,675,347,stop,False,1954,1954,32.07732346467674
c2_verify_revise__clustered-n4-t20-o20-s10005__cap16000__Qwen-Qwen3-32B-AWQ,clustered-n4-t20-o20-s10005,c2_verify_revise,16000,8,finalize,93,0,7,stop,False,1095,1095,0.29070078022778034
c2_verify_revise__clustered-n4-t20-o20-s10005__cap32000__Qwen-Qwen3-32B-AWQ,clustered-n4-t20-o20-s10005,c2_verify_revise,32000,0,react_step,225,1177,7,stop,False,31519,31519,34.836647366173565
c2_verify_revise__clustered-n4-t20-o20-s10005__cap32000__Qwen-Qwen3-32B-AWQ,clustered-n4-t20-o20-s10005,c2_verify_revise,32000,1,react_step,256,485,10,stop,False,30079,30079,14.61629883479327
c2_verify_revise__clustered-n4-t20-o20-s10005__cap32000__Qwen-Qwen3-32B-AWQ,clustered-n4-t20-o20-s10005,c2_verify_revise,32000,2,react_step,315,222,43,stop,False,29269,29269,7.952133739367127
c2_verify_revise__clustered-n4-t20-o20-s10005__cap32000__Qwen-Qwen3-32B-AWQ,clustered-n4-t20-o20-s10005,c2_verify_revise,32000,3,react_step,407,578,39,stop,False,28597,28597,18.30577629059553
c2_verify_revise__clustered-n4-t20-o20-s10005__cap32000__Qwen-Qwen3-32B-AWQ,clustered-n4-t20-o20-s10005,c2_verify_revise,32000,4,react_step,495,420,45,stop,False,27485,27485,13.913312851451337
c2_verify_revise__clustered-n4-t20-o20-s10005__cap32000__Qwen-Qwen3-32B-AWQ,clustered-n4-t20-o20-s10005,c2_verify_revise,32000,5,react_step,589,4025,300,stop,False,26431,26431,131.1002733586356
c2_verify_revise__clustered-n4-t20-o20-s10005__cap32000__Qwen-Qwen3-32B-AWQ,clustered-n4-t20-o20-s10005,c2_verify_revise,32000,6,react_step,913,2210,5,stop,False,21193,21193,66.8561372095719
c2_verify_revise__clustered-n4-t20-o20-s10005__cap32000__Qwen-Qwen3-32B-AWQ,clustered-n4-t20-o20-s10005,c2_verify_revise,32000,7,verify,1024,675,347,stop,False,17954,17954,30.989636097103357
c2_verify_revise__clustered-n4-t20-o20-s10005__cap32000__Qwen-Qwen3-32B-AWQ,clustered-n4-t20-o20-s10005,c2_verify_revise,32000,8,revise,1453,276,31,stop,False,15479,15479,10.09550554677844
c2_verify_revise__clustered-n4-t20-o20-s10005__cap32000__Qwen-Qwen3-32B-AWQ,clustered-n4-t20-o20-s10005,c2_verify_revise,32000,9,verify,1590,433,328,stop,False,13582,13582,23.79259143769741
c2_verify_revise__clustered-n4-t20-o20-s10005__cap32000__Qwen-Qwen3-32B-AWQ,clustered-n4-t20-o20-s10005,c2_verify_revise,32000,10,revise,2000,320,31,stop,False,10821,10821,11.842008216306567
c2_verify_revise__clustered-n4-t20-o20-s10005__cap32000__Qwen-Qwen3-32B-AWQ,clustered-n4-t20-o20-s10005,c2_verify_revise,32000,11,finalize,93,0,7,stop,False,10633,10633,0.28451475873589516
c2_verify_revise__clustered-n4-t20-o20-s10005__cap64000__Qwen-Qwen3-32B-AWQ,clustered-n4-t20-o20-s10005,c2_verify_revise,64000,0,react_step,225,1177,7,stop,True,63519,32543,34.77090061362833
c2_verify_revise__clustered-n4-t20-o20-s10005__cap64000__Qwen-Qwen3-32B-AWQ,clustered-n4-t20-o20-s10005,c2_verify_revise,64000,1,react_step,256,485,10,stop,True,62079,32512,14.58771289139986
c2_verify_revise__clustered-n4-t20-o20-s10005__cap64000__Qwen-Qwen3-32B-AWQ,clustered-n4-t20-o20-s10005,c2_verify_revise,64000,2,react_step,315,222,43,stop,True,61269,32453,7.936882155947387
c2_verify_revise__clustered-n4-t20-o20-s10005__cap64000__Qwen-Qwen3-32B-AWQ,clustered-n4-t20-o20-s10005,c2_verify_revise,64000,3,react_step,407,578,39,stop,True,60597,32361,18.28146229777485
c2_verify_revise__clustered-n4-t20-o20-s10005__cap64000__Qwen-Qwen3-32B-AWQ,clustered-n4-t20-o20-s10005,c2_verify_revise,64000,4,react_step,495,420,45,stop,True,59485,32273,13.89145936537534
c2_verify_revise__clustered-n4-t20-o20-s10005__cap64000__Qwen-Qwen3-32B-AWQ,clustered-n4-t20-o20-s10005,c2_verify_revise,64000,5,react_step,589,4025,300,stop,True,58431,32179,130.7889976799488
c2_verify_revise__clustered-n4-t20-o20-s10005__cap64000__Qwen-Qwen3-32B-AWQ,clustered-n4-t20-o20-s10005,c2_verify_revise,64000,6,react_step,913,2210,5,stop,True,53193,31855,66.69783354364336
c2_verify_revise__clustered-n4-t20-o20-s10005__cap64000__Qwen-Qwen3-32B-AWQ,clustered-n4-t20-o20-s10005,c2_verify_revise,64000,7,verify,1024,675,347,stop,True,49954,31744,30.90108358953148
c2_verify_revise__clustered-n4-t20-o20-s10005__cap64000__Qwen-Qwen3-32B-AWQ,clustered-n4-t20-o20-s10005,c2_verify_revise,64000,8,revise,1453,276,31,stop,True,47479,31315,10.057223928160965
c2_verify_revise__clustered-n4-t20-o20-s10005__cap64000__Qwen-Qwen3-32B-AWQ,clustered-n4-t20-o20-s10005,c2_verify_revise,64000,9,verify,1590,433,328,stop,True,45582,31178,23.71375380642712
c2_verify_revise__clustered-n4-t20-o20-s10005__cap64000__Qwen-Qwen3-32B-AWQ,clustered-n4-t20-o20-s10005,c2_verify_revise,64000,10,revise,2000,320,31,stop,True,42821,30768,11.795283449813724
c2_verify_revise__clustered-n4-t20-o20-s10005__cap64000__Qwen-Qwen3-32B-AWQ,clustered-n4-t20-o20-s10005,c2_verify_revise,64000,11,finalize,93,0,7,stop,True,42633,32675,0.28387648798525333
c2_verify_revise__clustered-n4-t20-o20-s10005__cap8000__Qwen-Qwen3-32B-AWQ,clustered-n4-t20-o20-s10005,c2_verify_revise,8000,0,react_step,225,1177,7,stop,False,7519,7519,34.86904506850988
c2_verify_revise__clustered-n4-t20-o20-s10005__cap8000__Qwen-Qwen3-32B-AWQ,clustered-n4-t20-o20-s10005,c2_verify_revise,8000,1,react_step,256,485,10,stop,False,6079,6079,14.598272487521172
c2_verify_revise__clustered-n4-t20-o20-s10005__cap8000__Qwen-Qwen3-32B-AWQ,clustered-n4-t20-o20-s10005,c2_verify_revise,8000,2,react_step,315,222,43,stop,False,5269,5269,7.941884591244161
c2_verify_revise__clustered-n4-t20-o20-s10005__cap8000__Qwen-Qwen3-32B-AWQ,clustered-n4-t20-o20-s10005,c2_verify_revise,8000,3,react_step,407,578,39,stop,False,4597,4597,18.29769785888493
c2_verify_revise__clustered-n4-t20-o20-s10005__cap8000__Qwen-Qwen3-32B-AWQ,clustered-n4-t20-o20-s10005,c2_verify_revise,8000,4,react_step,495,420,45,stop,False,3485,3485,13.90771000366658
c2_verify_revise__clustered-n4-t20-o20-s10005__cap8000__Qwen-Qwen3-32B-AWQ,clustered-n4-t20-o20-s10005,c2_verify_revise,8000,5,react_step,589,2431,0,length,False,2431,2431,72.81034817360342
c2_verify_revise__clustered-n4-t20-o20-s10005__cap8000__Qwen-Qwen3-32B-AWQ,clustered-n4-t20-o20-s10005,c2_verify_revise,8000,6,finalize,93,0,7,stop,False,163,163,0.2620184123516083
c2_verify_revise__clustered-n4-t20-o80-s10005__cap16000__Qwen-Qwen3-32B-AWQ,clustered-n4-t20-o80-s10005,c2_verify_revise,16000,0,react_step,225,1177,7,stop,False,15519,15519,36.36089028138667
c2_verify_revise__clustered-n4-t20-o80-s10005__cap16000__Qwen-Qwen3-32B-AWQ,clustered-n4-t20-o80-s10005,c2_verify_revise,16000,1,react_step,256,485,10,stop,False,14079,14079,15.409754523076117
c2_verify_revise__clustered-n4-t20-o80-s10005__cap16000__Qwen-Qwen3-32B-AWQ,clustered-n4-t20-o80-s10005,c2_verify_revise,16000,2,react_step,315,507,10,stop,False,13269,13269,16.043807903304696
c2_verify_revise__clustered-n4-t20-o80-s10005__cap16000__Qwen-Qwen3-32B-AWQ,clustered-n4-t20-o80-s10005,c2_verify_revise,16000,3,react_step,374,266,10,stop,False,12378,12378,8.851369650103152
c2_verify_revise__clustered-n4-t20-o80-s10005__cap16000__Qwen-Qwen3-32B-AWQ,clustered-n4-t20-o80-s10005,c2_verify_revise,16000,4,react_step,433,589,10,stop,False,11669,11669,18.6452739816159
c2_verify_revise__clustered-n4-t20-o80-s10005__cap16000__Qwen-Qwen3-32B-AWQ,clustered-n4-t20-o80-s10005,c2_verify_revise,16000,5,react_step,492,358,44,stop,False,10578,10578,12.756709525361657
c2_verify_revise__clustered-n4-t20-o80-s10005__cap16000__Qwen-Qwen3-32B-AWQ,clustered-n4-t20-o80-s10005,c2_verify_revise,16000,6,react_step,560,742,46,stop,False,9616,9616,25.903681765310466
c2_verify_revise__clustered-n4-t20-o80-s10005__cap16000__Qwen-Qwen3-32B-AWQ,clustered-n4-t20-o80-s10005,c2_verify_revise,16000,7,react_step,630,656,13,stop,False,8198,8198,20.392708676867187
c2_verify_revise__clustered-n4-t20-o80-s10005__cap16000__Qwen-Qwen3-32B-AWQ,clustered-n4-t20-o80-s10005,c2_verify_revise,16000,8,react_step,667,553,13,stop,False,6862,6862,17.885651333257556
c2_verify_revise__clustered-n4-t20-o80-s10005__cap16000__Qwen-Qwen3-32B-AWQ,clustered-n4-t20-o80-s10005,c2_verify_revise,16000,9,react_step,704,3223,107,stop,False,5592,5592,102.14287835545838
c2_verify_revise__clustered-n4-t20-o80-s10005__cap16000__Qwen-Qwen3-32B-AWQ,clustered-n4-t20-o80-s10005,c2_verify_revise,16000,10,react_step,837,1307,15,stop,False,1425,1425,39.77263215649873
c2_verify_revise__clustered-n4-t20-o80-s10005__cap16000__Qwen-Qwen3-32B-AWQ,clustered-n4-t20-o80-s10005,c2_verify_revise,16000,11,finalize,93,0,7,stop,False,266,266,0.2802069326862693
c2_verify_revise__clustered-n4-t20-o80-s10005__cap32000__Qwen-Qwen3-32B-AWQ,clustered-n4-t20-o80-s10005,c2_verify_revise,32000,0,react_step,225,1177,7,stop,False,31519,31519,34.827258286997676
c2_verify_revise__clustered-n4-t20-o80-s10005__cap32000__Qwen-Qwen3-32B-AWQ,clustered-n4-t20-o80-s10005,c2_verify_revise,32000,1,react_step,256,485,10,stop,False,30079,30079,14.818074710667133
c2_verify_revise__clustered-n4-t20-o80-s10005__cap32000__Qwen-Qwen3-32B-AWQ,clustered-n4-t20-o80-s10005,c2_verify_revise,32000,2,react_step,315,507,10,stop,False,29269,29269,15.978793736547232
c2_verify_revise__clustered-n4-t20-o80-s10005__cap32000__Qwen-Qwen3-32B-AWQ,clustered-n4-t20-o80-s10005,c2_verify_revise,32000,3,react_step,374,266,10,stop,False,28378,28378,8.411953873932362
c2_verify_revise__clustered-n4-t20-o80-s10005__cap32000__Qwen-Qwen3-32B-AWQ,clustered-n4-t20-o80-s10005,c2_verify_revise,32000,4,react_step,433,589,10,stop,False,27669,27669,17.801567223854363
c2_verify_revise__clustered-n4-t20-o80-s10005__cap32000__Qwen-Qwen3-32B-AWQ,clustered-n4-t20-o80-s10005,c2_verify_revise,32000,5,react_step,492,358,44,stop,False,26578,26578,12.069956510327756
c2_verify_revise__clustered-n4-t20-o80-s10005__cap32000__Qwen-Qwen3-32B-AWQ,clustered-n4-t20-o80-s10005,c2_verify_revise,32000,6,react_step,560,742,46,stop,False,25616,25616,23.485417660325766
c2_verify_revise__clustered-n4-t20-o80-s10005__cap32000__Qwen-Qwen3-32B-AWQ,clustered-n4-t20-o80-s10005,c2_verify_revise,32000,7,react_step,630,656,13,stop,False,24198,24198,20.042181371711195
c2_verify_revise__clustered-n4-t20-o80-s10005__cap32000__Qwen-Qwen3-32B-AWQ,clustered-n4-t20-o80-s10005,c2_verify_revise,32000,8,react_step,667,553,13,stop,False,22862,22862,17.027120717801154
c2_verify_revise__clustered-n4-t20-o80-s10005__cap32000__Qwen-Qwen3-32B-AWQ,clustered-n4-t20-o80-s10005,c2_verify_revise,32000,9,react_step,704,3223,107,stop,False,21592,21592,101.43299843650311
c2_verify_revise__clustered-n4-t20-o80-s10005__cap32000__Qwen-Qwen3-32B-AWQ,clustered-n4-t20-o80-s10005,c2_verify_revise,32000,10,react_step,837,1307,15,stop,False,17425,17425,40.401747348718345
c2_verify_revise__clustered-n4-t20-o80-s10005__cap32000__Qwen-Qwen3-32B-AWQ,clustered-n4-t20-o80-s10005,c2_verify_revise,32000,11,react_step,878,1245,15,stop,False,15225,15225,38.25933414325118
c2_verify_revise__clustered-n4-t20-o80-s10005__cap32000__Qwen-Qwen3-32B-AWQ,clustered-n4-t20-o80-s10005,c2_verify_revise,32000,12,react_step,919,1659,31,stop,False,13046,13046,50.8828447079286
c2_verify_revise__clustered-n4-t20-o80-s10005__cap32000__Qwen-Qwen3-32B-AWQ,clustered-n4-t20-o80-s10005,c2_verify_revise,32000,13,react_step,970,911,5,stop,False,10386,10386,27.78735041245818
c2_verify_revise__clustered-n4-t20-o80-s10005__cap32000__Qwen-Qwen3-32B-AWQ,clustered-n4-t20-o80-s10005,c2_verify_revise,32000,14,verify,1081,512,375,stop,False,8389,8389,27.9765468807891
c2_verify_revise__clustered-n4-t20-o80-s10005__cap32000__Qwen-Qwen3-32B-AWQ,clustered-n4-t20-o80-s10005,c2_verify_revise,32000,15,revise,1538,206,31,stop,False,5964,5964,8.114507257007062
c2_verify_revise__clustered-n4-t20-o80-s10005__cap32000__Qwen-Qwen3-32B-AWQ,clustered-n4-t20-o80-s10005,c2_verify_revise,32000,16,verify,1675,433,407,stop,False,4052,4052,26.244668069295585
c2_verify_revise__clustered-n4-t20-o80-s10005__cap32000__Qwen-Qwen3-32B-AWQ,clustered-n4-t20-o80-s10005,c2_verify_revise,32000,17,revise,2164,120,31,stop,False,1048,1048,5.986812612041831
c2_verify_revise__clustered-n4-t20-o80-s10005__cap32000__Qwen-Qwen3-32B-AWQ,clustered-n4-t20-o80-s10005,c2_verify_revise,32000,18,finalize,116,0,72,stop,False,1037,1037,2.184779050759971
c2_verify_revise__clustered-n4-t20-o80-s10005__cap64000__Qwen-Qwen3-32B-AWQ,clustered-n4-t20-o80-s10005,c2_verify_revise,64000,0,react_step,225,1177,7,stop,True,63519,32543,34.75390664301813
c2_verify_revise__clustered-n4-t20-o80-s10005__cap64000__Qwen-Qwen3-32B-AWQ,clustered-n4-t20-o80-s10005,c2_verify_revise,64000,1,react_step,256,485,10,stop,True,62079,32512,14.579329292289913
c2_verify_revise__clustered-n4-t20-o80-s10005__cap64000__Qwen-Qwen3-32B-AWQ,clustered-n4-t20-o80-s10005,c2_verify_revise,64000,2,react_step,315,507,10,stop,True,61269,32453,15.283201083540916
c2_verify_revise__clustered-n4-t20-o80-s10005__cap64000__Qwen-Qwen3-32B-AWQ,clustered-n4-t20-o80-s10005,c2_verify_revise,64000,3,react_step,374,266,10,stop,True,60378,32394,8.295940395444632
c2_verify_revise__clustered-n4-t20-o80-s10005__cap64000__Qwen-Qwen3-32B-AWQ,clustered-n4-t20-o80-s10005,c2_verify_revise,64000,4,react_step,433,589,10,stop,True,59669,32335,17.763765156269073
c2_verify_revise__clustered-n4-t20-o80-s10005__cap64000__Qwen-Qwen3-32B-AWQ,clustered-n4-t20-o80-s10005,c2_verify_revise,64000,5,react_step,492,358,44,stop,True,58578,32276,12.037758462131023
c2_verify_revise__clustered-n4-t20-o80-s10005__cap64000__Qwen-Qwen3-32B-AWQ,clustered-n4-t20-o80-s10005,c2_verify_revise,64000,6,react_step,560,742,46,stop,True,57616,32208,23.430485936813056
c2_verify_revise__clustered-n4-t20-o80-s10005__cap64000__Qwen-Qwen3-32B-AWQ,clustered-n4-t20-o80-s10005,c2_verify_revise,64000,7,react_step,630,656,13,stop,True,56198,32138,19.997691384516656
c2_verify_revise__clustered-n4-t20-o80-s10005__cap64000__Qwen-Qwen3-32B-AWQ,clustered-n4-t20-o80-s10005,c2_verify_revise,64000,8,react_step,667,553,13,stop,True,54862,32101,16.98783722985536
c2_verify_revise__clustered-n4-t20-o80-s10005__cap64000__Qwen-Qwen3-32B-AWQ,clustered-n4-t20-o80-s10005,c2_verify_revise,64000,9,react_step,704,3223,107,stop,True,53592,32064,100.29335321858525
c2_verify_revise__clustered-n4-t20-o80-s10005__cap64000__Qwen-Qwen3-32B-AWQ,clustered-n4-t20-o80-s10005,c2_verify_revise,64000,10,react_step,837,1307,15,stop,True,49425,31931,39.633051759563386
c2_verify_revise__clustered-n4-t20-o80-s10005__cap64000__Qwen-Qwen3-32B-AWQ,clustered-n4-t20-o80-s10005,c2_verify_revise,64000,11,react_step,878,1245,15,stop,True,47225,31890,37.82408011890948
c2_verify_revise__clustered-n4-t20-o80-s10005__cap64000__Qwen-Qwen3-32B-AWQ,clustered-n4-t20-o80-s10005,c2_verify_revise,64000,12,react_step,919,1659,31,stop,True,45046,31849,50.733279400505126
c2_verify_revise__clustered-n4-t20-o80-s10005__cap64000__Qwen-Qwen3-32B-AWQ,clustered-n4-t20-o80-s10005,c2_verify_revise,64000,13,react_step,970,911,5,stop,True,42386,31798,27.699892827309668
c2_verify_revise__clustered-n4-t20-o80-s10005__cap64000__Qwen-Qwen3-32B-AWQ,clustered-n4-t20-o80-s10005,c2_verify_revise,64000,14,verify,1081,512,375,stop,True,40389,31687,26.95708996336907
c2_verify_revise__clustered-n4-t20-o80-s10005__cap64000__Qwen-Qwen3-32B-AWQ,clustered-n4-t20-o80-s10005,c2_verify_revise,64000,15,revise,1538,206,31,stop,True,37964,31230,8.05836786981672
c2_verify_revise__clustered-n4-t20-o80-s10005__cap64000__Qwen-Qwen3-32B-AWQ,clustered-n4-t20-o80-s10005,c2_verify_revise,64000,16,verify,1675,433,407,stop,True,36052,31093,26.163152935914695
c2_verify_revise__clustered-n4-t20-o80-s10005__cap64000__Qwen-Qwen3-32B-AWQ,clustered-n4-t20-o80-s10005,c2_verify_revise,64000,17,revise,2164,120,31,stop,True,33048,30604,5.956992405466735
c2_verify_revise__clustered-n4-t20-o80-s10005__cap64000__Qwen-Qwen3-32B-AWQ,clustered-n4-t20-o80-s10005,c2_verify_revise,64000,18,finalize,116,0,72,stop,True,33037,32652,2.188754010014236
c2_verify_revise__clustered-n4-t20-o80-s10005__cap8000__Qwen-Qwen3-32B-AWQ,clustered-n4-t20-o80-s10005,c2_verify_revise,8000,0,react_step,225,1177,7,stop,False,7519,7519,34.8134284010157
c2_verify_revise__clustered-n4-t20-o80-s10005__cap8000__Qwen-Qwen3-32B-AWQ,clustered-n4-t20-o80-s10005,c2_verify_revise,8000,1,react_step,256,485,10,stop,False,6079,6079,14.606233465485275
c2_verify_revise__clustered-n4-t20-o80-s10005__cap8000__Qwen-Qwen3-32B-AWQ,clustered-n4-t20-o80-s10005,c2_verify_revise,8000,2,react_step,315,507,10,stop,False,5269,5269,15.308816818520427
c2_verify_revise__clustered-n4-t20-o80-s10005__cap8000__Qwen-Qwen3-32B-AWQ,clustered-n4-t20-o80-s10005,c2_verify_revise,8000,3,react_step,374,266,10,stop,False,4378,4378,8.31339328084141
c2_verify_revise__clustered-n4-t20-o80-s10005__cap8000__Qwen-Qwen3-32B-AWQ,clustered-n4-t20-o80-s10005,c2_verify_revise,8000,4,react_step,433,589,10,stop,False,3669,3669,17.79221747070551
c2_verify_revise__clustered-n4-t20-o80-s10005__cap8000__Qwen-Qwen3-32B-AWQ,clustered-n4-t20-o80-s10005,c2_verify_revise,8000,5,react_step,492,358,44,stop,False,2578,2578,12.062028819695115
c2_verify_revise__clustered-n4-t20-o80-s10005__cap8000__Qwen-Qwen3-32B-AWQ,clustered-n4-t20-o80-s10005,c2_verify_revise,8000,6,react_step,560,742,46,stop,False,1616,1616,23.47000267356634
c2_verify_revise__clustered-n4-t20-o80-s10005__cap8000__Qwen-Qwen3-32B-AWQ,clustered-n4-t20-o80-s10005,c2_verify_revise,8000,7,react_step,630,198,0,length,False,198,198,6.205726305954158
c2_verify_revise__clustered-n4-t20-o80-s10005__cap8000__Qwen-Qwen3-32B-AWQ,clustered-n4-t20-o80-s10005,c2_verify_revise,8000,8,finalize,93,0,7,stop,False,163,163,0.26438839826732874
c2_verify_revise__clustered-n6-t100-o20-s10005__cap16000__Qwen-Qwen3-32B-AWQ,clustered-n6-t100-o20-s10005,c2_verify_revise,16000,0,react_step,225,1177,7,stop,False,15519,15519,34.82461581658572
c2_verify_revise__clustered-n6-t100-o20-s10005__cap16000__Qwen-Qwen3-32B-AWQ,clustered-n6-t100-o20-s10005,c2_verify_revise,16000,1,react_step,262,599,32,stop,False,14073,14073,18.619881760329008
c2_verify_revise__clustered-n6-t100-o20-s10005__cap16000__Qwen-Qwen3-32B-AWQ,clustered-n6-t100-o20-s10005,c2_verify_revise,16000,2,react_step,344,593,27,stop,False,13098,13098,18.361071933992207
c2_verify_revise__clustered-n6-t100-o20-s10005__cap16000__Qwen-Qwen3-32B-AWQ,clustered-n6-t100-o20-s10005,c2_verify_revise,16000,3,react_step,421,527,52,stop,False,12057,12057,17.203153235837817
c2_verify_revise__clustered-n6-t100-o20-s10005__cap16000__Qwen-Qwen3-32B-AWQ,clustered-n6-t100-o20-s10005,c2_verify_revise,16000,4,react_step,499,562,31,stop,False,10979,10979,17.68094864115119
c2_verify_revise__clustered-n6-t100-o20-s10005__cap16000__Qwen-Qwen3-32B-AWQ,clustered-n6-t100-o20-s10005,c2_verify_revise,16000,5,react_step,580,628,76,stop,False,9806,9806,21.03204715717584
c2_verify_revise__clustered-n6-t100-o20-s10005__cap16000__Qwen-Qwen3-32B-AWQ,clustered-n6-t100-o20-s10005,c2_verify_revise,16000,6,react_step,680,1101,15,stop,False,8422,8422,33.38206153921783
c2_verify_revise__clustered-n6-t100-o20-s10005__cap16000__Qwen-Qwen3-32B-AWQ,clustered-n6-t100-o20-s10005,c2_verify_revise,16000,7,react_step,721,2483,31,stop,False,6585,6585,75.59348323661834
c2_verify_revise__clustered-n6-t100-o20-s10005__cap16000__Qwen-Qwen3-32B-AWQ,clustered-n6-t100-o20-s10005,c2_verify_revise,16000,8,react_step,802,799,15,stop,False,3269,3269,24.528427118435502
c2_verify_revise__clustered-n6-t100-o20-s10005__cap16000__Qwen-Qwen3-32B-AWQ,clustered-n6-t100-o20-s10005,c2_verify_revise,16000,9,react_step,843,993,31,stop,False,1612,1612,30.837811831384897
c2_verify_revise__clustered-n6-t100-o20-s10005__cap16000__Qwen-Qwen3-32B-AWQ,clustered-n6-t100-o20-s10005,c2_verify_revise,16000,10,finalize,93,0,7,stop,False,751,751,0.28145954106003046
c2_verify_revise__clustered-n6-t100-o20-s10005__cap32000__Qwen-Qwen3-32B-AWQ,clustered-n6-t100-o20-s10005,c2_verify_revise,32000,0,react_step,225,1177,7,stop,False,31519,31519,34.74911894928664
c2_verify_revise__clustered-n6-t100-o20-s10005__cap32000__Qwen-Qwen3-32B-AWQ,clustered-n6-t100-o20-s10005,c2_verify_revise,32000,1,react_step,262,599,32,stop,False,30073,30073,18.581751021556556
c2_verify_revise__clustered-n6-t100-o20-s10005__cap32000__Qwen-Qwen3-32B-AWQ,clustered-n6-t100-o20-s10005,c2_verify_revise,32000,2,react_step,344,593,27,stop,False,29098,29098,18.314740248955786
c2_verify_revise__clustered-n6-t100-o20-s10005__cap32000__Qwen-Qwen3-32B-AWQ,clustered-n6-t100-o20-s10005,c2_verify_revise,32000,3,react_step,421,527,52,stop,False,28057,28057,17.1679792618379
c2_verify_revise__clustered-n6-t100-o20-s10005__cap32000__Qwen-Qwen3-32B-AWQ,clustered-n6-t100-o20-s10005,c2_verify_revise,32000,4,react_step,499,562,31,stop,False,26979,26979,17.648003711365163
c2_verify_revise__clustered-n6-t100-o20-s10005__cap32000__Qwen-Qwen3-32B-AWQ,clustered-n6-t100-o20-s10005,c2_verify_revise,32000,5,react_step,580,628,76,stop,False,25806,25806,20.993906961753964
c2_verify_revise__clustered-n6-t100-o20-s10005__cap32000__Qwen-Qwen3-32B-AWQ,clustered-n6-t100-o20-s10005,c2_verify_revise,32000,6,react_step,680,1101,15,stop,False,24422,24422,33.30328377336264
c2_verify_revise__clustered-n6-t100-o20-s10005__cap32000__Qwen-Qwen3-32B-AWQ,clustered-n6-t100-o20-s10005,c2_verify_revise,32000,7,react_step,721,2483,31,stop,False,22585,22585,75.44277699943632
c2_verify_revise__clustered-n6-t100-o20-s10005__cap32000__Qwen-Qwen3-32B-AWQ,clustered-n6-t100-o20-s10005,c2_verify_revise,32000,8,react_step,802,799,15,stop,False,19269,19269,24.48760800715536
c2_verify_revise__clustered-n6-t100-o20-s10005__cap32000__Qwen-Qwen3-32B-AWQ,clustered-n6-t100-o20-s10005,c2_verify_revise,32000,9,react_step,843,993,31,stop,False,17612,17612,30.785407652147114
c2_verify_revise__clustered-n6-t100-o20-s10005__cap32000__Qwen-Qwen3-32B-AWQ,clustered-n6-t100-o20-s10005,c2_verify_revise,32000,10,react_step,924,2882,34,stop,False,15664,15664,88.1186999194324
c2_verify_revise__clustered-n6-t100-o20-s10005__cap32000__Qwen-Qwen3-32B-AWQ,clustered-n6-t100-o20-s10005,c2_verify_revise,32000,11,react_step,1008,3067,38,stop,False,11740,11740,94.0706162089482
c2_verify_revise__clustered-n6-t100-o20-s10005__cap32000__Qwen-Qwen3-32B-AWQ,clustered-n6-t100-o20-s10005,c2_verify_revise,32000,12,react_step,1070,7565,0,length,False,7565,7565,235.46843322739005
c2_verify_revise__clustered-n6-t100-o20-s10005__cap32000__Qwen-Qwen3-32B-AWQ,clustered-n6-t100-o20-s10005,c2_verify_revise,32000,13,finalize,93,0,7,stop,False,163,163,0.26216267235577106
c2_verify_revise__clustered-n6-t100-o20-s10005__cap64000__Qwen-Qwen3-32B-AWQ,clustered-n6-t100-o20-s10005,c2_verify_revise,64000,0,react_step,225,1177,7,stop,True,63519,32543,34.75066214054823
c2_verify_revise__clustered-n6-t100-o20-s10005__cap64000__Qwen-Qwen3-32B-AWQ,clustered-n6-t100-o20-s10005,c2_verify_revise,64000,1,react_step,262,599,32,stop,True,62073,32506,18.57500325050205
c2_verify_revise__clustered-n6-t100-o20-s10005__cap64000__Qwen-Qwen3-32B-AWQ,clustered-n6-t100-o20-s10005,c2_verify_revise,64000,2,react_step,344,593,27,stop,True,61098,32424,18.31715301424265
c2_verify_revise__clustered-n6-t100-o20-s10005__cap64000__Qwen-Qwen3-32B-AWQ,clustered-n6-t100-o20-s10005,c2_verify_revise,64000,3,react_step,421,527,52,stop,True,60057,32347,17.163295105099678
c2_verify_revise__clustered-n6-t100-o20-s10005__cap64000__Qwen-Qwen3-32B-AWQ,clustered-n6-t100-o20-s10005,c2_verify_revise,64000,4,react_step,499,562,31,stop,True,58979,32269,17.638000449165702
c2_verify_revise__clustered-n6-t100-o20-s10005__cap64000__Qwen-Qwen3-32B-AWQ,clustered-n6-t100-o20-s10005,c2_verify_revise,64000,5,react_step,580,628,76,stop,True,57806,32188,20.98519317060709
c2_verify_revise__clustered-n6-t100-o20-s10005__cap64000__Qwen-Qwen3-32B-AWQ,clustered-n6-t100-o20-s10005,c2_verify_revise,64000,6,react_step,680,1101,15,stop,True,56422,32088,33.29232029430568
c2_verify_revise__clustered-n6-t100-o20-s10005__cap64000__Qwen-Qwen3-32B-AWQ,clustered-n6-t100-o20-s10005,c2_verify_revise,64000,7,react_step,721,2483,31,stop,True,54585,32047,75.4110158579424
c2_verify_revise__clustered-n6-t100-o20-s10005__cap64000__Qwen-Qwen3-32B-AWQ,clustered-n6-t100-o20-s10005,c2_verify_revise,64000,8,react_step,802,799,15,stop,True,51269,31966,24.472078585997224
c2_verify_revise__clustered-n6-t100-o20-s10005__cap64000__Qwen-Qwen3-32B-AWQ,clustered-n6-t100-o20-s10005,c2_verify_revise,64000,9,react_step,843,993,31,stop,True,49612,31925,30.770439351908863
c2_verify_revise__clustered-n6-t100-o20-s10005__cap64000__Qwen-Qwen3-32B-AWQ,clustered-n6-t100-o20-s10005,c2_verify_revise,64000,10,react_step,924,2882,34,stop,True,47664,31844,88.08757085353136
c2_verify_revise__clustered-n6-t100-o20-s10005__cap64000__Qwen-Qwen3-32B-AWQ,clustered-n6-t100-o20-s10005,c2_verify_revise,64000,11,react_step,1008,3067,38,stop,True,43740,31760,94.03287604264915
c2_verify_revise__clustered-n6-t100-o20-s10005__cap64000__Qwen-Qwen3-32B-AWQ,clustered-n6-t100-o20-s10005,c2_verify_revise,64000,12,react_step,1070,9030,26,stop,True,39565,31698,284.2846429273486
c2_verify_revise__clustered-n6-t100-o20-s10005__cap64000__Qwen-Qwen3-32B-AWQ,clustered-n6-t100-o20-s10005,c2_verify_revise,64000,13,react_step,1116,2594,49,stop,False,29393,29393,80.12475657369941
c2_verify_revise__clustered-n6-t100-o20-s10005__cap64000__Qwen-Qwen3-32B-AWQ,clustered-n6-t100-o20-s10005,c2_verify_revise,64000,14,react_step,1191,4012,119,stop,False,25559,25559,126.36635005753487
c2_verify_revise__clustered-n6-t100-o20-s10005__cap64000__Qwen-Qwen3-32B-AWQ,clustered-n6-t100-o20-s10005,c2_verify_revise,64000,15,react_step,1330,4732,5,stop,False,20098,20098,145.78822222165763
c2_verify_revise__clustered-n6-t100-o20-s10005__cap64000__Qwen-Qwen3-32B-AWQ,clustered-n6-t100-o20-s10005,c2_verify_revise,64000,16,verify,1441,634,443,stop,False,13920,13920,33.04265868477523
c2_verify_revise__clustered-n6-t100-o20-s10005__cap64000__Qwen-Qwen3-32B-AWQ,clustered-n6-t100-o20-s10005,c2_verify_revise,64000,17,revise,1966,4658,19,stop,False,10877,10877,145.45784808788449
c2_verify_revise__clustered-n6-t100-o20-s10005__cap64000__Qwen-Qwen3-32B-AWQ,clustered-n6-t100-o20-s10005,c2_verify_revise,64000,18,verify,2091,1279,408,stop,False,4109,4109,52.48256820719689
c2_verify_revise__clustered-n6-t100-o20-s10005__cap64000__Qwen-Qwen3-32B-AWQ,clustered-n6-t100-o20-s10005,c2_verify_revise,64000,19,finalize,104,0,7,stop,False,2574,2574,0.28257973678410053
c2_verify_revise__clustered-n6-t100-o20-s10005__cap8000__Qwen-Qwen3-32B-AWQ,clustered-n6-t100-o20-s10005,c2_verify_revise,8000,0,react_step,225,1177,7,stop,False,7519,7519,36.14689624402672
c2_verify_revise__clustered-n6-t100-o20-s10005__cap8000__Qwen-Qwen3-32B-AWQ,clustered-n6-t100-o20-s10005,c2_verify_revise,8000,1,react_step,262,599,32,stop,False,6073,6073,19.381555235013366
c2_verify_revise__clustered-n6-t100-o20-s10005__cap8000__Qwen-Qwen3-32B-AWQ,clustered-n6-t100-o20-s10005,c2_verify_revise,8000,2,react_step,344,593,27,stop,False,5098,5098,19.12403738964349
c2_verify_revise__clustered-n6-t100-o20-s10005__cap8000__Qwen-Qwen3-32B-AWQ,clustered-n6-t100-o20-s10005,c2_verify_revise,8000,3,react_step,421,527,52,stop,False,4057,4057,17.783742487430573
c2_verify_revise__clustered-n6-t100-o20-s10005__cap8000__Qwen-Qwen3-32B-AWQ,clustered-n6-t100-o20-s10005,c2_verify_revise,8000,4,react_step,499,562,31,stop,False,2979,2979,18.451845733448863
c2_verify_revise__clustered-n6-t100-o20-s10005__cap8000__Qwen-Qwen3-32B-AWQ,clustered-n6-t100-o20-s10005,c2_verify_revise,8000,5,react_step,580,628,76,stop,False,1806,1806,21.73061984218657
c2_verify_revise__clustered-n6-t100-o20-s10005__cap8000__Qwen-Qwen3-32B-AWQ,clustered-n6-t100-o20-s10005,c2_verify_revise,8000,6,react_step,680,422,0,length,False,422,422,12.807876027189195
c2_verify_revise__clustered-n6-t100-o20-s10005__cap8000__Qwen-Qwen3-32B-AWQ,clustered-n6-t100-o20-s10005,c2_verify_revise,8000,7,finalize,93,0,7,stop,False,163,163,0.2627661610022187
c2_verify_revise__clustered-n6-t100-o20-s10007__cap16000__Qwen-Qwen3-32B-AWQ,clustered-n6-t100-o20-s10007,c2_verify_revise,16000,0,react_step,225,1177,7,stop,False,15519,15519,34.82785989250988
c2_verify_revise__clustered-n6-t100-o20-s10007__cap16000__Qwen-Qwen3-32B-AWQ,clustered-n6-t100-o20-s10007,c2_verify_revise,16000,1,react_step,262,599,32,stop,False,14073,14073,18.61410520412028
c2_verify_revise__clustered-n6-t100-o20-s10007__cap16000__Qwen-Qwen3-32B-AWQ,clustered-n6-t100-o20-s10007,c2_verify_revise,16000,2,react_step,343,297,51,stop,False,13099,13099,10.392948156222701
c2_verify_revise__clustered-n6-t100-o20-s10007__cap16000__Qwen-Qwen3-32B-AWQ,clustered-n6-t100-o20-s10007,c2_verify_revise,16000,3,react_step,418,498,10,stop,False,12333,12333,15.117918517440557
c2_verify_revise__clustered-n6-t100-o20-s10007__cap16000__Qwen-Qwen3-32B-AWQ,clustered-n6-t100-o20-s10007,c2_verify_revise,16000,4,react_step,478,1563,15,stop,False,11347,11347,49.73242105729878
c2_verify_revise__clustered-n6-t100-o20-s10007__cap16000__Qwen-Qwen3-32B-AWQ,clustered-n6-t100-o20-s10007,c2_verify_revise,16000,5,react_step,519,1406,30,stop,False,9250,9250,43.00197720248252
c2_verify_revise__clustered-n6-t100-o20-s10007__cap16000__Qwen-Qwen3-32B-AWQ,clustered-n6-t100-o20-s10007,c2_verify_revise,16000,6,react_step,599,1493,15,stop,False,7215,7215,45.00651272851974
c2_verify_revise__clustered-n6-t100-o20-s10007__cap16000__Qwen-Qwen3-32B-AWQ,clustered-n6-t100-o20-s10007,c2_verify_revise,16000,7,react_step,640,665,31,stop,False,5067,5067,20.832149839028716
c2_verify_revise__clustered-n6-t100-o20-s10007__cap16000__Qwen-Qwen3-32B-AWQ,clustered-n6-t100-o20-s10007,c2_verify_revise,16000,8,react_step,721,2201,15,stop,False,3650,3650,66.5549899302423
c2_verify_revise__clustered-n6-t100-o20-s10007__cap16000__Qwen-Qwen3-32B-AWQ,clustered-n6-t100-o20-s10007,c2_verify_revise,16000,9,react_step,762,672,0,length,False,672,672,20.27415411826223
c2_verify_revise__clustered-n6-t100-o20-s10007__cap16000__Qwen-Qwen3-32B-AWQ,clustered-n6-t100-o20-s10007,c2_verify_revise,16000,10,finalize,93,0,7,stop,False,163,163,0.264009146951139
c2_verify_revise__clustered-n6-t100-o20-s10007__cap32000__Qwen-Qwen3-32B-AWQ,clustered-n6-t100-o20-s10007,c2_verify_revise,32000,0,react_step,225,1177,7,stop,False,31519,31519,34.759786983951926
c2_verify_revise__clustered-n6-t100-o20-s10007__cap32000__Qwen-Qwen3-32B-AWQ,clustered-n6-t100-o20-s10007,c2_verify_revise,32000,1,react_step,262,599,32,stop,False,30073,30073,18.58627456612885
c2_verify_revise__clustered-n6-t100-o20-s10007__cap32000__Qwen-Qwen3-32B-AWQ,clustered-n6-t100-o20-s10007,c2_verify_revise,32000,2,react_step,343,297,51,stop,False,29099,29099,10.375573648139834
c2_verify_revise__clustered-n6-t100-o20-s10007__cap32000__Qwen-Qwen3-32B-AWQ,clustered-n6-t100-o20-s10007,c2_verify_revise,32000,3,react_step,418,498,10,stop,False,28333,28333,15.088424541056156
c2_verify_revise__clustered-n6-t100-o20-s10007__cap32000__Qwen-Qwen3-32B-AWQ,clustered-n6-t100-o20-s10007,c2_verify_revise,32000,4,react_step,478,1563,15,stop,False,27347,27347,46.80730242934078
c2_verify_revise__clustered-n6-t100-o20-s10007__cap32000__Qwen-Qwen3-32B-AWQ,clustered-n6-t100-o20-s10007,c2_verify_revise,32000,5,react_step,519,1406,30,stop,False,25250,25250,42.649504946544766
c2_verify_revise__clustered-n6-t100-o20-s10007__cap32000__Qwen-Qwen3-32B-AWQ,clustered-n6-t100-o20-s10007,c2_verify_revise,32000,6,react_step,599,1493,15,stop,False,23215,23215,44.88836253248155
c2_verify_revise__clustered-n6-t100-o20-s10007__cap32000__Qwen-Qwen3-32B-AWQ,clustered-n6-t100-o20-s10007,c2_verify_revise,32000,7,react_step,640,665,31,stop,False,21067,21067,20.786206151358783
c2_verify_revise__clustered-n6-t100-o20-s10007__cap32000__Qwen-Qwen3-32B-AWQ,clustered-n6-t100-o20-s10007,c2_verify_revise,32000,8,react_step,721,2201,15,stop,False,19650,19650,66.38298004958779
c2_verify_revise__clustered-n6-t100-o20-s10007__cap32000__Qwen-Qwen3-32B-AWQ,clustered-n6-t100-o20-s10007,c2_verify_revise,32000,9,react_step,762,1091,10,stop,False,16672,16672,32.97030236758292
c2_verify_revise__clustered-n6-t100-o20-s10007__cap32000__Qwen-Qwen3-32B-AWQ,clustered-n6-t100-o20-s10007,c2_verify_revise,32000,10,react_step,822,2471,10,stop,False,14749,14749,74.63653594907373
c2_verify_revise__clustered-n6-t100-o20-s10007__cap32000__Qwen-Qwen3-32B-AWQ,clustered-n6-t100-o20-s10007,c2_verify_revise,32000,11,react_step,881,8173,25,stop,False,11387,11387,255.26017724722624
c2_verify_revise__clustered-n6-t100-o20-s10007__cap32000__Qwen-Qwen3-32B-AWQ,clustered-n6-t100-o20-s10007,c2_verify_revise,32000,12,react_step,926,2263,0,length,False,2263,2263,68.17626913171262
c2_verify_revise__clustered-n6-t100-o20-s10007__cap32000__Qwen-Qwen3-32B-AWQ,clustered-n6-t100-o20-s10007,c2_verify_revise,32000,13,finalize,110,0,7,stop,False,146,146,0.2734520612284541
c2_verify_revise__clustered-n6-t100-o20-s10007__cap64000__Qwen-Qwen3-32B-AWQ,clustered-n6-t100-o20-s10007,c2_verify_revise,64000,0,react_step,225,1177,7,stop,True,63519,32543,34.804390096105635
c2_verify_revise__clustered-n6-t100-o20-s10007__cap64000__Qwen-Qwen3-32B-AWQ,clustered-n6-t100-o20-s10007,c2_verify_revise,64000,1,react_step,262,599,32,stop,True,62073,32506,18.609153229743242
c2_verify_revise__clustered-n6-t100-o20-s10007__cap64000__Qwen-Qwen3-32B-AWQ,clustered-n6-t100-o20-s10007,c2_verify_revise,64000,2,react_step,343,297,51,stop,True,61099,32425,10.39485449437052
c2_verify_revise__clustered-n6-t100-o20-s10007__cap64000__Qwen-Qwen3-32B-AWQ,clustered-n6-t100-o20-s10007,c2_verify_revise,64000,3,react_step,418,498,10,stop,True,60333,32350,15.11169657483697
c2_verify_revise__clustered-n6-t100-o20-s10007__cap64000__Qwen-Qwen3-32B-AWQ,clustered-n6-t100-o20-s10007,c2_verify_revise,64000,4,react_step,478,1563,15,stop,True,59347,32290,46.876269922591746
c2_verify_revise__clustered-n6-t100-o20-s10007__cap64000__Qwen-Qwen3-32B-AWQ,clustered-n6-t100-o20-s10007,c2_verify_revise,64000,5,react_step,519,1406,30,stop,True,57250,32249,42.706122463569045
c2_verify_revise__clustered-n6-t100-o20-s10007__cap64000__Qwen-Qwen3-32B-AWQ,clustered-n6-t100-o20-s10007,c2_verify_revise,64000,6,react_step,599,1493,15,stop,True,55215,32169,44.949582885950804
c2_verify_revise__clustered-n6-t100-o20-s10007__cap64000__Qwen-Qwen3-32B-AWQ,clustered-n6-t100-o20-s10007,c2_verify_revise,64000,7,react_step,640,665,31,stop,True,53067,32128,20.81636457517743
c2_verify_revise__clustered-n6-t100-o20-s10007__cap64000__Qwen-Qwen3-32B-AWQ,clustered-n6-t100-o20-s10007,c2_verify_revise,64000,8,react_step,721,2201,15,stop,True,51650,32047,66.4937582788989
c2_verify_revise__clustered-n6-t100-o20-s10007__cap64000__Qwen-Qwen3-32B-AWQ,clustered-n6-t100-o20-s10007,c2_verify_revise,64000,9,react_step,762,1091,10,stop,True,48672,32006,33.02674749400467
c2_verify_revise__clustered-n6-t100-o20-s10007__cap64000__Qwen-Qwen3-32B-AWQ,clustered-n6-t100-o20-s10007,c2_verify_revise,64000,10,react_step,822,2471,10,stop,True,46749,31946,74.77939680032432
c2_verify_revise__clustered-n6-t100-o20-s10007__cap64000__Qwen-Qwen3-32B-AWQ,clustered-n6-t100-o20-s10007,c2_verify_revise,64000,11,react_step,881,8173,25,stop,True,43387,31887,255.764375586994
c2_verify_revise__clustered-n6-t100-o20-s10007__cap64000__Qwen-Qwen3-32B-AWQ,clustered-n6-t100-o20-s10007,c2_verify_revise,64000,12,react_step,926,3238,5,stop,True,34263,31842,98.2871444132179
c2_verify_revise__clustered-n6-t100-o20-s10007__cap64000__Qwen-Qwen3-32B-AWQ,clustered-n6-t100-o20-s10007,c2_verify_revise,64000,13,verify,1037,1577,559,stop,False,29983,29983,64.64358965028077
c2_verify_revise__clustered-n6-t100-o20-s10007__cap64000__Qwen-Qwen3-32B-AWQ,clustered-n6-t100-o20-s10007,c2_verify_revise,64000,14,revise,1678,553,25,stop,False,26169,26169,18.360634515061975
c2_verify_revise__clustered-n6-t100-o20-s10007__cap64000__Qwen-Qwen3-32B-AWQ,clustered-n6-t100-o20-s10007,c2_verify_revise,64000,15,verify,1809,1173,412,stop,False,23782,23782,49.067320245318115
c2_verify_revise__clustered-n6-t100-o20-s10007__cap64000__Qwen-Qwen3-32B-AWQ,clustered-n6-t100-o20-s10007,c2_verify_revise,64000,16,revise,2303,295,25,stop,False,19894,19894,11.152724729850888
c2_verify_revise__clustered-n6-t100-o20-s10007__cap64000__Qwen-Qwen3-32B-AWQ,clustered-n6-t100-o20-s10007,c2_verify_revise,64000,17,finalize,110,0,7,stop,False,19720,19720,0.2908255457878113
c2_verify_revise__clustered-n6-t100-o20-s10007__cap8000__Qwen-Qwen3-32B-AWQ,clustered-n6-t100-o20-s10007,c2_verify_revise,8000,0,react_step,225,1177,7,stop,False,7519,7519,36.38182660471648
c2_verify_revise__clustered-n6-t100-o20-s10007__cap8000__Qwen-Qwen3-32B-AWQ,clustered-n6-t100-o20-s10007,c2_verify_revise,8000,1,react_step,262,599,32,stop,False,6073,6073,19.412186964415014
c2_verify_revise__clustered-n6-t100-o20-s10007__cap8000__Qwen-Qwen3-32B-AWQ,clustered-n6-t100-o20-s10007,c2_verify_revise,8000,2,react_step,343,297,51,stop,False,5099,5099,11.024486327543855
c2_verify_revise__clustered-n6-t100-o20-s10007__cap8000__Qwen-Qwen3-32B-AWQ,clustered-n6-t100-o20-s10007,c2_verify_revise,8000,3,react_step,418,498,10,stop,False,4333,4333,15.845931625925004
c2_verify_revise__clustered-n6-t100-o20-s10007__cap8000__Qwen-Qwen3-32B-AWQ,clustered-n6-t100-o20-s10007,c2_verify_revise,8000,4,react_step,478,1563,15,stop,False,3347,3347,48.989425427280366
c2_verify_revise__clustered-n6-t100-o20-s10007__cap8000__Qwen-Qwen3-32B-AWQ,clustered-n6-t100-o20-s10007,c2_verify_revise,8000,5,react_step,519,1250,0,length,False,1250,1250,39.08547292277217
c2_verify_revise__clustered-n6-t100-o20-s10007__cap8000__Qwen-Qwen3-32B-AWQ,clustered-n6-t100-o20-s10007,c2_verify_revise,8000,6,finalize,93,0,7,stop,False,163,163,0.3050669729709625
c2_verify_revise__clustered-n6-t100-o80-s10005__cap16000__Qwen-Qwen3-32B-AWQ,clustered-n6-t100-o80-s10005,c2_verify_revise,16000,0,react_step,225,1177,7,stop,False,15519,15519,34.82858531642705
c2_verify_revise__clustered-n6-t100-o80-s10005__cap16000__Qwen-Qwen3-32B-AWQ,clustered-n6-t100-o80-s10005,c2_verify_revise,16000,1,react_step,262,599,32,stop,False,14073,14073,18.615363219752908
c2_verify_revise__clustered-n6-t100-o80-s10005__cap16000__Qwen-Qwen3-32B-AWQ,clustered-n6-t100-o80-s10005,c2_verify_revise,16000,2,react_step,344,1010,50,stop,False,13098,13098,31.309794600121677
c2_verify_revise__clustered-n6-t100-o80-s10005__cap16000__Qwen-Qwen3-32B-AWQ,clustered-n6-t100-o80-s10005,c2_verify_revise,16000,3,react_step,418,487,10,stop,False,11620,11620,14.797837557271123
c2_verify_revise__clustered-n6-t100-o80-s10005__cap16000__Qwen-Qwen3-32B-AWQ,clustered-n6-t100-o80-s10005,c2_verify_revise,16000,4,react_step,478,683,63,stop,False,10645,10645,22.15499140508473
c2_verify_revise__clustered-n6-t100-o80-s10005__cap16000__Qwen-Qwen3-32B-AWQ,clustered-n6-t100-o80-s10005,c2_verify_revise,16000,5,react_step,567,867,13,stop,False,9332,9332,26.217207894660532
c2_verify_revise__clustered-n6-t100-o80-s10005__cap16000__Qwen-Qwen3-32B-AWQ,clustered-n6-t100-o80-s10005,c2_verify_revise,16000,6,react_step,604,1164,10,stop,False,7848,7848,35.014520986936986
c2_verify_revise__clustered-n6-t100-o80-s10005__cap16000__Qwen-Qwen3-32B-AWQ,clustered-n6-t100-o80-s10005,c2_verify_revise,16000,7,react_step,664,1720,13,stop,False,6010,6010,51.78498017974198
c2_verify_revise__clustered-n6-t100-o80-s10005__cap16000__Qwen-Qwen3-32B-AWQ,clustered-n6-t100-o80-s10005,c2_verify_revise,16000,8,react_step,701,1436,15,stop,False,3576,3576,43.396949459798634
c2_verify_revise__clustered-n6-t100-o80-s10005__cap16000__Qwen-Qwen3-32B-AWQ,clustered-n6-t100-o80-s10005,c2_verify_revise,16000,9,react_step,742,1383,0,length,False,1383,1383,41.42267600540072
c2_verify_revise__clustered-n6-t100-o80-s10005__cap16000__Qwen-Qwen3-32B-AWQ,clustered-n6-t100-o80-s10005,c2_verify_revise,16000,10,finalize,93,0,7,stop,False,163,163,0.2662560027092695
c2_verify_revise__clustered-n6-t100-o80-s10005__cap32000__Qwen-Qwen3-32B-AWQ,clustered-n6-t100-o80-s10005,c2_verify_revise,32000,0,react_step,225,1177,7,stop,False,31519,31519,34.92878150194883
c2_verify_revise__clustered-n6-t100-o80-s10005__cap32000__Qwen-Qwen3-32B-AWQ,clustered-n6-t100-o80-s10005,c2_verify_revise,32000,1,react_step,262,599,32,stop,False,30073,30073,18.573672514408827
c2_verify_revise__clustered-n6-t100-o80-s10005__cap32000__Qwen-Qwen3-32B-AWQ,clustered-n6-t100-o80-s10005,c2_verify_revise,32000,2,react_step,344,1010,50,stop,False,29098,29098,31.24419892206788
c2_verify_revise__clustered-n6-t100-o80-s10005__cap32000__Qwen-Qwen3-32B-AWQ,clustered-n6-t100-o80-s10005,c2_verify_revise,32000,3,react_step,418,487,10,stop,False,27620,27620,14.761348273605108
c2_verify_revise__clustered-n6-t100-o80-s10005__cap32000__Qwen-Qwen3-32B-AWQ,clustered-n6-t100-o80-s10005,c2_verify_revise,32000,4,react_step,478,683,63,stop,False,26645,26645,22.10395374055952
c2_verify_revise__clustered-n6-t100-o80-s10005__cap32000__Qwen-Qwen3-32B-AWQ,clustered-n6-t100-o80-s10005,c2_verify_revise,32000,5,react_step,567,867,13,stop,False,25332,25332,26.92969765327871
c2_verify_revise__clustered-n6-t100-o80-s10005__cap32000__Qwen-Qwen3-32B-AWQ,clustered-n6-t100-o80-s10005,c2_verify_revise,32000,6,react_step,604,1164,10,stop,False,23848,23848,35.013484510593116
c2_verify_revise__clustered-n6-t100-o80-s10005__cap32000__Qwen-Qwen3-32B-AWQ,clustered-n6-t100-o80-s10005,c2_verify_revise,32000,7,react_step,664,1720,13,stop,False,22010,22010,51.67998946644366
c2_verify_revise__clustered-n6-t100-o80-s10005__cap32000__Qwen-Qwen3-32B-AWQ,clustered-n6-t100-o80-s10005,c2_verify_revise,32000,8,react_step,701,1436,15,stop,False,19576,19576,43.309923524037
c2_verify_revise__clustered-n6-t100-o80-s10005__cap32000__Qwen-Qwen3-32B-AWQ,clustered-n6-t100-o80-s10005,c2_verify_revise,32000,9,react_step,742,1622,34,stop,False,17383,17383,50.16107351705432
c2_verify_revise__clustered-n6-t100-o80-s10005__cap32000__Qwen-Qwen3-32B-AWQ,clustered-n6-t100-o80-s10005,c2_verify_revise,32000,10,react_step,826,7091,40,stop,False,14901,14901,220.4890823252499
c2_verify_revise__clustered-n6-t100-o80-s10005__cap32000__Qwen-Qwen3-32B-AWQ,clustered-n6-t100-o80-s10005,c2_verify_revise,32000,11,react_step,916,1348,10,stop,False,6854,6854,40.84677678439766
c2_verify_revise__clustered-n6-t100-o80-s10005__cap32000__Qwen-Qwen3-32B-AWQ,clustered-n6-t100-o80-s10005,c2_verify_revise,32000,12,react_step,976,4520,0,length,False,4520,4520,139.05267862882465
c2_verify_revise__clustered-n6-t100-o80-s10005__cap32000__Qwen-Qwen3-32B-AWQ,clustered-n6-t100-o80-s10005,c2_verify_revise,32000,13,finalize,93,0,7,stop,False,163,163,0.2629196560010314
c2_verify_revise__clustered-n6-t100-o80-s10005__cap64000__Qwen-Qwen3-32B-AWQ,clustered-n6-t100-o80-s10005,c2_verify_revise,64000,0,react_step,225,1177,7,stop,True,63519,32543,34.8466863008216
c2_verify_revise__clustered-n6-t100-o80-s10005__cap64000__Qwen-Qwen3-32B-AWQ,clustered-n6-t100-o80-s10005,c2_verify_revise,64000,1,react_step,262,599,32,stop,True,62073,32506,18.6259774453938
c2_verify_revise__clustered-n6-t100-o80-s10005__cap64000__Qwen-Qwen3-32B-AWQ,clustered-n6-t100-o80-s10005,c2_verify_revise,64000,2,react_step,344,1010,50,stop,True,61098,32424,31.326163545250893
c2_verify_revise__clustered-n6-t100-o80-s10005__cap64000__Qwen-Qwen3-32B-AWQ,clustered-n6-t100-o80-s10005,c2_verify_revise,64000,3,react_step,418,487,10,stop,True,59620,32350,14.801649673841894
c2_verify_revise__clustered-n6-t100-o80-s10005__cap64000__Qwen-Qwen3-32B-AWQ,clustered-n6-t100-o80-s10005,c2_verify_revise,64000,4,react_step,478,683,63,stop,True,58645,32290,22.156965697184205
c2_verify_revise__clustered-n6-t100-o80-s10005__cap64000__Qwen-Qwen3-32B-AWQ,clustered-n6-t100-o80-s10005,c2_verify_revise,64000,5,react_step,567,867,13,stop,True,57332,32201,26.228115254081786
c2_verify_revise__clustered-n6-t100-o80-s10005__cap64000__Qwen-Qwen3-32B-AWQ,clustered-n6-t100-o80-s10005,c2_verify_revise,64000,6,react_step,604,1164,10,stop,True,55848,32164,35.02114000916481
c2_verify_revise__clustered-n6-t100-o80-s10005__cap64000__Qwen-Qwen3-32B-AWQ,clustered-n6-t100-o80-s10005,c2_verify_revise,64000,7,react_step,664,1720,13,stop,True,54010,32104,51.80000201612711
c2_verify_revise__clustered-n6-t100-o80-s10005__cap64000__Qwen-Qwen3-32B-AWQ,clustered-n6-t100-o80-s10005,c2_verify_revise,64000,8,react_step,701,1436,15,stop,True,51576,32067,43.405649065971375
c2_verify_revise__clustered-n6-t100-o80-s10005__cap64000__Qwen-Qwen3-32B-AWQ,clustered-n6-t100-o80-s10005,c2_verify_revise,64000,9,react_step,742,1622,34,stop,True,49383,32026,49.61073044128716
c2_verify_revise__clustered-n6-t100-o80-s10005__cap64000__Qwen-Qwen3-32B-AWQ,clustered-n6-t100-o80-s10005,c2_verify_revise,64000,10,react_step,826,7091,40,stop,True,46901,31942,221.02863481640816
c2_verify_revise__clustered-n6-t100-o80-s10005__cap64000__Qwen-Qwen3-32B-AWQ,clustered-n6-t100-o80-s10005,c2_verify_revise,64000,11,react_step,916,1348,10,stop,True,38854,31852,40.91227167844772
c2_verify_revise__clustered-n6-t100-o80-s10005__cap64000__Qwen-Qwen3-32B-AWQ,clustered-n6-t100-o80-s10005,c2_verify_revise,64000,12,react_step,976,6898,29,stop,True,36520,31792,214.9659359846264
c2_verify_revise__clustered-n6-t100-o80-s10005__cap64000__Qwen-Qwen3-32B-AWQ,clustered-n6-t100-o80-s10005,c2_verify_revise,64000,13,react_step,1029,8938,19,stop,False,28564,28564,281.4678760273382
c2_verify_revise__clustered-n6-t100-o80-s10005__cap64000__Qwen-Qwen3-32B-AWQ,clustered-n6-t100-o80-s10005,c2_verify_revise,64000,14,react_step,1068,8082,5,stop,False,18539,18539,252.81168402638286
c2_verify_revise__clustered-n6-t100-o80-s10005__cap64000__Qwen-Qwen3-32B-AWQ,clustered-n6-t100-o80-s10005,c2_verify_revise,64000,15,verify,1179,1123,276,stop,False,9273,9273,42.462945385836065
c2_verify_revise__clustered-n6-t100-o80-s10005__cap64000__Qwen-Qwen3-32B-AWQ,clustered-n6-t100-o80-s10005,c2_verify_revise,64000,16,revise,1537,3720,19,stop,False,6337,6337,115.1262763896957
c2_verify_revise__clustered-n6-t100-o80-s10005__cap64000__Qwen-Qwen3-32B-AWQ,clustered-n6-t100-o80-s10005,c2_verify_revise,64000,17,verify,1662,611,315,stop,False,936,936,28.780971846543252
c2_verify_revise__clustered-n6-t100-o80-s10005__cap64000__Qwen-Qwen3-32B-AWQ,clustered-n6-t100-o80-s10005,c2_verify_revise,64000,18,finalize,93,0,7,stop,False,173,173,0.27964629791677
c2_verify_revise__clustered-n6-t100-o80-s10005__cap8000__Qwen-Qwen3-32B-AWQ,clustered-n6-t100-o80-s10005,c2_verify_revise,8000,0,react_step,225,1177,7,stop,False,7519,7519,36.166075742803514
c2_verify_revise__clustered-n6-t100-o80-s10005__cap8000__Qwen-Qwen3-32B-AWQ,clustered-n6-t100-o80-s10005,c2_verify_revise,8000,1,react_step,262,599,32,stop,False,6073,6073,19.395452255383134
c2_verify_revise__clustered-n6-t100-o80-s10005__cap8000__Qwen-Qwen3-32B-AWQ,clustered-n6-t100-o80-s10005,c2_verify_revise,8000,2,react_step,344,1010,50,stop,False,5098,5098,32.56812200881541
c2_verify_revise__clustered-n6-t100-o80-s10005__cap8000__Qwen-Qwen3-32B-AWQ,clustered-n6-t100-o80-s10005,c2_verify_revise,8000,3,react_step,418,487,10,stop,False,3620,3620,15.51139234751463
c2_verify_revise__clustered-n6-t100-o80-s10005__cap8000__Qwen-Qwen3-32B-AWQ,clustered-n6-t100-o80-s10005,c2_verify_revise,8000,4,react_step,478,683,63,stop,False,2645,2645,22.826963115483522
c2_verify_revise__clustered-n6-t100-o80-s10005__cap8000__Qwen-Qwen3-32B-AWQ,clustered-n6-t100-o80-s10005,c2_verify_revise,8000,5,react_step,567,867,13,stop,False,1332,1332,27.577544887550175
c2_verify_revise__clustered-n6-t100-o80-s10005__cap8000__Qwen-Qwen3-32B-AWQ,clustered-n6-t100-o80-s10005,c2_verify_revise,8000,6,finalize,93,0,7,stop,False,615,615,0.2862393809482455
c2_verify_revise__clustered-n6-t100-o80-s10006__cap16000__Qwen-Qwen3-32B-AWQ,clustered-n6-t100-o80-s10006,c2_verify_revise,16000,0,react_step,225,1177,7,stop,False,15519,15519,34.82668215315789
c2_verify_revise__clustered-n6-t100-o80-s10006__cap16000__Qwen-Qwen3-32B-AWQ,clustered-n6-t100-o80-s10006,c2_verify_revise,16000,1,react_step,262,599,32,stop,False,14073,14073,18.61853312794119
c2_verify_revise__clustered-n6-t100-o80-s10006__cap16000__Qwen-Qwen3-32B-AWQ,clustered-n6-t100-o80-s10006,c2_verify_revise,16000,2,react_step,344,444,57,stop,False,13098,13098,14.871340217068791
c2_verify_revise__clustered-n6-t100-o80-s10006__cap16000__Qwen-Qwen3-32B-AWQ,clustered-n6-t100-o80-s10006,c2_verify_revise,16000,3,react_step,425,332,76,stop,False,12172,12172,12.199503091163933
c2_verify_revise__clustered-n6-t100-o80-s10006__cap16000__Qwen-Qwen3-32B-AWQ,clustered-n6-t100-o80-s10006,c2_verify_revise,16000,4,react_step,551,1357,68,stop,False,11213,11213,42.4312833622098
c2_verify_revise__clustered-n6-t100-o80-s10006__cap16000__Qwen-Qwen3-32B-AWQ,clustered-n6-t100-o80-s10006,c2_verify_revise,16000,5,react_step,645,410,10,stop,False,9143,9143,12.725771751254797
c2_verify_revise__clustered-n6-t100-o80-s10006__cap16000__Qwen-Qwen3-32B-AWQ,clustered-n6-t100-o80-s10006,c2_verify_revise,16000,6,react_step,705,689,13,stop,False,8018,8018,21.108102991245687
c2_verify_revise__clustered-n6-t100-o80-s10006__cap16000__Qwen-Qwen3-32B-AWQ,clustered-n6-t100-o80-s10006,c2_verify_revise,16000,7,react_step,742,1337,15,stop,False,6574,6574,40.50090018007904
c2_verify_revise__clustered-n6-t100-o80-s10006__cap16000__Qwen-Qwen3-32B-AWQ,clustered-n6-t100-o80-s10006,c2_verify_revise,16000,8,react_step,782,2655,10,stop,False,4440,4440,80.34415623079985
c2_verify_revise__clustered-n6-t100-o80-s10006__cap16000__Qwen-Qwen3-32B-AWQ,clustered-n6-t100-o80-s10006,c2_verify_revise,16000,9,react_step,842,933,0,length,False,933,933,28.119233258999884
c2_verify_revise__clustered-n6-t100-o80-s10006__cap16000__Qwen-Qwen3-32B-AWQ,clustered-n6-t100-o80-s10006,c2_verify_revise,16000,10,finalize,93,0,7,stop,False,163,163,0.26476342882961035
c2_verify_revise__clustered-n6-t100-o80-s10006__cap32000__Qwen-Qwen3-32B-AWQ,clustered-n6-t100-o80-s10006,c2_verify_revise,32000,0,react_step,225,1177,7,stop,False,31519,31519,35.5690535986796
c2_verify_revise__clustered-n6-t100-o80-s10006__cap32000__Qwen-Qwen3-32B-AWQ,clustered-n6-t100-o80-s10006,c2_verify_revise,32000,1,react_step,262,599,32,stop,False,30073,30073,18.57592354528606
c2_verify_revise__clustered-n6-t100-o80-s10006__cap32000__Qwen-Qwen3-32B-AWQ,clustered-n6-t100-o80-s10006,c2_verify_revise,32000,2,react_step,344,444,57,stop,False,29098,29098,14.83917967416346
c2_verify_revise__clustered-n6-t100-o80-s10006__cap32000__Qwen-Qwen3-32B-AWQ,clustered-n6-t100-o80-s10006,c2_verify_revise,32000,3,react_step,425,332,76,stop,False,28172,28172,12.167621044442058
c2_verify_revise__clustered-n6-t100-o80-s10006__cap32000__Qwen-Qwen3-32B-AWQ,clustered-n6-t100-o80-s10006,c2_verify_revise,32000,4,react_step,551,1357,68,stop,False,27213,27213,42.34326098486781
c2_verify_revise__clustered-n6-t100-o80-s10006__cap32000__Qwen-Qwen3-32B-AWQ,clustered-n6-t100-o80-s10006,c2_verify_revise,32000,5,react_step,645,410,10,stop,False,25143,25143,12.693422966636717
c2_verify_revise__clustered-n6-t100-o80-s10006__cap32000__Qwen-Qwen3-32B-AWQ,clustered-n6-t100-o80-s10006,c2_verify_revise,32000,6,react_step,705,689,13,stop,False,24018,24018,21.0515661155805
c2_verify_revise__clustered-n6-t100-o80-s10006__cap32000__Qwen-Qwen3-32B-AWQ,clustered-n6-t100-o80-s10006,c2_verify_revise,32000,7,react_step,742,1337,15,stop,False,22574,22574,40.40248515736312
c2_verify_revise__clustered-n6-t100-o80-s10006__cap32000__Qwen-Qwen3-32B-AWQ,clustered-n6-t100-o80-s10006,c2_verify_revise,32000,8,react_step,782,2655,10,stop,False,20440,20440,80.15650769043714
c2_verify_revise__clustered-n6-t100-o80-s10006__cap32000__Qwen-Qwen3-32B-AWQ,clustered-n6-t100-o80-s10006,c2_verify_revise,32000,9,react_step,842,1124,13,stop,False,16933,16933,34.14093179628253
c2_verify_revise__clustered-n6-t100-o80-s10006__cap32000__Qwen-Qwen3-32B-AWQ,clustered-n6-t100-o80-s10006,c2_verify_revise,32000,10,react_step,879,7883,33,stop,False,14917,14917,247.14351334795356
c2_verify_revise__clustered-n6-t100-o80-s10006__cap32000__Qwen-Qwen3-32B-AWQ,clustered-n6-t100-o80-s10006,c2_verify_revise,32000,11,react_step,932,1649,50,stop,False,6069,6069,51.04683317895979
c2_verify_revise__clustered-n6-t100-o80-s10006__cap32000__Qwen-Qwen3-32B-AWQ,clustered-n6-t100-o80-s10006,c2_verify_revise,32000,12,react_step,1032,2806,10,stop,False,3338,3338,85.26459696050733
c2_verify_revise__clustered-n6-t100-o80-s10006__cap32000__Qwen-Qwen3-32B-AWQ,clustered-n6-t100-o80-s10006,c2_verify_revise,32000,13,finalize,93,0,7,stop,False,685,685,0.2808500314131379
c2_verify_revise__clustered-n6-t100-o80-s10006__cap64000__Qwen-Qwen3-32B-AWQ,clustered-n6-t100-o80-s10006,c2_verify_revise,64000,0,react_step,225,1177,7,stop,True,63519,32543,34.82351166754961
c2_verify_revise__clustered-n6-t100-o80-s10006__cap64000__Qwen-Qwen3-32B-AWQ,clustered-n6-t100-o80-s10006,c2_verify_revise,64000,1,react_step,262,599,32,stop,True,62073,32506,18.605859489180148
c2_verify_revise__clustered-n6-t100-o80-s10006__cap64000__Qwen-Qwen3-32B-AWQ,clustered-n6-t100-o80-s10006,c2_verify_revise,64000,2,react_step,344,444,57,stop,True,61098,32424,14.862627037800848
c2_verify_revise__clustered-n6-t100-o80-s10006__cap64000__Qwen-Qwen3-32B-AWQ,clustered-n6-t100-o80-s10006,c2_verify_revise,64000,3,react_step,425,332,76,stop,True,60172,32343,12.184298218227923
c2_verify_revise__clustered-n6-t100-o80-s10006__cap64000__Qwen-Qwen3-32B-AWQ,clustered-n6-t100-o80-s10006,c2_verify_revise,64000,4,react_step,551,1357,68,stop,True,59213,32217,42.40427503269166
c2_verify_revise__clustered-n6-t100-o80-s10006__cap64000__Qwen-Qwen3-32B-AWQ,clustered-n6-t100-o80-s10006,c2_verify_revise,64000,5,react_step,645,410,10,stop,True,57143,32123,12.719529985450208
c2_verify_revise__clustered-n6-t100-o80-s10006__cap64000__Qwen-Qwen3-32B-AWQ,clustered-n6-t100-o80-s10006,c2_verify_revise,64000,6,react_step,705,689,13,stop,True,56018,32063,21.09828716237098
c2_verify_revise__clustered-n6-t100-o80-s10006__cap64000__Qwen-Qwen3-32B-AWQ,clustered-n6-t100-o80-s10006,c2_verify_revise,64000,7,react_step,742,1337,15,stop,True,54574,32026,40.49280397314578
c2_verify_revise__clustered-n6-t100-o80-s10006__cap64000__Qwen-Qwen3-32B-AWQ,clustered-n6-t100-o80-s10006,c2_verify_revise,64000,8,react_step,782,2655,10,stop,True,52440,31986,80.30766297131777
c2_verify_revise__clustered-n6-t100-o80-s10006__cap64000__Qwen-Qwen3-32B-AWQ,clustered-n6-t100-o80-s10006,c2_verify_revise,64000,9,react_step,842,1124,13,stop,True,48933,31926,34.203366787172854
c2_verify_revise__clustered-n6-t100-o80-s10006__cap64000__Qwen-Qwen3-32B-AWQ,clustered-n6-t100-o80-s10006,c2_verify_revise,64000,10,react_step,879,7883,33,stop,True,46917,31889,246.50367354415357
c2_verify_revise__clustered-n6-t100-o80-s10006__cap64000__Qwen-Qwen3-32B-AWQ,clustered-n6-t100-o80-s10006,c2_verify_revise,64000,11,react_step,932,1649,50,stop,True,38069,31836,51.13206490222365
c2_verify_revise__clustered-n6-t100-o80-s10006__cap64000__Qwen-Qwen3-32B-AWQ,clustered-n6-t100-o80-s10006,c2_verify_revise,64000,12,react_step,1032,2806,10,stop,True,35338,31736,85.44180328026414
c2_verify_revise__clustered-n6-t100-o80-s10006__cap64000__Qwen-Qwen3-32B-AWQ,clustered-n6-t100-o80-s10006,c2_verify_revise,64000,13,react_step,1092,8536,19,stop,False,31430,31430,268.45051972195506
c2_verify_revise__clustered-n6-t100-o80-s10006__cap64000__Qwen-Qwen3-32B-AWQ,clustered-n6-t100-o80-s10006,c2_verify_revise,64000,14,react_step,1131,4622,5,stop,False,21744,21744,141.97364492993802
c2_verify_revise__clustered-n6-t100-o80-s10006__cap64000__Qwen-Qwen3-32B-AWQ,clustered-n6-t100-o80-s10006,c2_verify_revise,64000,15,verify,1242,1092,329,stop,False,15875,15875,43.2209333833307
c2_verify_revise__clustered-n6-t100-o80-s10006__cap64000__Qwen-Qwen3-32B-AWQ,clustered-n6-t100-o80-s10006,c2_verify_revise,64000,16,revise,1653,432,19,stop,False,12801,12801,14.544987492263317
c2_verify_revise__clustered-n6-t100-o80-s10006__cap64000__Qwen-Qwen3-32B-AWQ,clustered-n6-t100-o80-s10006,c2_verify_revise,64000,17,verify,1778,541,314,stop,False,10572,10572,26.768527834676206
c2_verify_revise__clustered-n6-t100-o80-s10006__cap64000__Qwen-Qwen3-32B-AWQ,clustered-n6-t100-o80-s10006,c2_verify_revise,64000,18,revise,2174,297,19,stop,False,7543,7543,10.926039316691458
c2_verify_revise__clustered-n6-t100-o80-s10006__cap64000__Qwen-Qwen3-32B-AWQ,clustered-n6-t100-o80-s10006,c2_verify_revise,64000,19,finalize,104,0,7,stop,False,7379,7379,0.29255003947764635
c2_verify_revise__clustered-n6-t100-o80-s10006__cap8000__Qwen-Qwen3-32B-AWQ,clustered-n6-t100-o80-s10006,c2_verify_revise,8000,0,react_step,225,1177,7,stop,False,7519,7519,36.35454491246492
c2_verify_revise__clustered-n6-t100-o80-s10006__cap8000__Qwen-Qwen3-32B-AWQ,clustered-n6-t100-o80-s10006,c2_verify_revise,8000,1,react_step,262,599,32,stop,False,6073,6073,19.246734218671918
c2_verify_revise__clustered-n6-t100-o80-s10006__cap8000__Qwen-Qwen3-32B-AWQ,clustered-n6-t100-o80-s10006,c2_verify_revise,8000,2,react_step,344,444,57,stop,False,5098,5098,15.294417258352041
c2_verify_revise__clustered-n6-t100-o80-s10006__cap8000__Qwen-Qwen3-32B-AWQ,clustered-n6-t100-o80-s10006,c2_verify_revise,8000,3,react_step,425,332,76,stop,False,4172,4172,12.814786919392645
c2_verify_revise__clustered-n6-t100-o80-s10006__cap8000__Qwen-Qwen3-32B-AWQ,clustered-n6-t100-o80-s10006,c2_verify_revise,8000,4,react_step,551,1357,68,stop,False,3213,3213,43.81369064375758
c2_verify_revise__clustered-n6-t100-o80-s10006__cap8000__Qwen-Qwen3-32B-AWQ,clustered-n6-t100-o80-s10006,c2_verify_revise,8000,5,react_step,645,410,10,stop,False,1143,1143,13.306104268878698
c2_verify_revise__clustered-n6-t100-o80-s10006__cap8000__Qwen-Qwen3-32B-AWQ,clustered-n6-t100-o80-s10006,c2_verify_revise,8000,6,react_step,705,18,0,length,False,18,18,1.213024502620101
c2_verify_revise__clustered-n6-t100-o80-s10006__cap8000__Qwen-Qwen3-32B-AWQ,clustered-n6-t100-o80-s10006,c2_verify_revise,8000,7,finalize,93,0,7,stop,False,163,163,0.27313034888356924
c2_verify_revise__clustered-n6-t20-o20-s10005__cap16000__Qwen-Qwen3-32B-AWQ,clustered-n6-t20-o20-s10005,c2_verify_revise,16000,0,react_step,225,1177,7,stop,False,15519,15519,35.98323165625334
c2_verify_revise__clustered-n6-t20-o20-s10005__cap16000__Qwen-Qwen3-32B-AWQ,clustered-n6-t20-o20-s10005,c2_verify_revise,16000,1,react_step,262,599,32,stop,False,14073,14073,19.836146800778806
c2_verify_revise__clustered-n6-t20-o20-s10005__cap16000__Qwen-Qwen3-32B-AWQ,clustered-n6-t20-o20-s10005,c2_verify_revise,16000,2,react_step,343,205,43,stop,False,13099,13099,7.627690087072551
c2_verify_revise__clustered-n6-t20-o20-s10005__cap16000__Qwen-Qwen3-32B-AWQ,clustered-n6-t20-o20-s10005,c2_verify_revise,16000,3,react_step,410,237,10,stop,False,12441,12441,7.644524434581399
c2_verify_revise__clustered-n6-t20-o20-s10005__cap16000__Qwen-Qwen3-32B-AWQ,clustered-n6-t20-o20-s10005,c2_verify_revise,16000,4,react_step,469,809,15,stop,False,11725,11725,25.81574735790491
c2_verify_revise__clustered-n6-t20-o20-s10005__cap16000__Qwen-Qwen3-32B-AWQ,clustered-n6-t20-o20-s10005,c2_verify_revise,16000,5,react_step,510,821,10,stop,False,10391,10391,25.621883851476014
c2_verify_revise__clustered-n6-t20-o20-s10005__cap16000__Qwen-Qwen3-32B-AWQ,clustered-n6-t20-o20-s10005,c2_verify_revise,16000,6,react_step,569,642,15,stop,False,8991,8991,20.604368546046317
c2_verify_revise__clustered-n6-t20-o20-s10005__cap16000__Qwen-Qwen3-32B-AWQ,clustered-n6-t20-o20-s10005,c2_verify_revise,16000,7,react_step,610,1778,34,stop,False,7724,7724,56.779958413913846
c2_verify_revise__clustered-n6-t20-o20-s10005__cap16000__Qwen-Qwen3-32B-AWQ,clustered-n6-t20-o20-s10005,c2_verify_revise,16000,8,react_step,693,1167,15,stop,False,5219,5219,36.73425127752125
c2_verify_revise__clustered-n6-t20-o20-s10005__cap16000__Qwen-Qwen3-32B-AWQ,clustered-n6-t20-o20-s10005,c2_verify_revise,16000,9,react_step,734,1198,10,stop,False,3303,3303,38.63196914084256
c2_verify_revise__clustered-n6-t20-o20-s10005__cap16000__Qwen-Qwen3-32B-AWQ,clustered-n6-t20-o20-s10005,c2_verify_revise,16000,10,react_step,793,1302,0,length,False,1302,1302,41.5947073251009
c2_verify_revise__clustered-n6-t20-o20-s10005__cap16000__Qwen-Qwen3-32B-AWQ,clustered-n6-t20-o20-s10005,c2_verify_revise,16000,11,finalize,93,0,7,stop,False,163,163,0.30812026374042034
c2_verify_revise__clustered-n6-t20-o20-s10005__cap32000__Qwen-Qwen3-32B-AWQ,clustered-n6-t20-o20-s10005,c2_verify_revise,32000,0,react_step,225,1177,7,stop,False,31519,31519,34.83780769724399
c2_verify_revise__clustered-n6-t20-o20-s10005__cap32000__Qwen-Qwen3-32B-AWQ,clustered-n6-t20-o20-s10005,c2_verify_revise,32000,1,react_step,262,599,32,stop,False,30073,30073,18.622899676673114
c2_verify_revise__clustered-n6-t20-o20-s10005__cap32000__Qwen-Qwen3-32B-AWQ,clustered-n6-t20-o20-s10005,c2_verify_revise,32000,2,react_step,343,205,43,stop,False,29099,29099,7.4756501615047455
c2_verify_revise__clustered-n6-t20-o20-s10005__cap32000__Qwen-Qwen3-32B-AWQ,clustered-n6-t20-o20-s10005,c2_verify_revise,32000,3,react_step,410,237,10,stop,False,28441,28441,7.48594157025218
c2_verify_revise__clustered-n6-t20-o20-s10005__cap32000__Qwen-Qwen3-32B-AWQ,clustered-n6-t20-o20-s10005,c2_verify_revise,32000,4,react_step,469,809,15,stop,False,27725,27725,24.45248629897833
c2_verify_revise__clustered-n6-t20-o20-s10005__cap32000__Qwen-Qwen3-32B-AWQ,clustered-n6-t20-o20-s10005,c2_verify_revise,32000,5,react_step,510,821,10,stop,False,26391,26391,24.69663790706545
c2_verify_revise__clustered-n6-t20-o20-s10005__cap32000__Qwen-Qwen3-32B-AWQ,clustered-n6-t20-o20-s10005,c2_verify_revise,32000,6,react_step,569,642,15,stop,False,24991,24991,19.627914831973612
c2_verify_revise__clustered-n6-t20-o20-s10005__cap32000__Qwen-Qwen3-32B-AWQ,clustered-n6-t20-o20-s10005,c2_verify_revise,32000,7,react_step,610,1778,34,stop,False,23724,23724,54.094486945308745
c2_verify_revise__clustered-n6-t20-o20-s10005__cap32000__Qwen-Qwen3-32B-AWQ,clustered-n6-t20-o20-s10005,c2_verify_revise,32000,8,react_step,693,1167,15,stop,False,21219,21219,35.36602481640875
c2_verify_revise__clustered-n6-t20-o20-s10005__cap32000__Qwen-Qwen3-32B-AWQ,clustered-n6-t20-o20-s10005,c2_verify_revise,32000,9,react_step,734,1198,10,stop,False,19303,19303,36.185084470547736
c2_verify_revise__clustered-n6-t20-o20-s10005__cap32000__Qwen-Qwen3-32B-AWQ,clustered-n6-t20-o20-s10005,c2_verify_revise,32000,10,react_step,793,1925,15,stop,False,17302,17302,58.246190102770925
c2_verify_revise__clustered-n6-t20-o20-s10005__cap32000__Qwen-Qwen3-32B-AWQ,clustered-n6-t20-o20-s10005,c2_verify_revise,32000,11,react_step,834,2122,46,stop,False,14528,14528,65.26148684229702
c2_verify_revise__clustered-n6-t20-o20-s10005__cap32000__Qwen-Qwen3-32B-AWQ,clustered-n6-t20-o20-s10005,c2_verify_revise,32000,12,react_step,900,1219,64,stop,False,11460,11460,38.642437546513975
c2_verify_revise__clustered-n6-t20-o20-s10005__cap32000__Qwen-Qwen3-32B-AWQ,clustered-n6-t20-o20-s10005,c2_verify_revise,32000,13,react_step,1013,657,15,stop,False,9164,9164,20.557681780308485
c2_verify_revise__clustered-n6-t20-o20-s10005__cap32000__Qwen-Qwen3-32B-AWQ,clustered-n6-t20-o20-s10005,c2_verify_revise,32000,14,react_step,1053,3878,64,stop,False,7439,7439,120.35057451482862
c2_verify_revise__clustered-n6-t20-o20-s10005__cap32000__Qwen-Qwen3-32B-AWQ,clustered-n6-t20-o20-s10005,c2_verify_revise,32000,15,react_step,1166,2331,0,length,False,2331,2331,70.88471608422697
c2_verify_revise__clustered-n6-t20-o20-s10005__cap32000__Qwen-Qwen3-32B-AWQ,clustered-n6-t20-o20-s10005,c2_verify_revise,32000,16,finalize,93,0,7,stop,False,163,163,0.2666290169581771
c2_verify_revise__clustered-n6-t20-o20-s10005__cap64000__Qwen-Qwen3-32B-AWQ,clustered-n6-t20-o20-s10005,c2_verify_revise,64000,0,react_step,225,1177,7,stop,True,63519,32543,34.75949687696993
c2_verify_revise__clustered-n6-t20-o20-s10005__cap64000__Qwen-Qwen3-32B-AWQ,clustered-n6-t20-o20-s10005,c2_verify_revise,64000,1,react_step,262,599,32,stop,True,62073,32506,18.579413671046495
c2_verify_revise__clustered-n6-t20-o20-s10005__cap64000__Qwen-Qwen3-32B-AWQ,clustered-n6-t20-o20-s10005,c2_verify_revise,64000,2,react_step,343,205,43,stop,True,61099,32425,7.461797473952174
c2_verify_revise__clustered-n6-t20-o20-s10005__cap64000__Qwen-Qwen3-32B-AWQ,clustered-n6-t20-o20-s10005,c2_verify_revise,64000,3,react_step,410,237,10,stop,True,60441,32358,7.4632548512890935
c2_verify_revise__clustered-n6-t20-o20-s10005__cap64000__Qwen-Qwen3-32B-AWQ,clustered-n6-t20-o20-s10005,c2_verify_revise,64000,4,react_step,469,809,15,stop,True,59725,32299,24.405054727569222
c2_verify_revise__clustered-n6-t20-o20-s10005__cap64000__Qwen-Qwen3-32B-AWQ,clustered-n6-t20-o20-s10005,c2_verify_revise,64000,5,react_step,510,821,10,stop,True,58391,32258,24.646576861850917
c2_verify_revise__clustered-n6-t20-o20-s10005__cap64000__Qwen-Qwen3-32B-AWQ,clustered-n6-t20-o20-s10005,c2_verify_revise,64000,6,react_step,569,642,15,stop,True,56991,32199,19.597904088906944
c2_verify_revise__clustered-n6-t20-o20-s10005__cap64000__Qwen-Qwen3-32B-AWQ,clustered-n6-t20-o20-s10005,c2_verify_revise,64000,7,react_step,610,1778,34,stop,True,55724,32158,53.996235840022564
c2_verify_revise__clustered-n6-t20-o20-s10005__cap64000__Qwen-Qwen3-32B-AWQ,clustered-n6-t20-o20-s10005,c2_verify_revise,64000,8,react_step,693,1167,15,stop,True,53219,32075,35.2803560635075
c2_verify_revise__clustered-n6-t20-o20-s10005__cap64000__Qwen-Qwen3-32B-AWQ,clustered-n6-t20-o20-s10005,c2_verify_revise,64000,9,react_step,734,1198,10,stop,True,51303,32034,36.11345975473523
c2_verify_revise__clustered-n6-t20-o20-s10005__cap64000__Qwen-Qwen3-32B-AWQ,clustered-n6-t20-o20-s10005,c2_verify_revise,64000,10,react_step,793,1925,15,stop,True,49302,31975,58.10605610720813
c2_verify_revise__clustered-n6-t20-o20-s10005__cap64000__Qwen-Qwen3-32B-AWQ,clustered-n6-t20-o20-s10005,c2_verify_revise,64000,11,react_step,834,2122,46,stop,True,46528,31934,65.12614809907973
c2_verify_revise__clustered-n6-t20-o20-s10005__cap64000__Qwen-Qwen3-32B-AWQ,clustered-n6-t20-o20-s10005,c2_verify_revise,64000,12,react_step,900,1219,64,stop,True,43460,31868,38.56107142474502
c2_verify_revise__clustered-n6-t20-o20-s10005__cap64000__Qwen-Qwen3-32B-AWQ,clustered-n6-t20-o20-s10005,c2_verify_revise,64000,13,react_step,1013,657,15,stop,True,41164,31755,20.501136164180934
c2_verify_revise__clustered-n6-t20-o20-s10005__cap64000__Qwen-Qwen3-32B-AWQ,clustered-n6-t20-o20-s10005,c2_verify_revise,64000,14,react_step,1053,3878,64,stop,True,39439,31715,120.07876808475703
c2_verify_revise__clustered-n6-t20-o20-s10005__cap64000__Qwen-Qwen3-32B-AWQ,clustered-n6-t20-o20-s10005,c2_verify_revise,64000,15,react_step,1166,2362,32,stop,True,34331,31602,72.63150151260197
c2_verify_revise__clustered-n6-t20-o20-s10005__cap64000__Qwen-Qwen3-32B-AWQ,clustered-n6-t20-o20-s10005,c2_verify_revise,64000,16,react_step,1218,4543,130,stop,False,30719,30719,143.39997760299593
c2_verify_revise__clustered-n6-t20-o20-s10005__cap64000__Qwen-Qwen3-32B-AWQ,clustered-n6-t20-o20-s10005,c2_verify_revise,64000,17,react_step,1374,3004,39,stop,False,24672,24672,92.87640615459532
c2_verify_revise__clustered-n6-t20-o20-s10005__cap64000__Qwen-Qwen3-32B-AWQ,clustered-n6-t20-o20-s10005,c2_verify_revise,64000,18,react_step,1433,1549,5,stop,False,20196,20196,47.47283596545458
c2_verify_revise__clustered-n6-t20-o20-s10005__cap64000__Qwen-Qwen3-32B-AWQ,clustered-n6-t20-o20-s10005,c2_verify_revise,64000,19,verify,1544,1283,468,stop,False,17098,17098,53.660614476539195
c2_verify_revise__clustered-n6-t20-o20-s10005__cap64000__Qwen-Qwen3-32B-AWQ,clustered-n6-t20-o20-s10005,c2_verify_revise,64000,20,revise,2094,597,39,stop,False,13253,13253,20.460159371607006
c2_verify_revise__clustered-n6-t20-o20-s10005__cap64000__Qwen-Qwen3-32B-AWQ,clustered-n6-t20-o20-s10005,c2_verify_revise,64000,21,verify,2239,681,577,stop,False,10378,10378,39.598597646690905
c2_verify_revise__clustered-n6-t20-o20-s10005__cap64000__Qwen-Qwen3-32B-AWQ,clustered-n6-t20-o20-s10005,c2_verify_revise,64000,22,revise,2898,241,39,stop,False,6222,6222,10.475883862935007
c2_verify_revise__clustered-n6-t20-o20-s10005__cap64000__Qwen-Qwen3-32B-AWQ,clustered-n6-t20-o20-s10005,c2_verify_revise,64000,23,finalize,124,0,90,stop,False,6074,6074,2.713108154013753
c2_verify_revise__clustered-n6-t20-o20-s10005__cap8000__Qwen-Qwen3-32B-AWQ,clustered-n6-t20-o20-s10005,c2_verify_revise,8000,0,react_step,225,1177,7,stop,False,7519,7519,34.80338621605188
c2_verify_revise__clustered-n6-t20-o20-s10005__cap8000__Qwen-Qwen3-32B-AWQ,clustered-n6-t20-o20-s10005,c2_verify_revise,8000,1,react_step,262,599,32,stop,False,6073,6073,18.607180249877274
c2_verify_revise__clustered-n6-t20-o20-s10005__cap8000__Qwen-Qwen3-32B-AWQ,clustered-n6-t20-o20-s10005,c2_verify_revise,8000,2,react_step,343,205,43,stop,False,5099,5099,7.475426910445094
c2_verify_revise__clustered-n6-t20-o20-s10005__cap8000__Qwen-Qwen3-32B-AWQ,clustered-n6-t20-o20-s10005,c2_verify_revise,8000,3,react_step,410,237,10,stop,False,4441,4441,7.48133444879204
c2_verify_revise__clustered-n6-t20-o20-s10005__cap8000__Qwen-Qwen3-32B-AWQ,clustered-n6-t20-o20-s10005,c2_verify_revise,8000,4,react_step,469,809,15,stop,False,3725,3725,24.44845201447606
c2_verify_revise__clustered-n6-t20-o20-s10005__cap8000__Qwen-Qwen3-32B-AWQ,clustered-n6-t20-o20-s10005,c2_verify_revise,8000,5,react_step,510,821,10,stop,False,2391,2391,24.697390870191157
c2_verify_revise__clustered-n6-t20-o20-s10005__cap8000__Qwen-Qwen3-32B-AWQ,clustered-n6-t20-o20-s10005,c2_verify_revise,8000,6,react_step,569,642,15,stop,False,991,991,19.61952679697424
c2_verify_revise__clustered-n6-t20-o20-s10005__cap8000__Qwen-Qwen3-32B-AWQ,clustered-n6-t20-o20-s10005,c2_verify_revise,8000,7,finalize,93,0,7,stop,False,497,497,0.2815478537231684
c2_verify_revise__clustered-n6-t20-o80-s10005__cap16000__Qwen-Qwen3-32B-AWQ,clustered-n6-t20-o80-s10005,c2_verify_revise,16000,0,react_step,225,1177,7,stop,False,15519,15519,34.8405557917431
c2_verify_revise__clustered-n6-t20-o80-s10005__cap16000__Qwen-Qwen3-32B-AWQ,clustered-n6-t20-o80-s10005,c2_verify_revise,16000,1,react_step,262,599,32,stop,False,14073,14073,18.62501158658415
c2_verify_revise__clustered-n6-t20-o80-s10005__cap16000__Qwen-Qwen3-32B-AWQ,clustered-n6-t20-o80-s10005,c2_verify_revise,16000,2,react_step,343,349,53,stop,False,13099,13099,11.978476773016155
c2_verify_revise__clustered-n6-t20-o80-s10005__cap16000__Qwen-Qwen3-32B-AWQ,clustered-n6-t20-o80-s10005,c2_verify_revise,16000,3,react_step,420,576,10,stop,False,12277,12277,17.41992441378534
c2_verify_revise__clustered-n6-t20-o80-s10005__cap16000__Qwen-Qwen3-32B-AWQ,clustered-n6-t20-o80-s10005,c2_verify_revise,16000,4,react_step,479,614,54,stop,False,11212,11212,19.873673575930297
c2_verify_revise__clustered-n6-t20-o80-s10005__cap16000__Qwen-Qwen3-32B-AWQ,clustered-n6-t20-o80-s10005,c2_verify_revise,16000,5,react_step,559,428,10,stop,False,9985,9985,13.189098192378879
c2_verify_revise__clustered-n6-t20-o80-s10005__cap16000__Qwen-Qwen3-32B-AWQ,clustered-n6-t20-o80-s10005,c2_verify_revise,16000,6,react_step,618,1452,10,stop,False,8929,8929,43.64226240478456
c2_verify_revise__clustered-n6-t20-o80-s10005__cap16000__Qwen-Qwen3-32B-AWQ,clustered-n6-t20-o80-s10005,c2_verify_revise,16000,7,react_step,677,1506,35,stop,False,6790,6790,46.069850959815085
c2_verify_revise__clustered-n6-t20-o80-s10005__cap16000__Qwen-Qwen3-32B-AWQ,clustered-n6-t20-o80-s10005,c2_verify_revise,16000,8,react_step,761,891,104,stop,False,4488,4488,29.87560081668198
c2_verify_revise__clustered-n6-t20-o80-s10005__cap16000__Qwen-Qwen3-32B-AWQ,clustered-n6-t20-o80-s10005,c2_verify_revise,16000,9,react_step,891,2602,0,length,False,2602,2602,78.61470582708716
c2_verify_revise__clustered-n6-t20-o80-s10005__cap16000__Qwen-Qwen3-32B-AWQ,clustered-n6-t20-o80-s10005,c2_verify_revise,16000,10,finalize,93,0,7,stop,False,163,163,0.2643043864518404
c2_verify_revise__clustered-n6-t20-o80-s10005__cap32000__Qwen-Qwen3-32B-AWQ,clustered-n6-t20-o80-s10005,c2_verify_revise,32000,0,react_step,225,1177,7,stop,False,31519,31519,34.85336288716644
c2_verify_revise__clustered-n6-t20-o80-s10005__cap32000__Qwen-Qwen3-32B-AWQ,clustered-n6-t20-o80-s10005,c2_verify_revise,32000,1,react_step,262,599,32,stop,False,30073,30073,18.624165991321206
c2_verify_revise__clustered-n6-t20-o80-s10005__cap32000__Qwen-Qwen3-32B-AWQ,clustered-n6-t20-o80-s10005,c2_verify_revise,32000,2,react_step,343,349,53,stop,False,29099,29099,11.977486724033952
c2_verify_revise__clustered-n6-t20-o80-s10005__cap32000__Qwen-Qwen3-32B-AWQ,clustered-n6-t20-o80-s10005,c2_verify_revise,32000,3,react_step,420,576,10,stop,False,28277,28277,17.40951067302376
c2_verify_revise__clustered-n6-t20-o80-s10005__cap32000__Qwen-Qwen3-32B-AWQ,clustered-n6-t20-o80-s10005,c2_verify_revise,32000,4,react_step,479,614,54,stop,False,27212,27212,19.864275535568595
c2_verify_revise__clustered-n6-t20-o80-s10005__cap32000__Qwen-Qwen3-32B-AWQ,clustered-n6-t20-o80-s10005,c2_verify_revise,32000,5,react_step,559,428,10,stop,False,25985,25985,13.184616445563734
c2_verify_revise__clustered-n6-t20-o80-s10005__cap32000__Qwen-Qwen3-32B-AWQ,clustered-n6-t20-o80-s10005,c2_verify_revise,32000,6,react_step,618,1452,10,stop,False,24929,24929,43.64747524447739
c2_verify_revise__clustered-n6-t20-o80-s10005__cap32000__Qwen-Qwen3-32B-AWQ,clustered-n6-t20-o80-s10005,c2_verify_revise,32000,7,react_step,677,1506,35,stop,False,22790,22790,46.07036959566176
c2_verify_revise__clustered-n6-t20-o80-s10005__cap32000__Qwen-Qwen3-32B-AWQ,clustered-n6-t20-o80-s10005,c2_verify_revise,32000,8,react_step,761,891,104,stop,False,20488,20488,29.885277620516717
c2_verify_revise__clustered-n6-t20-o80-s10005__cap32000__Qwen-Qwen3-32B-AWQ,clustered-n6-t20-o80-s10005,c2_verify_revise,32000,9,react_step,891,3692,54,stop,False,18602,18602,114.75520362425596
c2_verify_revise__clustered-n6-t20-o80-s10005__cap32000__Qwen-Qwen3-32B-AWQ,clustered-n6-t20-o80-s10005,c2_verify_revise,32000,10,react_step,971,3996,50,stop,False,13885,13885,123.40368014294654
c2_verify_revise__clustered-n6-t20-o80-s10005__cap32000__Qwen-Qwen3-32B-AWQ,clustered-n6-t20-o80-s10005,c2_verify_revise,32000,11,react_step,1047,5486,39,stop,False,8792,8792,170.20105494279414
c2_verify_revise__clustered-n6-t20-o80-s10005__cap32000__Qwen-Qwen3-32B-AWQ,clustered-n6-t20-o80-s10005,c2_verify_revise,32000,12,react_step,1106,1418,56,stop,False,2161,2161,44.65007939748466
c2_verify_revise__clustered-n6-t20-o80-s10005__cap32000__Qwen-Qwen3-32B-AWQ,clustered-n6-t20-o80-s10005,c2_verify_revise,32000,13,finalize,93,0,7,stop,False,850,850,0.2803819365799427
c2_verify_revise__clustered-n6-t20-o80-s10005__cap64000__Qwen-Qwen3-32B-AWQ,clustered-n6-t20-o80-s10005,c2_verify_revise,64000,0,react_step,225,1177,7,stop,True,63519,32543,34.755017205141485
c2_verify_revise__clustered-n6-t20-o80-s10005__cap64000__Qwen-Qwen3-32B-AWQ,clustered-n6-t20-o80-s10005,c2_verify_revise,64000,1,react_step,262,599,32,stop,True,62073,32506,18.575391015969217
c2_verify_revise__clustered-n6-t20-o80-s10005__cap64000__Qwen-Qwen3-32B-AWQ,clustered-n6-t20-o80-s10005,c2_verify_revise,64000,2,react_step,343,349,53,stop,True,61099,32425,11.948744046501815
c2_verify_revise__clustered-n6-t20-o80-s10005__cap64000__Qwen-Qwen3-32B-AWQ,clustered-n6-t20-o80-s10005,c2_verify_revise,64000,3,react_step,420,576,10,stop,True,60277,32348,17.37526589911431
c2_verify_revise__clustered-n6-t20-o80-s10005__cap64000__Qwen-Qwen3-32B-AWQ,clustered-n6-t20-o80-s10005,c2_verify_revise,64000,4,react_step,479,614,54,stop,True,59212,32289,19.812299132347107
c2_verify_revise__clustered-n6-t20-o80-s10005__cap64000__Qwen-Qwen3-32B-AWQ,clustered-n6-t20-o80-s10005,c2_verify_revise,64000,5,react_step,559,428,10,stop,True,57985,32209,13.150887124240398
c2_verify_revise__clustered-n6-t20-o80-s10005__cap64000__Qwen-Qwen3-32B-AWQ,clustered-n6-t20-o80-s10005,c2_verify_revise,64000,6,react_step,618,1452,10,stop,True,56929,32150,43.531759802252054
c2_verify_revise__clustered-n6-t20-o80-s10005__cap64000__Qwen-Qwen3-32B-AWQ,clustered-n6-t20-o80-s10005,c2_verify_revise,64000,7,react_step,677,1506,35,stop,True,54790,32091,45.948898281902075
c2_verify_revise__clustered-n6-t20-o80-s10005__cap64000__Qwen-Qwen3-32B-AWQ,clustered-n6-t20-o80-s10005,c2_verify_revise,64000,8,react_step,761,891,104,stop,True,52488,32007,29.810698432847857
c2_verify_revise__clustered-n6-t20-o80-s10005__cap64000__Qwen-Qwen3-32B-AWQ,clustered-n6-t20-o80-s10005,c2_verify_revise,64000,9,react_step,891,3692,54,stop,True,50602,31877,113.56601841934025
c2_verify_revise__clustered-n6-t20-o80-s10005__cap64000__Qwen-Qwen3-32B-AWQ,clustered-n6-t20-o80-s10005,c2_verify_revise,64000,10,react_step,971,3996,50,stop,True,45885,31797,123.12156153097749
c2_verify_revise__clustered-n6-t20-o80-s10005__cap64000__Qwen-Qwen3-32B-AWQ,clustered-n6-t20-o80-s10005,c2_verify_revise,64000,11,react_step,1047,5486,39,stop,True,40792,31721,169.77612018119544
c2_verify_revise__clustered-n6-t20-o80-s10005__cap64000__Qwen-Qwen3-32B-AWQ,clustered-n6-t20-o80-s10005,c2_verify_revise,64000,12,react_step,1106,1418,56,stop,True,34161,31662,44.55130950175226
c2_verify_revise__clustered-n6-t20-o80-s10005__cap64000__Qwen-Qwen3-32B-AWQ,clustered-n6-t20-o80-s10005,c2_verify_revise,64000,13,react_step,1188,4086,58,stop,False,31499,31499,126.70540840178728
c2_verify_revise__clustered-n6-t20-o80-s10005__cap64000__Qwen-Qwen3-32B-AWQ,clustered-n6-t20-o80-s10005,c2_verify_revise,64000,14,react_step,1272,1818,0,stop,False,26083,26083,55.249058209359646
c2_verify_revise__clustered-n6-t20-o80-s10005__cap64000__Qwen-Qwen3-32B-AWQ,clustered-n6-t20-o80-s10005,c2_verify_revise,64000,15,finalize,93,0,7,stop,False,24428,24428,0.2845821427181363
c2_verify_revise__clustered-n6-t20-o80-s10005__cap8000__Qwen-Qwen3-32B-AWQ,clustered-n6-t20-o80-s10005,c2_verify_revise,8000,0,react_step,225,1177,7,stop,False,7519,7519,34.811416670680046
c2_verify_revise__clustered-n6-t20-o80-s10005__cap8000__Qwen-Qwen3-32B-AWQ,clustered-n6-t20-o80-s10005,c2_verify_revise,8000,1,react_step,262,599,32,stop,False,6073,6073,18.609133139252663
c2_verify_revise__clustered-n6-t20-o80-s10005__cap8000__Qwen-Qwen3-32B-AWQ,clustered-n6-t20-o80-s10005,c2_verify_revise,8000,2,react_step,343,349,53,stop,False,5099,5099,11.966587472707033
c2_verify_revise__clustered-n6-t20-o80-s10005__cap8000__Qwen-Qwen3-32B-AWQ,clustered-n6-t20-o80-s10005,c2_verify_revise,8000,3,react_step,420,576,10,stop,False,4277,4277,17.402820515446365
c2_verify_revise__clustered-n6-t20-o80-s10005__cap8000__Qwen-Qwen3-32B-AWQ,clustered-n6-t20-o80-s10005,c2_verify_revise,8000,4,react_step,479,614,54,stop,False,3212,3212,19.853997678495944
c2_verify_revise__clustered-n6-t20-o80-s10005__cap8000__Qwen-Qwen3-32B-AWQ,clustered-n6-t20-o80-s10005,c2_verify_revise,8000,5,react_step,559,428,10,stop,False,1985,1985,13.175775026902556
c2_verify_revise__clustered-n6-t20-o80-s10005__cap8000__Qwen-Qwen3-32B-AWQ,clustered-n6-t20-o80-s10005,c2_verify_revise,8000,6,react_step,618,929,0,length,False,929,929,27.725760211236775
c2_verify_revise__clustered-n6-t20-o80-s10005__cap8000__Qwen-Qwen3-32B-AWQ,clustered-n6-t20-o80-s10005,c2_verify_revise,8000,7,finalize,93,0,7,stop,False,163,163,0.26646282337605953
c2_verify_revise__clustered-n6-t85-o20-s10005__cap16000__Qwen-Qwen3-32B-AWQ,clustered-n6-t85-o20-s10005,c2_verify_revise,16000,0,react_step,225,1177,7,stop,False,15519,15519,34.841638673096895
c2_verify_revise__clustered-n6-t85-o20-s10005__cap16000__Qwen-Qwen3-32B-AWQ,clustered-n6-t85-o20-s10005,c2_verify_revise,16000,1,react_step,262,599,32,stop,False,14073,14073,18.625836019404233
c2_verify_revise__clustered-n6-t85-o20-s10005__cap16000__Qwen-Qwen3-32B-AWQ,clustered-n6-t85-o20-s10005,c2_verify_revise,16000,2,react_step,344,658,28,stop,False,13098,13098,20.29522849805653
c2_verify_revise__clustered-n6-t85-o20-s10005__cap16000__Qwen-Qwen3-32B-AWQ,clustered-n6-t85-o20-s10005,c2_verify_revise,16000,3,react_step,422,370,29,stop,False,11990,11990,11.936483289115131
c2_verify_revise__clustered-n6-t85-o20-s10005__cap16000__Qwen-Qwen3-32B-AWQ,clustered-n6-t85-o20-s10005,c2_verify_revise,16000,4,react_step,501,319,28,stop,False,11090,11090,10.471297991462052
c2_verify_revise__clustered-n6-t85-o20-s10005__cap16000__Qwen-Qwen3-32B-AWQ,clustered-n6-t85-o20-s10005,c2_verify_revise,16000,5,react_step,579,1620,29,stop,False,10164,10164,49.190995045006275
c2_verify_revise__clustered-n6-t85-o20-s10005__cap16000__Qwen-Qwen3-32B-AWQ,clustered-n6-t85-o20-s10005,c2_verify_revise,16000,6,react_step,658,963,10,stop,False,7857,7857,29.08378702774644
c2_verify_revise__clustered-n6-t85-o20-s10005__cap16000__Qwen-Qwen3-32B-AWQ,clustered-n6-t85-o20-s10005,c2_verify_revise,16000,7,react_step,718,2277,97,stop,False,6166,6166,71.33653245307505
c2_verify_revise__clustered-n6-t85-o20-s10005__cap16000__Qwen-Qwen3-32B-AWQ,clustered-n6-t85-o20-s10005,c2_verify_revise,16000,8,react_step,835,884,43,stop,False,2957,2957,27.9501965418458
c2_verify_revise__clustered-n6-t85-o20-s10005__cap16000__Qwen-Qwen3-32B-AWQ,clustered-n6-t85-o20-s10005,c2_verify_revise,16000,9,react_step,902,1128,0,length,False,1128,1128,34.01232020370662
c2_verify_revise__clustered-n6-t85-o20-s10005__cap16000__Qwen-Qwen3-32B-AWQ,clustered-n6-t85-o20-s10005,c2_verify_revise,16000,10,finalize,93,0,7,stop,False,163,163,0.26339459139853716
c2_verify_revise__clustered-n6-t85-o20-s10005__cap32000__Qwen-Qwen3-32B-AWQ,clustered-n6-t85-o20-s10005,c2_verify_revise,32000,0,react_step,225,1177,7,stop,False,31519,31519,34.753501267172396
c2_verify_revise__clustered-n6-t85-o20-s10005__cap32000__Qwen-Qwen3-32B-AWQ,clustered-n6-t85-o20-s10005,c2_verify_revise,32000,1,react_step,262,599,32,stop,False,30073,30073,18.579578237608075
c2_verify_revise__clustered-n6-t85-o20-s10005__cap32000__Qwen-Qwen3-32B-AWQ,clustered-n6-t85-o20-s10005,c2_verify_revise,32000,2,react_step,344,658,28,stop,False,29098,29098,20.24657696019858
c2_verify_revise__clustered-n6-t85-o20-s10005__cap32000__Qwen-Qwen3-32B-AWQ,clustered-n6-t85-o20-s10005,c2_verify_revise,32000,3,react_step,422,370,29,stop,False,27990,27990,11.899511703290045
c2_verify_revise__clustered-n6-t85-o20-s10005__cap32000__Qwen-Qwen3-32B-AWQ,clustered-n6-t85-o20-s10005,c2_verify_revise,32000,4,react_step,501,319,28,stop,False,27090,27090,10.446369538083673
c2_verify_revise__clustered-n6-t85-o20-s10005__cap32000__Qwen-Qwen3-32B-AWQ,clustered-n6-t85-o20-s10005,c2_verify_revise,32000,5,react_step,579,1620,29,stop,False,26164,26164,49.07035298179835
c2_verify_revise__clustered-n6-t85-o20-s10005__cap32000__Qwen-Qwen3-32B-AWQ,clustered-n6-t85-o20-s10005,c2_verify_revise,32000,6,react_step,658,963,10,stop,False,23857,23857,29.028670938685536
c2_verify_revise__clustered-n6-t85-o20-s10005__cap32000__Qwen-Qwen3-32B-AWQ,clustered-n6-t85-o20-s10005,c2_verify_revise,32000,7,react_step,718,2277,97,stop,False,22166,22166,71.19278211239725
c2_verify_revise__clustered-n6-t85-o20-s10005__cap32000__Qwen-Qwen3-32B-AWQ,clustered-n6-t85-o20-s10005,c2_verify_revise,32000,8,react_step,835,884,43,stop,False,18957,18957,27.881432263180614
c2_verify_revise__clustered-n6-t85-o20-s10005__cap32000__Qwen-Qwen3-32B-AWQ,clustered-n6-t85-o20-s10005,c2_verify_revise,32000,9,react_step,902,1566,86,stop,False,17128,17128,49.581273841671646
c2_verify_revise__clustered-n6-t85-o20-s10005__cap32000__Qwen-Qwen3-32B-AWQ,clustered-n6-t85-o20-s10005,c2_verify_revise,32000,10,react_step,1014,1223,108,stop,False,14462,14462,40.11614967137575
c2_verify_revise__clustered-n6-t85-o20-s10005__cap32000__Qwen-Qwen3-32B-AWQ,clustered-n6-t85-o20-s10005,c2_verify_revise,32000,11,react_step,1148,4980,83,stop,False,11983,11983,155.44237508438528
c2_verify_revise__clustered-n6-t85-o20-s10005__cap32000__Qwen-Qwen3-32B-AWQ,clustered-n6-t85-o20-s10005,c2_verify_revise,32000,12,react_step,1251,2410,5,stop,False,5669,5669,74.43151933979243
c2_verify_revise__clustered-n6-t85-o20-s10005__cap32000__Qwen-Qwen3-32B-AWQ,clustered-n6-t85-o20-s10005,c2_verify_revise,32000,13,verify,1362,1506,386,length,False,1892,1892,58.28722516447306
c2_verify_revise__clustered-n6-t85-o20-s10005__cap32000__Qwen-Qwen3-32B-AWQ,clustered-n6-t85-o20-s10005,c2_verify_revise,32000,14,finalize,93,0,7,stop,False,163,163,0.27284260280430317
c2_verify_revise__clustered-n6-t85-o20-s10005__cap64000__Qwen-Qwen3-32B-AWQ,clustered-n6-t85-o20-s10005,c2_verify_revise,64000,0,react_step,225,1177,7,stop,True,63519,32543,34.82663544733077
c2_verify_revise__clustered-n6-t85-o20-s10005__cap64000__Qwen-Qwen3-32B-AWQ,clustered-n6-t85-o20-s10005,c2_verify_revise,64000,1,react_step,262,599,32,stop,True,62073,32506,18.617535268887877
c2_verify_revise__clustered-n6-t85-o20-s10005__cap64000__Qwen-Qwen3-32B-AWQ,clustered-n6-t85-o20-s10005,c2_verify_revise,64000,2,react_step,344,658,28,stop,True,61098,32424,20.294031593948603
c2_verify_revise__clustered-n6-t85-o20-s10005__cap64000__Qwen-Qwen3-32B-AWQ,clustered-n6-t85-o20-s10005,c2_verify_revise,64000,3,react_step,422,370,29,stop,True,59990,32346,11.932914623990655
c2_verify_revise__clustered-n6-t85-o20-s10005__cap64000__Qwen-Qwen3-32B-AWQ,clustered-n6-t85-o20-s10005,c2_verify_revise,64000,4,react_step,501,319,28,stop,True,59090,32267,10.467093283310533
c2_verify_revise__clustered-n6-t85-o20-s10005__cap64000__Qwen-Qwen3-32B-AWQ,clustered-n6-t85-o20-s10005,c2_verify_revise,64000,5,react_step,579,1620,29,stop,True,58164,32189,49.177440809085965
c2_verify_revise__clustered-n6-t85-o20-s10005__cap64000__Qwen-Qwen3-32B-AWQ,clustered-n6-t85-o20-s10005,c2_verify_revise,64000,6,react_step,658,963,10,stop,True,55857,32110,29.092079835943878
c2_verify_revise__clustered-n6-t85-o20-s10005__cap64000__Qwen-Qwen3-32B-AWQ,clustered-n6-t85-o20-s10005,c2_verify_revise,64000,7,react_step,718,2277,97,stop,True,54166,32050,71.3428575573489
c2_verify_revise__clustered-n6-t85-o20-s10005__cap64000__Qwen-Qwen3-32B-AWQ,clustered-n6-t85-o20-s10005,c2_verify_revise,64000,8,react_step,835,884,43,stop,True,50957,31933,27.951331201940775
c2_verify_revise__clustered-n6-t85-o20-s10005__cap64000__Qwen-Qwen3-32B-AWQ,clustered-n6-t85-o20-s10005,c2_verify_revise,64000,9,react_step,902,1566,86,stop,True,49128,31866,49.720533155836165
c2_verify_revise__clustered-n6-t85-o20-s10005__cap64000__Qwen-Qwen3-32B-AWQ,clustered-n6-t85-o20-s10005,c2_verify_revise,64000,10,react_step,1014,1223,108,stop,True,46462,31754,40.216912168078125
c2_verify_revise__clustered-n6-t85-o20-s10005__cap64000__Qwen-Qwen3-32B-AWQ,clustered-n6-t85-o20-s10005,c2_verify_revise,64000,11,react_step,1148,4980,83,stop,True,43983,31620,155.87204043008387
c2_verify_revise__clustered-n6-t85-o20-s10005__cap64000__Qwen-Qwen3-32B-AWQ,clustered-n6-t85-o20-s10005,c2_verify_revise,64000,12,react_step,1251,2410,5,stop,True,37669,31517,73.61525038536638
c2_verify_revise__clustered-n6-t85-o20-s10005__cap64000__Qwen-Qwen3-32B-AWQ,clustered-n6-t85-o20-s10005,c2_verify_revise,64000,13,verify,1362,1506,484,stop,True,33892,31406,60.80329162348062
c2_verify_revise__clustered-n6-t85-o20-s10005__cap64000__Qwen-Qwen3-32B-AWQ,clustered-n6-t85-o20-s10005,c2_verify_revise,64000,14,revise,1928,1832,47,stop,False,29974,29974,58.253597566857934
c2_verify_revise__clustered-n6-t85-o20-s10005__cap64000__Qwen-Qwen3-32B-AWQ,clustered-n6-t85-o20-s10005,c2_verify_revise,64000,15,verify,2081,1047,511,stop,False,26014,26014,48.646282529458404
c2_verify_revise__clustered-n6-t85-o20-s10005__cap64000__Qwen-Qwen3-32B-AWQ,clustered-n6-t85-o20-s10005,c2_verify_revise,64000,16,revise,2674,1166,47,stop,False,21782,21782,38.88453124836087
c2_verify_revise__clustered-n6-t85-o20-s10005__cap64000__Qwen-Qwen3-32B-AWQ,clustered-n6-t85-o20-s10005,c2_verify_revise,64000,17,finalize,93,0,7,stop,False,20732,20732,0.28329840023070574
c2_verify_revise__clustered-n6-t85-o20-s10005__cap8000__Qwen-Qwen3-32B-AWQ,clustered-n6-t85-o20-s10005,c2_verify_revise,8000,0,react_step,225,1177,7,stop,False,7519,7519,34.81456404644996
c2_verify_revise__clustered-n6-t85-o20-s10005__cap8000__Qwen-Qwen3-32B-AWQ,clustered-n6-t85-o20-s10005,c2_verify_revise,8000,1,react_step,262,599,32,stop,False,6073,6073,18.612916371785104
c2_verify_revise__clustered-n6-t85-o20-s10005__cap8000__Qwen-Qwen3-32B-AWQ,clustered-n6-t85-o20-s10005,c2_verify_revise,8000,2,react_step,344,658,28,stop,False,5098,5098,20.284253584221005
c2_verify_revise__clustered-n6-t85-o20-s10005__cap8000__Qwen-Qwen3-32B-AWQ,clustered-n6-t85-o20-s10005,c2_verify_revise,8000,3,react_step,422,370,29,stop,False,3990,3990,11.925071912817657
c2_verify_revise__clustered-n6-t85-o20-s10005__cap8000__Qwen-Qwen3-32B-AWQ,clustered-n6-t85-o20-s10005,c2_verify_revise,8000,4,react_step,501,319,28,stop,False,3090,3090,10.470905077643692
c2_verify_revise__clustered-n6-t85-o20-s10005__cap8000__Qwen-Qwen3-32B-AWQ,clustered-n6-t85-o20-s10005,c2_verify_revise,8000,5,react_step,579,1620,29,stop,False,2164,2164,50.78362359944731
c2_verify_revise__clustered-n6-t85-o20-s10005__cap8000__Qwen-Qwen3-32B-AWQ,clustered-n6-t85-o20-s10005,c2_verify_revise,8000,6,finalize,93,0,7,stop,False,678,678,0.28949259873479605
c2_verify_revise__clustered-n8-t100-o20-s10005__cap16000__Qwen-Qwen3-32B-AWQ,clustered-n8-t100-o20-s10005,c2_verify_revise,16000,0,react_step,225,1177,7,stop,False,15519,15519,34.832241078838706
c2_verify_revise__clustered-n8-t100-o20-s10005__cap16000__Qwen-Qwen3-32B-AWQ,clustered-n8-t100-o20-s10005,c2_verify_revise,16000,1,react_step,268,1172,10,stop,False,14067,14067,34.84626749716699
c2_verify_revise__clustered-n8-t100-o20-s10005__cap16000__Qwen-Qwen3-32B-AWQ,clustered-n8-t100-o20-s10005,c2_verify_revise,16000,2,react_step,328,665,13,stop,False,12557,12557,20.048209629952908
c2_verify_revise__clustered-n8-t100-o20-s10005__cap16000__Qwen-Qwen3-32B-AWQ,clustered-n8-t100-o20-s10005,c2_verify_revise,16000,3,react_step,365,676,10,stop,False,11514,11514,20.307096984237432
c2_verify_revise__clustered-n8-t100-o20-s10005__cap16000__Qwen-Qwen3-32B-AWQ,clustered-n8-t100-o20-s10005,c2_verify_revise,16000,4,react_step,425,1134,13,stop,False,10403,10403,33.98089311365038
c2_verify_revise__clustered-n8-t100-o20-s10005__cap16000__Qwen-Qwen3-32B-AWQ,clustered-n8-t100-o20-s10005,c2_verify_revise,16000,5,react_step,462,1096,15,stop,False,8794,8794,32.96960206609219
c2_verify_revise__clustered-n8-t100-o20-s10005__cap16000__Qwen-Qwen3-32B-AWQ,clustered-n8-t100-o20-s10005,c2_verify_revise,16000,6,react_step,503,982,41,stop,False,7180,7180,30.398912358097732
c2_verify_revise__clustered-n8-t100-o20-s10005__cap16000__Qwen-Qwen3-32B-AWQ,clustered-n8-t100-o20-s10005,c2_verify_revise,16000,7,react_step,593,939,13,stop,False,5564,5564,28.402073642238975
c2_verify_revise__clustered-n8-t100-o20-s10005__cap16000__Qwen-Qwen3-32B-AWQ,clustered-n8-t100-o20-s10005,c2_verify_revise,16000,8,react_step,630,564,15,stop,False,3982,3982,17.38583913538605
c2_verify_revise__clustered-n8-t100-o20-s10005__cap16000__Qwen-Qwen3-32B-AWQ,clustered-n8-t100-o20-s10005,c2_verify_revise,16000,9,react_step,671,1052,43,stop,False,2732,2732,32.739216554909945
c2_verify_revise__clustered-n8-t100-o20-s10005__cap16000__Qwen-Qwen3-32B-AWQ,clustered-n8-t100-o20-s10005,c2_verify_revise,16000,10,react_step,764,873,0,length,False,873,873,26.248926035128534
c2_verify_revise__clustered-n8-t100-o20-s10005__cap16000__Qwen-Qwen3-32B-AWQ,clustered-n8-t100-o20-s10005,c2_verify_revise,16000,11,finalize,93,0,7,stop,False,163,163,0.26543614361435175
c2_verify_revise__clustered-n8-t100-o20-s10005__cap32000__Qwen-Qwen3-32B-AWQ,clustered-n8-t100-o20-s10005,c2_verify_revise,32000,0,react_step,225,1177,7,stop,False,31519,31519,34.77431611623615
c2_verify_revise__clustered-n8-t100-o20-s10005__cap32000__Qwen-Qwen3-32B-AWQ,clustered-n8-t100-o20-s10005,c2_verify_revise,32000,1,react_step,268,1172,10,stop,False,30067,30067,34.792414631694555
c2_verify_revise__clustered-n8-t100-o20-s10005__cap32000__Qwen-Qwen3-32B-AWQ,clustered-n8-t100-o20-s10005,c2_verify_revise,32000,2,react_step,328,665,13,stop,False,28557,28557,20.020896195434034
c2_verify_revise__clustered-n8-t100-o20-s10005__cap32000__Qwen-Qwen3-32B-AWQ,clustered-n8-t100-o20-s10005,c2_verify_revise,32000,3,react_step,365,676,10,stop,False,27514,27514,20.26942654978484
c2_verify_revise__clustered-n8-t100-o20-s10005__cap32000__Qwen-Qwen3-32B-AWQ,clustered-n8-t100-o20-s10005,c2_verify_revise,32000,4,react_step,425,1134,13,stop,False,26403,26403,34.7385587580502
c2_verify_revise__clustered-n8-t100-o20-s10005__cap32000__Qwen-Qwen3-32B-AWQ,clustered-n8-t100-o20-s10005,c2_verify_revise,32000,5,react_step,462,1096,15,stop,False,24794,24794,33.63571262359619
c2_verify_revise__clustered-n8-t100-o20-s10005__cap32000__Qwen-Qwen3-32B-AWQ,clustered-n8-t100-o20-s10005,c2_verify_revise,32000,6,react_step,503,982,41,stop,False,23180,23180,30.403591536916792
c2_verify_revise__clustered-n8-t100-o20-s10005__cap32000__Qwen-Qwen3-32B-AWQ,clustered-n8-t100-o20-s10005,c2_verify_revise,32000,7,react_step,593,939,13,stop,False,21564,21564,28.347806865349412
c2_verify_revise__clustered-n8-t100-o20-s10005__cap32000__Qwen-Qwen3-32B-AWQ,clustered-n8-t100-o20-s10005,c2_verify_revise,32000,8,react_step,630,564,15,stop,False,19982,19982,17.34730484895408
c2_verify_revise__clustered-n8-t100-o20-s10005__cap32000__Qwen-Qwen3-32B-AWQ,clustered-n8-t100-o20-s10005,c2_verify_revise,32000,9,react_step,671,1052,43,stop,False,18732,18732,32.65398920048028
c2_verify_revise__clustered-n8-t100-o20-s10005__cap32000__Qwen-Qwen3-32B-AWQ,clustered-n8-t100-o20-s10005,c2_verify_revise,32000,10,react_step,764,1079,13,stop,False,16873,16873,32.680901719257236
c2_verify_revise__clustered-n8-t100-o20-s10005__cap32000__Qwen-Qwen3-32B-AWQ,clustered-n8-t100-o20-s10005,c2_verify_revise,32000,11,react_step,801,1501,43,stop,False,14980,14980,46.208094160072505
c2_verify_revise__clustered-n8-t100-o20-s10005__cap32000__Qwen-Qwen3-32B-AWQ,clustered-n8-t100-o20-s10005,c2_verify_revise,32000,12,react_step,894,1113,13,stop,False,12542,12542,33.86146874073893
c2_verify_revise__clustered-n8-t100-o20-s10005__cap32000__Qwen-Qwen3-32B-AWQ,clustered-n8-t100-o20-s10005,c2_verify_revise,32000,13,react_step,931,890,10,stop,False,10485,10485,27.17390331160277
c2_verify_revise__clustered-n8-t100-o20-s10005__cap32000__Qwen-Qwen3-32B-AWQ,clustered-n8-t100-o20-s10005,c2_verify_revise,32000,14,react_step,989,713,10,stop,False,8596,8596,21.97578349430114
c2_verify_revise__clustered-n8-t100-o20-s10005__cap32000__Qwen-Qwen3-32B-AWQ,clustered-n8-t100-o20-s10005,c2_verify_revise,32000,15,react_step,1049,1471,13,stop,False,6824,6824,44.77116499375552
c2_verify_revise__clustered-n8-t100-o20-s10005__cap32000__Qwen-Qwen3-32B-AWQ,clustered-n8-t100-o20-s10005,c2_verify_revise,32000,16,react_step,1086,4254,0,length,False,4254,4254,130.9716476565227
c2_verify_revise__clustered-n8-t100-o20-s10005__cap32000__Qwen-Qwen3-32B-AWQ,clustered-n8-t100-o20-s10005,c2_verify_revise,32000,17,finalize,93,0,7,stop,False,163,163,0.2645900044590235
c2_verify_revise__clustered-n8-t100-o20-s10005__cap64000__Qwen-Qwen3-32B-AWQ,clustered-n8-t100-o20-s10005,c2_verify_revise,64000,0,react_step,225,1177,7,stop,True,63519,32543,34.80917670857161
c2_verify_revise__clustered-n8-t100-o20-s10005__cap64000__Qwen-Qwen3-32B-AWQ,clustered-n8-t100-o20-s10005,c2_verify_revise,64000,1,react_step,268,1172,10,stop,True,62067,32500,34.8386564636603
c2_verify_revise__clustered-n8-t100-o20-s10005__cap64000__Qwen-Qwen3-32B-AWQ,clustered-n8-t100-o20-s10005,c2_verify_revise,64000,2,react_step,328,665,13,stop,True,60557,32440,20.04167506378144
c2_verify_revise__clustered-n8-t100-o20-s10005__cap64000__Qwen-Qwen3-32B-AWQ,clustered-n8-t100-o20-s10005,c2_verify_revise,64000,3,react_step,365,676,10,stop,True,59514,32403,20.296062042936683
c2_verify_revise__clustered-n8-t100-o20-s10005__cap64000__Qwen-Qwen3-32B-AWQ,clustered-n8-t100-o20-s10005,c2_verify_revise,64000,4,react_step,425,1134,13,stop,True,58403,32343,33.975407131016254
c2_verify_revise__clustered-n8-t100-o20-s10005__cap64000__Qwen-Qwen3-32B-AWQ,clustered-n8-t100-o20-s10005,c2_verify_revise,64000,5,react_step,462,1096,15,stop,True,56794,32306,32.94647351279855
c2_verify_revise__clustered-n8-t100-o20-s10005__cap64000__Qwen-Qwen3-32B-AWQ,clustered-n8-t100-o20-s10005,c2_verify_revise,64000,6,react_step,503,982,41,stop,True,55180,32265,30.37992417998612
c2_verify_revise__clustered-n8-t100-o20-s10005__cap64000__Qwen-Qwen3-32B-AWQ,clustered-n8-t100-o20-s10005,c2_verify_revise,64000,7,react_step,593,939,13,stop,True,53564,32175,28.39099328778684
c2_verify_revise__clustered-n8-t100-o20-s10005__cap64000__Qwen-Qwen3-32B-AWQ,clustered-n8-t100-o20-s10005,c2_verify_revise,64000,8,react_step,630,564,15,stop,True,51982,32138,17.372401957400143
c2_verify_revise__clustered-n8-t100-o20-s10005__cap64000__Qwen-Qwen3-32B-AWQ,clustered-n8-t100-o20-s10005,c2_verify_revise,64000,9,react_step,671,1052,43,stop,True,50732,32097,32.72756927926093
c2_verify_revise__clustered-n8-t100-o20-s10005__cap64000__Qwen-Qwen3-32B-AWQ,clustered-n8-t100-o20-s10005,c2_verify_revise,64000,10,react_step,764,1079,13,stop,True,48873,32004,32.7425651056692
c2_verify_revise__clustered-n8-t100-o20-s10005__cap64000__Qwen-Qwen3-32B-AWQ,clustered-n8-t100-o20-s10005,c2_verify_revise,64000,11,react_step,801,1501,43,stop,True,46980,31967,46.302588041871786
c2_verify_revise__clustered-n8-t100-o20-s10005__cap64000__Qwen-Qwen3-32B-AWQ,clustered-n8-t100-o20-s10005,c2_verify_revise,64000,12,react_step,894,1113,13,stop,True,44542,31874,33.922719896771014
c2_verify_revise__clustered-n8-t100-o20-s10005__cap64000__Qwen-Qwen3-32B-AWQ,clustered-n8-t100-o20-s10005,c2_verify_revise,64000,13,react_step,931,890,10,stop,True,42485,31837,27.237988963723183
c2_verify_revise__clustered-n8-t100-o20-s10005__cap64000__Qwen-Qwen3-32B-AWQ,clustered-n8-t100-o20-s10005,c2_verify_revise,64000,14,react_step,989,713,10,stop,True,40596,31779,22.018702584318817
c2_verify_revise__clustered-n8-t100-o20-s10005__cap64000__Qwen-Qwen3-32B-AWQ,clustered-n8-t100-o20-s10005,c2_verify_revise,64000,15,react_step,1049,1471,13,stop,True,38824,31719,44.84114039968699
c2_verify_revise__clustered-n8-t100-o20-s10005__cap64000__Qwen-Qwen3-32B-AWQ,clustered-n8-t100-o20-s10005,c2_verify_revise,64000,16,react_step,1086,14135,32,stop,True,36254,31682,458.90336128044873
c2_verify_revise__clustered-n8-t100-o20-s10005__cap64000__Qwen-Qwen3-32B-AWQ,clustered-n8-t100-o20-s10005,c2_verify_revise,64000,17,react_step,1138,1609,44,stop,False,20949,20949,50.09432500042021
c2_verify_revise__clustered-n8-t100-o20-s10005__cap64000__Qwen-Qwen3-32B-AWQ,clustered-n8-t100-o20-s10005,c2_verify_revise,64000,18,react_step,1232,7010,32,stop,False,18064,18064,219.41133525129408
c2_verify_revise__clustered-n8-t100-o20-s10005__cap64000__Qwen-Qwen3-32B-AWQ,clustered-n8-t100-o20-s10005,c2_verify_revise,64000,19,react_step,1284,4063,420,stop,False,9738,9738,137.89263968914747
c2_verify_revise__clustered-n8-t100-o20-s10005__cap64000__Qwen-Qwen3-32B-AWQ,clustered-n8-t100-o20-s10005,c2_verify_revise,64000,20,react_step,1729,702,263,stop,False,3526,3526,30.042735773138702
c2_verify_revise__clustered-n8-t100-o20-s10005__cap64000__Qwen-Qwen3-32B-AWQ,clustered-n8-t100-o20-s10005,c2_verify_revise,64000,21,react_step,2012,549,0,length,False,549,549,17.767059111967683
c2_verify_revise__clustered-n8-t100-o20-s10005__cap64000__Qwen-Qwen3-32B-AWQ,clustered-n8-t100-o20-s10005,c2_verify_revise,64000,22,finalize,117,0,73,stop,False,139,139,2.2055043121799827
c2_verify_revise__clustered-n8-t100-o20-s10005__cap8000__Qwen-Qwen3-32B-AWQ,clustered-n8-t100-o20-s10005,c2_verify_revise,8000,0,react_step,225,1177,7,stop,False,7519,7519,36.473572990857065
c2_verify_revise__clustered-n8-t100-o20-s10005__cap8000__Qwen-Qwen3-32B-AWQ,clustered-n8-t100-o20-s10005,c2_verify_revise,8000,1,react_step,268,1172,10,stop,False,6067,6067,36.5814662873745
c2_verify_revise__clustered-n8-t100-o20-s10005__cap8000__Qwen-Qwen3-32B-AWQ,clustered-n8-t100-o20-s10005,c2_verify_revise,8000,2,react_step,328,665,13,stop,False,4557,4557,20.837428907863796
c2_verify_revise__clustered-n8-t100-o20-s10005__cap8000__Qwen-Qwen3-32B-AWQ,clustered-n8-t100-o20-s10005,c2_verify_revise,8000,3,react_step,365,676,10,stop,False,3514,3514,20.962370483204722
c2_verify_revise__clustered-n8-t100-o20-s10005__cap8000__Qwen-Qwen3-32B-AWQ,clustered-n8-t100-o20-s10005,c2_verify_revise,8000,4,react_step,425,1134,13,stop,False,2403,2403,35.336116049438715
c2_verify_revise__clustered-n8-t100-o20-s10005__cap8000__Qwen-Qwen3-32B-AWQ,clustered-n8-t100-o20-s10005,c2_verify_revise,8000,5,react_step,462,794,0,length,False,794,794,24.690115278586745
c2_verify_revise__clustered-n8-t100-o20-s10005__cap8000__Qwen-Qwen3-32B-AWQ,clustered-n8-t100-o20-s10005,c2_verify_revise,8000,6,finalize,93,0,7,stop,False,163,163,0.275085031054914
c2_verify_revise__clustered-n8-t100-o80-s10005__cap16000__Qwen-Qwen3-32B-AWQ,clustered-n8-t100-o80-s10005,c2_verify_revise,16000,0,react_step,225,1177,7,stop,False,15519,15519,34.827119352295995
c2_verify_revise__clustered-n8-t100-o80-s10005__cap16000__Qwen-Qwen3-32B-AWQ,clustered-n8-t100-o80-s10005,c2_verify_revise,16000,1,react_step,268,1172,10,stop,False,14067,14067,34.84428835939616
c2_verify_revise__clustered-n8-t100-o80-s10005__cap16000__Qwen-Qwen3-32B-AWQ,clustered-n8-t100-o80-s10005,c2_verify_revise,16000,2,react_step,328,295,13,stop,False,12557,12557,9.225237865932286
c2_verify_revise__clustered-n8-t100-o80-s10005__cap16000__Qwen-Qwen3-32B-AWQ,clustered-n8-t100-o80-s10005,c2_verify_revise,16000,3,react_step,365,554,66,stop,False,11884,11884,18.37019469588995
c2_verify_revise__clustered-n8-t100-o80-s10005__cap16000__Qwen-Qwen3-32B-AWQ,clustered-n8-t100-o80-s10005,c2_verify_revise,16000,4,react_step,481,462,13,stop,False,10783,10783,14.204677880741656
c2_verify_revise__clustered-n8-t100-o80-s10005__cap16000__Qwen-Qwen3-32B-AWQ,clustered-n8-t100-o80-s10005,c2_verify_revise,16000,5,react_step,518,621,107,stop,False,9790,9790,21.678271494805813
c2_verify_revise__clustered-n8-t100-o80-s10005__cap16000__Qwen-Qwen3-32B-AWQ,clustered-n8-t100-o80-s10005,c2_verify_revise,16000,6,react_step,651,820,54,stop,False,8411,8411,26.151237616315484
c2_verify_revise__clustered-n8-t100-o80-s10005__cap16000__Qwen-Qwen3-32B-AWQ,clustered-n8-t100-o80-s10005,c2_verify_revise,16000,7,react_step,755,585,13,stop,False,6782,6782,18.0638271830976
c2_verify_revise__clustered-n8-t100-o80-s10005__cap16000__Qwen-Qwen3-32B-AWQ,clustered-n8-t100-o80-s10005,c2_verify_revise,16000,8,react_step,792,2091,15,stop,False,5392,5392,63.305679622106254
c2_verify_revise__clustered-n8-t100-o80-s10005__cap16000__Qwen-Qwen3-32B-AWQ,clustered-n8-t100-o80-s10005,c2_verify_revise,16000,9,react_step,833,2453,0,length,False,2453,2453,73.97986815590411
c2_verify_revise__clustered-n8-t100-o80-s10005__cap16000__Qwen-Qwen3-32B-AWQ,clustered-n8-t100-o80-s10005,c2_verify_revise,16000,10,finalize,93,0,7,stop,False,163,163,0.26280447747558355
c2_verify_revise__clustered-n8-t100-o80-s10005__cap32000__Qwen-Qwen3-32B-AWQ,clustered-n8-t100-o80-s10005,c2_verify_revise,32000,0,react_step,225,1177,7,stop,False,31519,31519,34.78721118345857
c2_verify_revise__clustered-n8-t100-o80-s10005__cap32000__Qwen-Qwen3-32B-AWQ,clustered-n8-t100-o80-s10005,c2_verify_revise,32000,1,react_step,268,1172,10,stop,False,30067,30067,34.77754921093583
c2_verify_revise__clustered-n8-t100-o80-s10005__cap32000__Qwen-Qwen3-32B-AWQ,clustered-n8-t100-o80-s10005,c2_verify_revise,32000,2,react_step,328,295,13,stop,False,28557,28557,9.205559242516756
c2_verify_revise__clustered-n8-t100-o80-s10005__cap32000__Qwen-Qwen3-32B-AWQ,clustered-n8-t100-o80-s10005,c2_verify_revise,32000,3,react_step,365,554,66,stop,False,27884,27884,18.33093832153827
c2_verify_revise__clustered-n8-t100-o80-s10005__cap32000__Qwen-Qwen3-32B-AWQ,clustered-n8-t100-o80-s10005,c2_verify_revise,32000,4,react_step,481,462,13,stop,False,26783,26783,14.177782441489398
c2_verify_revise__clustered-n8-t100-o80-s10005__cap32000__Qwen-Qwen3-32B-AWQ,clustered-n8-t100-o80-s10005,c2_verify_revise,32000,5,react_step,518,621,107,stop,False,25790,25790,21.631544917821884
c2_verify_revise__clustered-n8-t100-o80-s10005__cap32000__Qwen-Qwen3-32B-AWQ,clustered-n8-t100-o80-s10005,c2_verify_revise,32000,6,react_step,651,820,54,stop,False,24411,24411,26.083476362749934
c2_verify_revise__clustered-n8-t100-o80-s10005__cap32000__Qwen-Qwen3-32B-AWQ,clustered-n8-t100-o80-s10005,c2_verify_revise,32000,7,react_step,755,585,13,stop,False,22782,22782,18.01590504311025
c2_verify_revise__clustered-n8-t100-o80-s10005__cap32000__Qwen-Qwen3-32B-AWQ,clustered-n8-t100-o80-s10005,c2_verify_revise,32000,8,react_step,792,2091,15,stop,False,21392,21392,63.15078645013273
c2_verify_revise__clustered-n8-t100-o80-s10005__cap32000__Qwen-Qwen3-32B-AWQ,clustered-n8-t100-o80-s10005,c2_verify_revise,32000,9,react_step,833,2455,109,stop,False,18453,18453,78.26295782253146
c2_verify_revise__clustered-n8-t100-o80-s10005__cap32000__Qwen-Qwen3-32B-AWQ,clustered-n8-t100-o80-s10005,c2_verify_revise,32000,10,react_step,992,1924,10,stop,False,14897,14897,58.29012943338603
c2_verify_revise__clustered-n8-t100-o80-s10005__cap32000__Qwen-Qwen3-32B-AWQ,clustered-n8-t100-o80-s10005,c2_verify_revise,32000,11,react_step,1052,1587,10,stop,False,11911,11911,48.146829603239894
c2_verify_revise__clustered-n8-t100-o80-s10005__cap32000__Qwen-Qwen3-32B-AWQ,clustered-n8-t100-o80-s10005,c2_verify_revise,32000,12,react_step,1112,415,15,stop,False,9202,9202,13.417622435837984
c2_verify_revise__clustered-n8-t100-o80-s10005__cap32000__Qwen-Qwen3-32B-AWQ,clustered-n8-t100-o80-s10005,c2_verify_revise,32000,13,react_step,1153,3094,60,stop,False,7619,7619,95.85172196477652
c2_verify_revise__clustered-n8-t100-o80-s10005__cap32000__Qwen-Qwen3-32B-AWQ,clustered-n8-t100-o80-s10005,c2_verify_revise,32000,14,react_step,1237,3228,0,length,False,3228,3228,98.3439130121842
c2_verify_revise__clustered-n8-t100-o80-s10005__cap32000__Qwen-Qwen3-32B-AWQ,clustered-n8-t100-o80-s10005,c2_verify_revise,32000,15,finalize,93,0,7,stop,False,163,163,0.26408354844897985
c2_verify_revise__clustered-n8-t100-o80-s10005__cap64000__Qwen-Qwen3-32B-AWQ,clustered-n8-t100-o80-s10005,c2_verify_revise,64000,0,react_step,225,1177,7,stop,True,63519,32543,34.818812440149486
c2_verify_revise__clustered-n8-t100-o80-s10005__cap64000__Qwen-Qwen3-32B-AWQ,clustered-n8-t100-o80-s10005,c2_verify_revise,64000,1,react_step,268,1172,10,stop,True,62067,32500,34.83717317972332
c2_verify_revise__clustered-n8-t100-o80-s10005__cap64000__Qwen-Qwen3-32B-AWQ,clustered-n8-t100-o80-s10005,c2_verify_revise,64000,2,react_step,328,295,13,stop,True,60557,32440,9.219389505684376
c2_verify_revise__clustered-n8-t100-o80-s10005__cap64000__Qwen-Qwen3-32B-AWQ,clustered-n8-t100-o80-s10005,c2_verify_revise,64000,3,react_step,365,554,66,stop,True,59884,32403,18.364281450398266
c2_verify_revise__clustered-n8-t100-o80-s10005__cap64000__Qwen-Qwen3-32B-AWQ,clustered-n8-t100-o80-s10005,c2_verify_revise,64000,4,react_step,481,462,13,stop,True,58783,32287,14.20183923933655
c2_verify_revise__clustered-n8-t100-o80-s10005__cap64000__Qwen-Qwen3-32B-AWQ,clustered-n8-t100-o80-s10005,c2_verify_revise,64000,5,react_step,518,621,107,stop,True,57790,32250,21.67643321119249
c2_verify_revise__clustered-n8-t100-o80-s10005__cap64000__Qwen-Qwen3-32B-AWQ,clustered-n8-t100-o80-s10005,c2_verify_revise,64000,6,react_step,651,820,54,stop,True,56411,32117,26.11871143616736
c2_verify_revise__clustered-n8-t100-o80-s10005__cap64000__Qwen-Qwen3-32B-AWQ,clustered-n8-t100-o80-s10005,c2_verify_revise,64000,7,react_step,755,585,13,stop,True,54782,32013,18.060944094322622
c2_verify_revise__clustered-n8-t100-o80-s10005__cap64000__Qwen-Qwen3-32B-AWQ,clustered-n8-t100-o80-s10005,c2_verify_revise,64000,8,react_step,792,2091,15,stop,True,53392,31976,63.249772866256535
c2_verify_revise__clustered-n8-t100-o80-s10005__cap64000__Qwen-Qwen3-32B-AWQ,clustered-n8-t100-o80-s10005,c2_verify_revise,64000,9,react_step,833,2455,109,stop,True,50453,31935,77.30139591731131
c2_verify_revise__clustered-n8-t100-o80-s10005__cap64000__Qwen-Qwen3-32B-AWQ,clustered-n8-t100-o80-s10005,c2_verify_revise,64000,10,react_step,992,1924,10,stop,True,46897,31776,58.39229020290077
c2_verify_revise__clustered-n8-t100-o80-s10005__cap64000__Qwen-Qwen3-32B-AWQ,clustered-n8-t100-o80-s10005,c2_verify_revise,64000,11,react_step,1052,1587,10,stop,True,43911,31716,48.26367174461484
c2_verify_revise__clustered-n8-t100-o80-s10005__cap64000__Qwen-Qwen3-32B-AWQ,clustered-n8-t100-o80-s10005,c2_verify_revise,64000,12,react_step,1112,415,15,stop,True,41202,31656,13.449988914653659
c2_verify_revise__clustered-n8-t100-o80-s10005__cap64000__Qwen-Qwen3-32B-AWQ,clustered-n8-t100-o80-s10005,c2_verify_revise,64000,13,react_step,1153,3094,60,stop,True,39619,31615,96.08168627694249
c2_verify_revise__clustered-n8-t100-o80-s10005__cap64000__Qwen-Qwen3-32B-AWQ,clustered-n8-t100-o80-s10005,c2_verify_revise,64000,14,react_step,1237,7028,114,stop,True,35228,31531,222.7717787688598
c2_verify_revise__clustered-n8-t100-o80-s10005__cap64000__Qwen-Qwen3-32B-AWQ,clustered-n8-t100-o80-s10005,c2_verify_revise,64000,15,react_step,1371,4226,5,stop,False,26715,26715,130.2026251340285
c2_verify_revise__clustered-n8-t100-o80-s10005__cap64000__Qwen-Qwen3-32B-AWQ,clustered-n8-t100-o80-s10005,c2_verify_revise,64000,16,verify,1482,1254,400,stop,False,21002,21002,50.70788991264999
c2_verify_revise__clustered-n8-t100-o80-s10005__cap64000__Qwen-Qwen3-32B-AWQ,clustered-n8-t100-o80-s10005,c2_verify_revise,64000,17,revise,1964,2723,26,stop,False,17384,17384,85.08600543439388
c2_verify_revise__clustered-n8-t100-o80-s10005__cap64000__Qwen-Qwen3-32B-AWQ,clustered-n8-t100-o80-s10005,c2_verify_revise,64000,18,verify,2096,905,283,stop,False,12539,12539,37.31775891315192
c2_verify_revise__clustered-n8-t100-o80-s10005__cap64000__Qwen-Qwen3-32B-AWQ,clustered-n8-t100-o80-s10005,c2_verify_revise,64000,19,revise,2461,3828,164,stop,False,8890,8890,125.18981706444174
c2_verify_revise__clustered-n8-t100-o80-s10005__cap64000__Qwen-Qwen3-32B-AWQ,clustered-n8-t100-o80-s10005,c2_verify_revise,64000,20,finalize,104,0,7,stop,False,5050,5050,0.29141012020409107
c2_verify_revise__clustered-n8-t100-o80-s10005__cap8000__Qwen-Qwen3-32B-AWQ,clustered-n8-t100-o80-s10005,c2_verify_revise,8000,0,react_step,225,1177,7,stop,False,7519,7519,36.21069743484259
c2_verify_revise__clustered-n8-t100-o80-s10005__cap8000__Qwen-Qwen3-32B-AWQ,clustered-n8-t100-o80-s10005,c2_verify_revise,8000,1,react_step,268,1172,10,stop,False,6067,6067,36.46076429449022
c2_verify_revise__clustered-n8-t100-o80-s10005__cap8000__Qwen-Qwen3-32B-AWQ,clustered-n8-t100-o80-s10005,c2_verify_revise,8000,2,react_step,328,295,13,stop,False,4557,4557,9.404342578724027
c2_verify_revise__clustered-n8-t100-o80-s10005__cap8000__Qwen-Qwen3-32B-AWQ,clustered-n8-t100-o80-s10005,c2_verify_revise,8000,3,react_step,365,554,66,stop,False,3884,3884,19.48133800458163
c2_verify_revise__clustered-n8-t100-o80-s10005__cap8000__Qwen-Qwen3-32B-AWQ,clustered-n8-t100-o80-s10005,c2_verify_revise,8000,4,react_step,481,462,13,stop,False,2783,2783,14.90358258690685
c2_verify_revise__clustered-n8-t100-o80-s10005__cap8000__Qwen-Qwen3-32B-AWQ,clustered-n8-t100-o80-s10005,c2_verify_revise,8000,5,react_step,518,621,107,stop,False,1790,1790,22.578190933912992
c2_verify_revise__clustered-n8-t100-o80-s10005__cap8000__Qwen-Qwen3-32B-AWQ,clustered-n8-t100-o80-s10005,c2_verify_revise,8000,6,react_step,651,411,0,length,False,411,411,13.153884964063764
c2_verify_revise__clustered-n8-t100-o80-s10005__cap8000__Qwen-Qwen3-32B-AWQ,clustered-n8-t100-o80-s10005,c2_verify_revise,8000,7,finalize,93,0,7,stop,False,163,163,0.27280277851969004
c2_verify_revise__clustered-n8-t20-o20-s10005__cap16000__Qwen-Qwen3-32B-AWQ,clustered-n8-t20-o20-s10005,c2_verify_revise,16000,0,react_step,225,1177,7,stop,False,15519,15519,36.793198387138546
c2_verify_revise__clustered-n8-t20-o20-s10005__cap16000__Qwen-Qwen3-32B-AWQ,clustered-n8-t20-o20-s10005,c2_verify_revise,16000,1,react_step,268,1172,10,stop,False,14067,14067,36.949924883432686
c2_verify_revise__clustered-n8-t20-o20-s10005__cap16000__Qwen-Qwen3-32B-AWQ,clustered-n8-t20-o20-s10005,c2_verify_revise,16000,2,react_step,327,362,56,stop,False,12558,12558,12.720626931637526
c2_verify_revise__clustered-n8-t20-o20-s10005__cap16000__Qwen-Qwen3-32B-AWQ,clustered-n8-t20-o20-s10005,c2_verify_revise,16000,3,react_step,407,482,70,stop,False,11733,11733,17.658685843460262
c2_verify_revise__clustered-n8-t20-o20-s10005__cap16000__Qwen-Qwen3-32B-AWQ,clustered-n8-t20-o20-s10005,c2_verify_revise,16000,4,react_step,526,642,82,stop,False,10655,10655,22.77110775280744
c2_verify_revise__clustered-n8-t20-o20-s10005__cap16000__Qwen-Qwen3-32B-AWQ,clustered-n8-t20-o20-s10005,c2_verify_revise,16000,5,react_step,634,792,10,stop,False,9297,9297,25.388774275779724
c2_verify_revise__clustered-n8-t20-o20-s10005__cap16000__Qwen-Qwen3-32B-AWQ,clustered-n8-t20-o20-s10005,c2_verify_revise,16000,6,react_step,693,1527,55,stop,False,7802,7802,50.13364777807146
c2_verify_revise__clustered-n8-t20-o20-s10005__cap16000__Qwen-Qwen3-32B-AWQ,clustered-n8-t20-o20-s10005,c2_verify_revise,16000,7,react_step,774,967,57,stop,False,5446,5446,31.827421725727618
c2_verify_revise__clustered-n8-t20-o20-s10005__cap16000__Qwen-Qwen3-32B-AWQ,clustered-n8-t20-o20-s10005,c2_verify_revise,16000,8,react_step,880,774,15,stop,False,3542,3542,24.795143520459533
c2_verify_revise__clustered-n8-t20-o20-s10005__cap16000__Qwen-Qwen3-32B-AWQ,clustered-n8-t20-o20-s10005,c2_verify_revise,16000,9,react_step,921,1427,75,stop,False,1832,1832,47.40607925876975
c2_verify_revise__clustered-n8-t20-o20-s10005__cap16000__Qwen-Qwen3-32B-AWQ,clustered-n8-t20-o20-s10005,c2_verify_revise,16000,10,finalize,93,0,7,stop,False,493,493,0.2906348779797554
c2_verify_revise__clustered-n8-t20-o20-s10005__cap32000__Qwen-Qwen3-32B-AWQ,clustered-n8-t20-o20-s10005,c2_verify_revise,32000,0,react_step,225,1177,7,stop,False,31519,31519,34.82487707212567
c2_verify_revise__clustered-n8-t20-o20-s10005__cap32000__Qwen-Qwen3-32B-AWQ,clustered-n8-t20-o20-s10005,c2_verify_revise,32000,1,react_step,268,1172,10,stop,False,30067,30067,34.85972158238292
c2_verify_revise__clustered-n8-t20-o20-s10005__cap32000__Qwen-Qwen3-32B-AWQ,clustered-n8-t20-o20-s10005,c2_verify_revise,32000,2,react_step,327,362,56,stop,False,28558,28558,12.4374617645517
c2_verify_revise__clustered-n8-t20-o20-s10005__cap32000__Qwen-Qwen3-32B-AWQ,clustered-n8-t20-o20-s10005,c2_verify_revise,32000,3,react_step,407,482,70,stop,False,27733,27733,16.401688251644373
c2_verify_revise__clustered-n8-t20-o20-s10005__cap32000__Qwen-Qwen3-32B-AWQ,clustered-n8-t20-o20-s10005,c2_verify_revise,32000,4,react_step,526,642,82,stop,False,26655,26655,21.567989808507264
c2_verify_revise__clustered-n8-t20-o20-s10005__cap32000__Qwen-Qwen3-32B-AWQ,clustered-n8-t20-o20-s10005,c2_verify_revise,32000,5,react_step,634,792,10,stop,False,25297,25297,23.988915083929896
c2_verify_revise__clustered-n8-t20-o20-s10005__cap32000__Qwen-Qwen3-32B-AWQ,clustered-n8-t20-o20-s10005,c2_verify_revise,32000,6,react_step,693,1527,55,stop,False,23802,23802,47.32844937965274
c2_verify_revise__clustered-n8-t20-o20-s10005__cap32000__Qwen-Qwen3-32B-AWQ,clustered-n8-t20-o20-s10005,c2_verify_revise,32000,7,react_step,774,967,57,stop,False,21446,21446,30.777709290385246
c2_verify_revise__clustered-n8-t20-o20-s10005__cap32000__Qwen-Qwen3-32B-AWQ,clustered-n8-t20-o20-s10005,c2_verify_revise,32000,8,react_step,880,774,15,stop,False,19542,19542,23.87559704761952
c2_verify_revise__clustered-n8-t20-o20-s10005__cap32000__Qwen-Qwen3-32B-AWQ,clustered-n8-t20-o20-s10005,c2_verify_revise,32000,9,react_step,921,1427,75,stop,False,17832,17832,45.23575145751238
c2_verify_revise__clustered-n8-t20-o20-s10005__cap32000__Qwen-Qwen3-32B-AWQ,clustered-n8-t20-o20-s10005,c2_verify_revise,32000,10,react_step,1045,229,15,stop,False,15285,15285,7.873995486646891
c2_verify_revise__clustered-n8-t20-o20-s10005__cap32000__Qwen-Qwen3-32B-AWQ,clustered-n8-t20-o20-s10005,c2_verify_revise,32000,11,react_step,1086,1337,90,stop,False,13955,13955,43.2269730893895
c2_verify_revise__clustered-n8-t20-o20-s10005__cap32000__Qwen-Qwen3-32B-AWQ,clustered-n8-t20-o20-s10005,c2_verify_revise,32000,12,react_step,1225,714,15,stop,False,11303,11303,22.508961892686784
c2_verify_revise__clustered-n8-t20-o20-s10005__cap32000__Qwen-Qwen3-32B-AWQ,clustered-n8-t20-o20-s10005,c2_verify_revise,32000,13,react_step,1266,432,93,stop,False,9308,9308,16.45579405501485
c2_verify_revise__clustered-n8-t20-o20-s10005__cap32000__Qwen-Qwen3-32B-AWQ,clustered-n8-t20-o20-s10005,c2_verify_revise,32000,14,react_step,1408,815,15,stop,False,7375,7375,25.675102163106203
c2_verify_revise__clustered-n8-t20-o20-s10005__cap32000__Qwen-Qwen3-32B-AWQ,clustered-n8-t20-o20-s10005,c2_verify_revise,32000,15,react_step,1449,744,10,stop,False,5096,5096,23.447634268552065
c2_verify_revise__clustered-n8-t20-o20-s10005__cap32000__Qwen-Qwen3-32B-AWQ,clustered-n8-t20-o20-s10005,c2_verify_revise,32000,16,react_step,1508,1543,32,stop,False,2834,2834,48.34925354272127
c2_verify_revise__clustered-n8-t20-o20-s10005__cap32000__Qwen-Qwen3-32B-AWQ,clustered-n8-t20-o20-s10005,c2_verify_revise,32000,17,finalize,117,0,73,stop,False,1398,1398,2.218761374242604
c2_verify_revise__clustered-n8-t20-o20-s10005__cap64000__Qwen-Qwen3-32B-AWQ,clustered-n8-t20-o20-s10005,c2_verify_revise,64000,0,react_step,225,1177,7,stop,True,63519,32543,34.74620135128498
c2_verify_revise__clustered-n8-t20-o20-s10005__cap64000__Qwen-Qwen3-32B-AWQ,clustered-n8-t20-o20-s10005,c2_verify_revise,64000,1,react_step,268,1172,10,stop,True,62067,32500,34.75581537466496
c2_verify_revise__clustered-n8-t20-o20-s10005__cap64000__Qwen-Qwen3-32B-AWQ,clustered-n8-t20-o20-s10005,c2_verify_revise,64000,2,react_step,327,362,56,stop,True,60558,32441,12.408857116475701
c2_verify_revise__clustered-n8-t20-o20-s10005__cap64000__Qwen-Qwen3-32B-AWQ,clustered-n8-t20-o20-s10005,c2_verify_revise,64000,3,react_step,407,482,70,stop,True,59733,32361,16.363416940905154
c2_verify_revise__clustered-n8-t20-o20-s10005__cap64000__Qwen-Qwen3-32B-AWQ,clustered-n8-t20-o20-s10005,c2_verify_revise,64000,4,react_step,526,642,82,stop,True,58655,32242,21.51108544226736
c2_verify_revise__clustered-n8-t20-o20-s10005__cap64000__Qwen-Qwen3-32B-AWQ,clustered-n8-t20-o20-s10005,c2_verify_revise,64000,5,react_step,634,792,10,stop,True,57297,32134,23.931001784279943
c2_verify_revise__clustered-n8-t20-o20-s10005__cap64000__Qwen-Qwen3-32B-AWQ,clustered-n8-t20-o20-s10005,c2_verify_revise,64000,6,react_step,693,1527,55,stop,True,55802,32075,47.194216893054545
c2_verify_revise__clustered-n8-t20-o20-s10005__cap64000__Qwen-Qwen3-32B-AWQ,clustered-n8-t20-o20-s10005,c2_verify_revise,64000,7,react_step,774,967,57,stop,True,53446,31994,30.682667650282383
c2_verify_revise__clustered-n8-t20-o20-s10005__cap64000__Qwen-Qwen3-32B-AWQ,clustered-n8-t20-o20-s10005,c2_verify_revise,64000,8,react_step,880,774,15,stop,True,51542,31888,23.801964949816465
c2_verify_revise__clustered-n8-t20-o20-s10005__cap64000__Qwen-Qwen3-32B-AWQ,clustered-n8-t20-o20-s10005,c2_verify_revise,64000,9,react_step,921,1427,75,stop,True,49832,31847,45.094118791632354
c2_verify_revise__clustered-n8-t20-o20-s10005__cap64000__Qwen-Qwen3-32B-AWQ,clustered-n8-t20-o20-s10005,c2_verify_revise,64000,10,react_step,1045,229,15,stop,True,47285,31723,7.836993332952261
c2_verify_revise__clustered-n8-t20-o20-s10005__cap64000__Qwen-Qwen3-32B-AWQ,clustered-n8-t20-o20-s10005,c2_verify_revise,64000,11,react_step,1086,1337,90,stop,True,45955,31682,43.08427694719285
c2_verify_revise__clustered-n8-t20-o20-s10005__cap64000__Qwen-Qwen3-32B-AWQ,clustered-n8-t20-o20-s10005,c2_verify_revise,64000,12,react_step,1225,714,15,stop,True,43303,31543,22.43449390400201
c2_verify_revise__clustered-n8-t20-o20-s10005__cap64000__Qwen-Qwen3-32B-AWQ,clustered-n8-t20-o20-s10005,c2_verify_revise,64000,13,react_step,1266,432,93,stop,True,41308,31502,16.397649420425296
c2_verify_revise__clustered-n8-t20-o20-s10005__cap64000__Qwen-Qwen3-32B-AWQ,clustered-n8-t20-o20-s10005,c2_verify_revise,64000,14,react_step,1408,815,15,stop,True,39375,31360,25.598501559346914
c2_verify_revise__clustered-n8-t20-o20-s10005__cap64000__Qwen-Qwen3-32B-AWQ,clustered-n8-t20-o20-s10005,c2_verify_revise,64000,15,react_step,1449,744,10,stop,True,37096,31319,23.380362497642636
c2_verify_revise__clustered-n8-t20-o20-s10005__cap64000__Qwen-Qwen3-32B-AWQ,clustered-n8-t20-o20-s10005,c2_verify_revise,64000,16,react_step,1508,1543,32,stop,True,34834,31260,48.22888520359993
c2_verify_revise__clustered-n8-t20-o20-s10005__cap64000__Qwen-Qwen3-32B-AWQ,clustered-n8-t20-o20-s10005,c2_verify_revise,64000,17,react_step,1560,535,5,stop,True,31699,31208,17.08908669743687
c2_verify_revise__clustered-n8-t20-o20-s10005__cap64000__Qwen-Qwen3-32B-AWQ,clustered-n8-t20-o20-s10005,c2_verify_revise,64000,18,verify,1671,936,373,stop,False,29488,29488,40.65789984352887
c2_verify_revise__clustered-n8-t20-o20-s10005__cap64000__Qwen-Qwen3-32B-AWQ,clustered-n8-t20-o20-s10005,c2_verify_revise,64000,19,revise,2126,840,39,stop,False,26053,26053,28.92192435823381
c2_verify_revise__clustered-n8-t20-o20-s10005__cap64000__Qwen-Qwen3-32B-AWQ,clustered-n8-t20-o20-s10005,c2_verify_revise,64000,20,verify,2271,522,187,stop,False,22903,22903,22.907967869192362
c2_verify_revise__clustered-n8-t20-o20-s10005__cap64000__Qwen-Qwen3-32B-AWQ,clustered-n8-t20-o20-s10005,c2_verify_revise,64000,21,revise,2540,693,32,stop,False,19654,19654,23.72713248245418
c2_verify_revise__clustered-n8-t20-o20-s10005__cap64000__Qwen-Qwen3-32B-AWQ,clustered-n8-t20-o20-s10005,c2_verify_revise,64000,22,finalize,117,0,73,stop,False,19068,19068,2.217714089900255
c2_verify_revise__clustered-n8-t20-o20-s10005__cap8000__Qwen-Qwen3-32B-AWQ,clustered-n8-t20-o20-s10005,c2_verify_revise,8000,0,react_step,225,1177,7,stop,False,7519,7519,34.81392779201269
c2_verify_revise__clustered-n8-t20-o20-s10005__cap8000__Qwen-Qwen3-32B-AWQ,clustered-n8-t20-o20-s10005,c2_verify_revise,8000,1,react_step,268,1172,10,stop,False,6067,6067,34.833334205672145
c2_verify_revise__clustered-n8-t20-o20-s10005__cap8000__Qwen-Qwen3-32B-AWQ,clustered-n8-t20-o20-s10005,c2_verify_revise,8000,2,react_step,327,362,56,stop,False,4558,4558,12.437828989699483
c2_verify_revise__clustered-n8-t20-o20-s10005__cap8000__Qwen-Qwen3-32B-AWQ,clustered-n8-t20-o20-s10005,c2_verify_revise,8000,3,react_step,407,482,70,stop,False,3733,3733,16.401884427294135
c2_verify_revise__clustered-n8-t20-o20-s10005__cap8000__Qwen-Qwen3-32B-AWQ,clustered-n8-t20-o20-s10005,c2_verify_revise,8000,4,react_step,526,642,82,stop,False,2655,2655,21.557663332670927
c2_verify_revise__clustered-n8-t20-o20-s10005__cap8000__Qwen-Qwen3-32B-AWQ,clustered-n8-t20-o20-s10005,c2_verify_revise,8000,5,react_step,634,792,10,stop,False,1297,1297,23.98080587759614
c2_verify_revise__clustered-n8-t20-o20-s10005__cap8000__Qwen-Qwen3-32B-AWQ,clustered-n8-t20-o20-s10005,c2_verify_revise,8000,6,finalize,93,0,7,stop,False,658,658,0.2802848108112812
c2_verify_revise__clustered-n8-t85-o20-s10005__cap16000__Qwen-Qwen3-32B-AWQ,clustered-n8-t85-o20-s10005,c2_verify_revise,16000,0,react_step,225,1177,7,stop,False,15519,15519,34.82237554527819
c2_verify_revise__clustered-n8-t85-o20-s10005__cap16000__Qwen-Qwen3-32B-AWQ,clustered-n8-t85-o20-s10005,c2_verify_revise,16000,1,react_step,268,1172,10,stop,False,14067,14067,34.84374637808651
c2_verify_revise__clustered-n8-t85-o20-s10005__cap16000__Qwen-Qwen3-32B-AWQ,clustered-n8-t85-o20-s10005,c2_verify_revise,16000,2,react_step,328,394,13,stop,False,12557,12557,12.114508672617376
c2_verify_revise__clustered-n8-t85-o20-s10005__cap16000__Qwen-Qwen3-32B-AWQ,clustered-n8-t85-o20-s10005,c2_verify_revise,16000,3,react_step,365,581,34,stop,False,11785,11785,18.226946441456676
c2_verify_revise__clustered-n8-t85-o20-s10005__cap16000__Qwen-Qwen3-32B-AWQ,clustered-n8-t85-o20-s10005,c2_verify_revise,16000,4,react_step,449,581,13,stop,False,10721,10721,17.679034765809774
c2_verify_revise__clustered-n8-t85-o20-s10005__cap16000__Qwen-Qwen3-32B-AWQ,clustered-n8-t85-o20-s10005,c2_verify_revise,16000,5,react_step,486,1178,57,stop,False,9641,9641,36.6822238471359
c2_verify_revise__clustered-n8-t85-o20-s10005__cap16000__Qwen-Qwen3-32B-AWQ,clustered-n8-t85-o20-s10005,c2_verify_revise,16000,6,react_step,569,877,10,stop,False,7837,7837,26.43657176103443
c2_verify_revise__clustered-n8-t85-o20-s10005__cap16000__Qwen-Qwen3-32B-AWQ,clustered-n8-t85-o20-s10005,c2_verify_revise,16000,7,react_step,628,798,13,stop,False,6322,6322,24.248250795528293
c2_verify_revise__clustered-n8-t85-o20-s10005__cap16000__Qwen-Qwen3-32B-AWQ,clustered-n8-t85-o20-s10005,c2_verify_revise,16000,8,react_step,665,2331,36,stop,False,4846,4846,70.99679033271968
c2_verify_revise__clustered-n8-t85-o20-s10005__cap16000__Qwen-Qwen3-32B-AWQ,clustered-n8-t85-o20-s10005,c2_verify_revise,16000,9,react_step,751,1564,15,stop,False,1728,1728,47.28027998190373
c2_verify_revise__clustered-n8-t85-o20-s10005__cap16000__Qwen-Qwen3-32B-AWQ,clustered-n8-t85-o20-s10005,c2_verify_revise,16000,10,finalize,93,0,7,stop,False,312,312,0.2799351718276739
c2_verify_revise__clustered-n8-t85-o20-s10005__cap32000__Qwen-Qwen3-32B-AWQ,clustered-n8-t85-o20-s10005,c2_verify_revise,32000,0,react_step,225,1177,7,stop,False,31519,31519,34.766440173611045
c2_verify_revise__clustered-n8-t85-o20-s10005__cap32000__Qwen-Qwen3-32B-AWQ,clustered-n8-t85-o20-s10005,c2_verify_revise,32000,1,react_step,268,1172,10,stop,False,30067,30067,34.788777955807745
c2_verify_revise__clustered-n8-t85-o20-s10005__cap32000__Qwen-Qwen3-32B-AWQ,clustered-n8-t85-o20-s10005,c2_verify_revise,32000,2,react_step,328,394,13,stop,False,28557,28557,12.546526942402124
c2_verify_revise__clustered-n8-t85-o20-s10005__cap32000__Qwen-Qwen3-32B-AWQ,clustered-n8-t85-o20-s10005,c2_verify_revise,32000,3,react_step,365,581,34,stop,False,27785,27785,18.56907603982836
c2_verify_revise__clustered-n8-t85-o20-s10005__cap32000__Qwen-Qwen3-32B-AWQ,clustered-n8-t85-o20-s10005,c2_verify_revise,32000,4,react_step,449,581,13,stop,False,26721,26721,17.64455497916788
c2_verify_revise__clustered-n8-t85-o20-s10005__cap32000__Qwen-Qwen3-32B-AWQ,clustered-n8-t85-o20-s10005,c2_verify_revise,32000,5,react_step,486,1178,57,stop,False,25641,25641,36.62528697028756
c2_verify_revise__clustered-n8-t85-o20-s10005__cap32000__Qwen-Qwen3-32B-AWQ,clustered-n8-t85-o20-s10005,c2_verify_revise,32000,6,react_step,569,877,10,stop,False,23837,23837,26.418427150696516
c2_verify_revise__clustered-n8-t85-o20-s10005__cap32000__Qwen-Qwen3-32B-AWQ,clustered-n8-t85-o20-s10005,c2_verify_revise,32000,7,react_step,628,798,13,stop,False,22322,22322,24.211270909756422
c2_verify_revise__clustered-n8-t85-o20-s10005__cap32000__Qwen-Qwen3-32B-AWQ,clustered-n8-t85-o20-s10005,c2_verify_revise,32000,8,react_step,665,2331,36,stop,False,20846,20846,70.88874677941203
c2_verify_revise__clustered-n8-t85-o20-s10005__cap32000__Qwen-Qwen3-32B-AWQ,clustered-n8-t85-o20-s10005,c2_verify_revise,32000,9,react_step,751,1564,15,stop,False,17728,17728,47.189322208985686
c2_verify_revise__clustered-n8-t85-o20-s10005__cap32000__Qwen-Qwen3-32B-AWQ,clustered-n8-t85-o20-s10005,c2_verify_revise,32000,10,react_step,792,2462,48,stop,False,15357,15357,75.47515040636063
c2_verify_revise__clustered-n8-t85-o20-s10005__cap32000__Qwen-Qwen3-32B-AWQ,clustered-n8-t85-o20-s10005,c2_verify_revise,32000,11,react_step,866,4005,46,stop,False,11981,11981,122.97350615076721
c2_verify_revise__clustered-n8-t85-o20-s10005__cap32000__Qwen-Qwen3-32B-AWQ,clustered-n8-t85-o20-s10005,c2_verify_revise,32000,12,react_step,962,953,15,stop,False,6968,6968,29.247481102123857
c2_verify_revise__clustered-n8-t85-o20-s10005__cap32000__Qwen-Qwen3-32B-AWQ,clustered-n8-t85-o20-s10005,c2_verify_revise,32000,13,react_step,1003,4997,0,length,False,4997,4997,152.9694904088974
c2_verify_revise__clustered-n8-t85-o20-s10005__cap32000__Qwen-Qwen3-32B-AWQ,clustered-n8-t85-o20-s10005,c2_verify_revise,32000,14,finalize,93,0,7,stop,False,163,163,0.26559907477349043
c2_verify_revise__clustered-n8-t85-o20-s10005__cap64000__Qwen-Qwen3-32B-AWQ,clustered-n8-t85-o20-s10005,c2_verify_revise,64000,0,react_step,225,1177,7,stop,True,63519,32543,34.754171350970864
c2_verify_revise__clustered-n8-t85-o20-s10005__cap64000__Qwen-Qwen3-32B-AWQ,clustered-n8-t85-o20-s10005,c2_verify_revise,64000,1,react_step,268,1172,10,stop,True,62067,32500,34.7766448315233
c2_verify_revise__clustered-n8-t85-o20-s10005__cap64000__Qwen-Qwen3-32B-AWQ,clustered-n8-t85-o20-s10005,c2_verify_revise,64000,2,react_step,328,394,13,stop,True,60557,32440,12.093168881721795
c2_verify_revise__clustered-n8-t85-o20-s10005__cap64000__Qwen-Qwen3-32B-AWQ,clustered-n8-t85-o20-s10005,c2_verify_revise,64000,3,react_step,365,581,34,stop,True,59785,32403,18.173379836604
c2_verify_revise__clustered-n8-t85-o20-s10005__cap64000__Qwen-Qwen3-32B-AWQ,clustered-n8-t85-o20-s10005,c2_verify_revise,64000,4,react_step,449,581,13,stop,True,58721,32319,17.63353773485869
c2_verify_revise__clustered-n8-t85-o20-s10005__cap64000__Qwen-Qwen3-32B-AWQ,clustered-n8-t85-o20-s10005,c2_verify_revise,64000,5,react_step,486,1178,57,stop,True,57641,32282,36.59228951204568
c2_verify_revise__clustered-n8-t85-o20-s10005__cap64000__Qwen-Qwen3-32B-AWQ,clustered-n8-t85-o20-s10005,c2_verify_revise,64000,6,react_step,569,877,10,stop,True,55837,32199,26.379387442953885
c2_verify_revise__clustered-n8-t85-o20-s10005__cap64000__Qwen-Qwen3-32B-AWQ,clustered-n8-t85-o20-s10005,c2_verify_revise,64000,7,react_step,628,798,13,stop,True,54322,32140,24.201678016223013
c2_verify_revise__clustered-n8-t85-o20-s10005__cap64000__Qwen-Qwen3-32B-AWQ,clustered-n8-t85-o20-s10005,c2_verify_revise,64000,8,react_step,665,2331,36,stop,True,52846,32103,70.84804801363498
c2_verify_revise__clustered-n8-t85-o20-s10005__cap64000__Qwen-Qwen3-32B-AWQ,clustered-n8-t85-o20-s10005,c2_verify_revise,64000,9,react_step,751,1564,15,stop,True,49728,32017,47.194024600088596
c2_verify_revise__clustered-n8-t85-o20-s10005__cap64000__Qwen-Qwen3-32B-AWQ,clustered-n8-t85-o20-s10005,c2_verify_revise,64000,10,react_step,792,2462,48,stop,True,47357,31976,75.4755542865023
c2_verify_revise__clustered-n8-t85-o20-s10005__cap64000__Qwen-Qwen3-32B-AWQ,clustered-n8-t85-o20-s10005,c2_verify_revise,64000,11,react_step,866,4005,46,stop,True,43981,31902,123.02571566961706
c2_verify_revise__clustered-n8-t85-o20-s10005__cap64000__Qwen-Qwen3-32B-AWQ,clustered-n8-t85-o20-s10005,c2_verify_revise,64000,12,react_step,962,953,15,stop,True,38968,31806,29.24214343354106
c2_verify_revise__clustered-n8-t85-o20-s10005__cap64000__Qwen-Qwen3-32B-AWQ,clustered-n8-t85-o20-s10005,c2_verify_revise,64000,13,react_step,1003,5209,32,stop,True,36997,31765,160.6582879172638
c2_verify_revise__clustered-n8-t85-o20-s10005__cap64000__Qwen-Qwen3-32B-AWQ,clustered-n8-t85-o20-s10005,c2_verify_revise,64000,14,react_step,1055,1782,70,stop,False,30701,30701,55.93980728648603
c2_verify_revise__clustered-n8-t85-o20-s10005__cap64000__Qwen-Qwen3-32B-AWQ,clustered-n8-t85-o20-s10005,c2_verify_revise,64000,15,react_step,1175,3737,75,stop,False,27674,27674,116.45576169155538
c2_verify_revise__clustered-n8-t85-o20-s10005__cap64000__Qwen-Qwen3-32B-AWQ,clustered-n8-t85-o20-s10005,c2_verify_revise,64000,16,react_step,1276,1066,15,stop,False,22586,22586,33.02690599113703
c2_verify_revise__clustered-n8-t85-o20-s10005__cap64000__Qwen-Qwen3-32B-AWQ,clustered-n8-t85-o20-s10005,c2_verify_revise,64000,17,react_step,1317,2683,46,stop,False,20188,20188,83.30505379196256
c2_verify_revise__clustered-n8-t85-o20-s10005__cap64000__Qwen-Qwen3-32B-AWQ,clustered-n8-t85-o20-s10005,c2_verify_revise,64000,18,react_step,1383,2810,436,stop,False,16076,16076,99.36358433961868
c2_verify_revise__clustered-n8-t85-o20-s10005__cap64000__Qwen-Qwen3-32B-AWQ,clustered-n8-t85-o20-s10005,c2_verify_revise,64000,19,react_step,1868,688,13,stop,False,10962,10962,22.21876000612974
c2_verify_revise__clustered-n8-t85-o20-s10005__cap64000__Qwen-Qwen3-32B-AWQ,clustered-n8-t85-o20-s10005,c2_verify_revise,64000,20,react_step,1905,1894,234,stop,False,8356,8356,65.81778199225664
c2_verify_revise__clustered-n8-t85-o20-s10005__cap64000__Qwen-Qwen3-32B-AWQ,clustered-n8-t85-o20-s10005,c2_verify_revise,64000,21,react_step,2159,4069,0,length,False,4069,4069,126.88547552376986
c2_verify_revise__clustered-n8-t85-o20-s10005__cap64000__Qwen-Qwen3-32B-AWQ,clustered-n8-t85-o20-s10005,c2_verify_revise,64000,22,finalize,93,0,7,stop,False,163,163,0.26426901761442423
c2_verify_revise__clustered-n8-t85-o20-s10005__cap8000__Qwen-Qwen3-32B-AWQ,clustered-n8-t85-o20-s10005,c2_verify_revise,8000,0,react_step,225,1177,7,stop,False,7519,7519,34.850597355514765
c2_verify_revise__clustered-n8-t85-o20-s10005__cap8000__Qwen-Qwen3-32B-AWQ,clustered-n8-t85-o20-s10005,c2_verify_revise,8000,1,react_step,268,1172,10,stop,False,6067,6067,34.85851950570941
c2_verify_revise__clustered-n8-t85-o20-s10005__cap8000__Qwen-Qwen3-32B-AWQ,clustered-n8-t85-o20-s10005,c2_verify_revise,8000,2,react_step,328,394,13,stop,False,4557,4557,12.124873123131692
c2_verify_revise__clustered-n8-t85-o20-s10005__cap8000__Qwen-Qwen3-32B-AWQ,clustered-n8-t85-o20-s10005,c2_verify_revise,8000,3,react_step,365,581,34,stop,False,3785,3785,18.217748797498643
c2_verify_revise__clustered-n8-t85-o20-s10005__cap8000__Qwen-Qwen3-32B-AWQ,clustered-n8-t85-o20-s10005,c2_verify_revise,8000,4,react_step,449,581,13,stop,False,2721,2721,17.677268237806857
c2_verify_revise__clustered-n8-t85-o20-s10005__cap8000__Qwen-Qwen3-32B-AWQ,clustered-n8-t85-o20-s10005,c2_verify_revise,8000,5,react_step,486,1178,57,stop,False,1641,1641,36.68276924546808
c2_verify_revise__clustered-n8-t85-o20-s10005__cap8000__Qwen-Qwen3-32B-AWQ,clustered-n8-t85-o20-s10005,c2_verify_revise,8000,6,finalize,93,0,7,stop,False,569,569,0.2839811332523823
c2_verify_revise__uniform-n4-t100-o20-s10005__cap16000__Qwen-Qwen3-32B-AWQ,uniform-n4-t100-o20-s10005,c2_verify_revise,16000,0,react_step,225,1177,7,stop,False,15519,15519,36.07688276935369
c2_verify_revise__uniform-n4-t100-o20-s10005__cap16000__Qwen-Qwen3-32B-AWQ,uniform-n4-t100-o20-s10005,c2_verify_revise,16000,1,react_step,256,485,10,stop,False,14079,14079,15.09874926134944
c2_verify_revise__uniform-n4-t100-o20-s10005__cap16000__Qwen-Qwen3-32B-AWQ,uniform-n4-t100-o20-s10005,c2_verify_revise,16000,2,react_step,316,393,10,stop,False,13268,13268,12.543800740502775
c2_verify_revise__uniform-n4-t100-o20-s10005__cap16000__Qwen-Qwen3-32B-AWQ,uniform-n4-t100-o20-s10005,c2_verify_revise,16000,3,react_step,376,427,10,stop,False,12489,12489,13.473557442426682
c2_verify_revise__uniform-n4-t100-o20-s10005__cap16000__Qwen-Qwen3-32B-AWQ,uniform-n4-t100-o20-s10005,c2_verify_revise,16000,4,react_step,436,420,10,stop,False,11616,11616,13.289248927496374
c2_verify_revise__uniform-n4-t100-o20-s10005__cap16000__Qwen-Qwen3-32B-AWQ,uniform-n4-t100-o20-s10005,c2_verify_revise,16000,5,react_step,495,1024,13,stop,False,10691,10691,31.93192187976092
c2_verify_revise__uniform-n4-t100-o20-s10005__cap16000__Qwen-Qwen3-32B-AWQ,uniform-n4-t100-o20-s10005,c2_verify_revise,16000,6,react_step,532,751,15,stop,False,9122,9122,23.696721565909684
c2_verify_revise__uniform-n4-t100-o20-s10005__cap16000__Qwen-Qwen3-32B-AWQ,uniform-n4-t100-o20-s10005,c2_verify_revise,16000,7,react_step,573,6043,25,stop,False,7783,7783,192.85190703254193
c2_verify_revise__uniform-n4-t100-o20-s10005__cap16000__Qwen-Qwen3-32B-AWQ,uniform-n4-t100-o20-s10005,c2_verify_revise,16000,8,react_step,618,891,206,length,False,1097,1097,34.06848796829581
c2_verify_revise__uniform-n4-t100-o20-s10005__cap16000__Qwen-Qwen3-32B-AWQ,uniform-n4-t100-o20-s10005,c2_verify_revise,16000,9,finalize,110,0,56,stop,False,146,146,1.7841002130880952
c2_verify_revise__uniform-n4-t100-o20-s10005__cap32000__Qwen-Qwen3-32B-AWQ,uniform-n4-t100-o20-s10005,c2_verify_revise,32000,0,react_step,225,1177,7,stop,False,31519,31519,34.75187567900866
c2_verify_revise__uniform-n4-t100-o20-s10005__cap32000__Qwen-Qwen3-32B-AWQ,uniform-n4-t100-o20-s10005,c2_verify_revise,32000,1,react_step,256,485,10,stop,False,30079,30079,14.850860709324479
c2_verify_revise__uniform-n4-t100-o20-s10005__cap32000__Qwen-Qwen3-32B-AWQ,uniform-n4-t100-o20-s10005,c2_verify_revise,32000,2,react_step,316,393,10,stop,False,29268,29268,12.36488832719624
c2_verify_revise__uniform-n4-t100-o20-s10005__cap32000__Qwen-Qwen3-32B-AWQ,uniform-n4-t100-o20-s10005,c2_verify_revise,32000,3,react_step,376,427,10,stop,False,28489,28489,12.994513179175556
c2_verify_revise__uniform-n4-t100-o20-s10005__cap32000__Qwen-Qwen3-32B-AWQ,uniform-n4-t100-o20-s10005,c2_verify_revise,32000,4,react_step,436,420,10,stop,False,27616,27616,12.82563066110015
c2_verify_revise__uniform-n4-t100-o20-s10005__cap32000__Qwen-Qwen3-32B-AWQ,uniform-n4-t100-o20-s10005,c2_verify_revise,32000,5,react_step,495,1024,13,stop,False,26691,26691,30.73227350320667
c2_verify_revise__uniform-n4-t100-o20-s10005__cap32000__Qwen-Qwen3-32B-AWQ,uniform-n4-t100-o20-s10005,c2_verify_revise,32000,6,react_step,532,751,15,stop,False,25122,25122,22.75480369850993
c2_verify_revise__uniform-n4-t100-o20-s10005__cap32000__Qwen-Qwen3-32B-AWQ,uniform-n4-t100-o20-s10005,c2_verify_revise,32000,7,react_step,573,6043,25,stop,False,23783,23783,187.33497205097228
c2_verify_revise__uniform-n4-t100-o20-s10005__cap32000__Qwen-Qwen3-32B-AWQ,uniform-n4-t100-o20-s10005,c2_verify_revise,32000,8,react_step,618,891,3591,stop,False,17097,17097,136.5128256054595
c2_verify_revise__uniform-n4-t100-o20-s10005__cap32000__Qwen-Qwen3-32B-AWQ,uniform-n4-t100-o20-s10005,c2_verify_revise,32000,9,react_step,4235,1404,5,stop,False,8380,8380,46.83755705691874
c2_verify_revise__uniform-n4-t100-o20-s10005__cap32000__Qwen-Qwen3-32B-AWQ,uniform-n4-t100-o20-s10005,c2_verify_revise,32000,10,verify,4346,803,436,stop,False,2625,2625,41.65821899846196
c2_verify_revise__uniform-n4-t100-o20-s10005__cap32000__Qwen-Qwen3-32B-AWQ,uniform-n4-t100-o20-s10005,c2_verify_revise,32000,11,finalize,110,0,56,stop,False,1532,1532,1.7050243830308318
c2_verify_revise__uniform-n4-t100-o20-s10005__cap64000__Qwen-Qwen3-32B-AWQ,uniform-n4-t100-o20-s10005,c2_verify_revise,64000,0,react_step,225,1177,7,stop,True,63519,32543,34.6537721902132
c2_verify_revise__uniform-n4-t100-o20-s10005__cap64000__Qwen-Qwen3-32B-AWQ,uniform-n4-t100-o20-s10005,c2_verify_revise,64000,1,react_step,256,485,10,stop,True,62079,32512,14.539992690086365
c2_verify_revise__uniform-n4-t100-o20-s10005__cap64000__Qwen-Qwen3-32B-AWQ,uniform-n4-t100-o20-s10005,c2_verify_revise,64000,2,react_step,316,393,10,stop,True,61268,32452,11.920698028057814
c2_verify_revise__uniform-n4-t100-o20-s10005__cap64000__Qwen-Qwen3-32B-AWQ,uniform-n4-t100-o20-s10005,c2_verify_revise,64000,3,react_step,376,427,10,stop,True,60489,32392,12.95643295161426
c2_verify_revise__uniform-n4-t100-o20-s10005__cap64000__Qwen-Qwen3-32B-AWQ,uniform-n4-t100-o20-s10005,c2_verify_revise,64000,4,react_step,436,420,10,stop,True,59616,32332,12.78835013601929
c2_verify_revise__uniform-n4-t100-o20-s10005__cap64000__Qwen-Qwen3-32B-AWQ,uniform-n4-t100-o20-s10005,c2_verify_revise,64000,5,react_step,495,1024,13,stop,True,58691,32273,30.64570482261479
c2_verify_revise__uniform-n4-t100-o20-s10005__cap64000__Qwen-Qwen3-32B-AWQ,uniform-n4-t100-o20-s10005,c2_verify_revise,64000,6,react_step,532,751,15,stop,True,57122,32236,22.705736790783703
c2_verify_revise__uniform-n4-t100-o20-s10005__cap64000__Qwen-Qwen3-32B-AWQ,uniform-n4-t100-o20-s10005,c2_verify_revise,64000,7,react_step,573,6043,25,stop,True,55783,32195,186.29933076538146
c2_verify_revise__uniform-n4-t100-o20-s10005__cap64000__Qwen-Qwen3-32B-AWQ,uniform-n4-t100-o20-s10005,c2_verify_revise,64000,8,react_step,618,891,3591,stop,True,49097,32150,135.39310459978878
c2_verify_revise__uniform-n4-t100-o20-s10005__cap64000__Qwen-Qwen3-32B-AWQ,uniform-n4-t100-o20-s10005,c2_verify_revise,64000,9,react_step,4235,1404,5,stop,True,40380,28533,46.71119005512446
c2_verify_revise__uniform-n4-t100-o20-s10005__cap64000__Qwen-Qwen3-32B-AWQ,uniform-n4-t100-o20-s10005,c2_verify_revise,64000,10,verify,4346,803,436,stop,True,34625,28422,41.52526089921594
c2_verify_revise__uniform-n4-t100-o20-s10005__cap64000__Qwen-Qwen3-32B-AWQ,uniform-n4-t100-o20-s10005,c2_verify_revise,64000,11,revise,4864,161,25,stop,True,28522,27904,9.219628033228219
c2_verify_revise__uniform-n4-t100-o20-s10005__cap64000__Qwen-Qwen3-32B-AWQ,uniform-n4-t100-o20-s10005,c2_verify_revise,64000,12,verify,4995,891,363,stop,False,23341,23341,42.737845310010016
c2_verify_revise__uniform-n4-t100-o20-s10005__cap64000__Qwen-Qwen3-32B-AWQ,uniform-n4-t100-o20-s10005,c2_verify_revise,64000,13,revise,5440,247,25,stop,False,16647,16647,12.352223181165755
c2_verify_revise__uniform-n4-t100-o20-s10005__cap64000__Qwen-Qwen3-32B-AWQ,uniform-n4-t100-o20-s10005,c2_verify_revise,64000,14,finalize,110,0,56,stop,False,16521,16521,1.7105768900364637
c2_verify_revise__uniform-n4-t100-o20-s10005__cap8000__Qwen-Qwen3-32B-AWQ,uniform-n4-t100-o20-s10005,c2_verify_revise,8000,0,react_step,225,1177,7,stop,False,7519,7519,34.72936222795397
c2_verify_revise__uniform-n4-t100-o20-s10005__cap8000__Qwen-Qwen3-32B-AWQ,uniform-n4-t100-o20-s10005,c2_verify_revise,8000,1,react_step,256,485,10,stop,False,6079,6079,14.571610417217016
c2_verify_revise__uniform-n4-t100-o20-s10005__cap8000__Qwen-Qwen3-32B-AWQ,uniform-n4-t100-o20-s10005,c2_verify_revise,8000,2,react_step,316,393,10,stop,False,5268,5268,11.945166977122426
c2_verify_revise__uniform-n4-t100-o20-s10005__cap8000__Qwen-Qwen3-32B-AWQ,uniform-n4-t100-o20-s10005,c2_verify_revise,8000,3,react_step,376,427,10,stop,False,4489,4489,12.986256454139948
c2_verify_revise__uniform-n4-t100-o20-s10005__cap8000__Qwen-Qwen3-32B-AWQ,uniform-n4-t100-o20-s10005,c2_verify_revise,8000,4,react_step,436,420,10,stop,False,3616,3616,12.817101444117725
c2_verify_revise__uniform-n4-t100-o20-s10005__cap8000__Qwen-Qwen3-32B-AWQ,uniform-n4-t100-o20-s10005,c2_verify_revise,8000,5,react_step,495,1024,13,stop,False,2691,2691,30.715720451436937
c2_verify_revise__uniform-n4-t100-o20-s10005__cap8000__Qwen-Qwen3-32B-AWQ,uniform-n4-t100-o20-s10005,c2_verify_revise,8000,6,react_step,532,751,15,stop,False,1122,1122,22.75704313069582
c2_verify_revise__uniform-n4-t100-o20-s10005__cap8000__Qwen-Qwen3-32B-AWQ,uniform-n4-t100-o20-s10005,c2_verify_revise,8000,7,finalize,93,0,7,stop,False,519,519,0.28204675298184156
c2_verify_revise__uniform-n4-t100-o80-s10005__cap16000__Qwen-Qwen3-32B-AWQ,uniform-n4-t100-o80-s10005,c2_verify_revise,16000,0,react_step,225,1177,7,stop,False,15519,15519,34.74252017773688
c2_verify_revise__uniform-n4-t100-o80-s10005__cap16000__Qwen-Qwen3-32B-AWQ,uniform-n4-t100-o80-s10005,c2_verify_revise,16000,1,react_step,256,485,10,stop,False,14079,14079,14.575320872478187
c2_verify_revise__uniform-n4-t100-o80-s10005__cap16000__Qwen-Qwen3-32B-AWQ,uniform-n4-t100-o80-s10005,c2_verify_revise,16000,2,react_step,316,507,13,stop,False,13268,13268,15.35751372948289
c2_verify_revise__uniform-n4-t100-o80-s10005__cap16000__Qwen-Qwen3-32B-AWQ,uniform-n4-t100-o80-s10005,c2_verify_revise,16000,3,react_step,353,374,10,stop,False,12395,12395,11.428261105902493
c2_verify_revise__uniform-n4-t100-o80-s10005__cap16000__Qwen-Qwen3-32B-AWQ,uniform-n4-t100-o80-s10005,c2_verify_revise,16000,4,react_step,413,766,15,stop,False,11598,11598,23.068888802081347
c2_verify_revise__uniform-n4-t100-o80-s10005__cap16000__Qwen-Qwen3-32B-AWQ,uniform-n4-t100-o80-s10005,c2_verify_revise,16000,5,react_step,454,454,10,stop,False,10363,10363,13.83893845230341
c2_verify_revise__uniform-n4-t100-o80-s10005__cap16000__Qwen-Qwen3-32B-AWQ,uniform-n4-t100-o80-s10005,c2_verify_revise,16000,6,react_step,514,677,10,stop,False,9385,9385,20.423922318965197
c2_verify_revise__uniform-n4-t100-o80-s10005__cap16000__Qwen-Qwen3-32B-AWQ,uniform-n4-t100-o80-s10005,c2_verify_revise,16000,7,react_step,574,1578,13,stop,False,8124,8124,47.30483328923583
c2_verify_revise__uniform-n4-t100-o80-s10005__cap16000__Qwen-Qwen3-32B-AWQ,uniform-n4-t100-o80-s10005,c2_verify_revise,16000,8,react_step,611,5922,0,length,False,5922,5922,180.94331754930317
c2_verify_revise__uniform-n4-t100-o80-s10005__cap16000__Qwen-Qwen3-32B-AWQ,uniform-n4-t100-o80-s10005,c2_verify_revise,16000,9,finalize,93,0,7,stop,False,163,163,0.26169370394200087
c2_verify_revise__uniform-n4-t100-o80-s10005__cap32000__Qwen-Qwen3-32B-AWQ,uniform-n4-t100-o80-s10005,c2_verify_revise,32000,0,react_step,225,1177,7,stop,False,31519,31519,34.68442673701793
c2_verify_revise__uniform-n4-t100-o80-s10005__cap32000__Qwen-Qwen3-32B-AWQ,uniform-n4-t100-o80-s10005,c2_verify_revise,32000,1,react_step,256,485,10,stop,False,30079,30079,14.550955591723323
c2_verify_revise__uniform-n4-t100-o80-s10005__cap32000__Qwen-Qwen3-32B-AWQ,uniform-n4-t100-o80-s10005,c2_verify_revise,32000,2,react_step,316,507,13,stop,False,29268,29268,15.33582372032106
c2_verify_revise__uniform-n4-t100-o80-s10005__cap32000__Qwen-Qwen3-32B-AWQ,uniform-n4-t100-o80-s10005,c2_verify_revise,32000,3,react_step,353,374,10,stop,False,28395,28395,11.405274122022092
c2_verify_revise__uniform-n4-t100-o80-s10005__cap32000__Qwen-Qwen3-32B-AWQ,uniform-n4-t100-o80-s10005,c2_verify_revise,32000,4,react_step,413,766,15,stop,False,27598,27598,23.02798149921
c2_verify_revise__uniform-n4-t100-o80-s10005__cap32000__Qwen-Qwen3-32B-AWQ,uniform-n4-t100-o80-s10005,c2_verify_revise,32000,5,react_step,454,454,10,stop,False,26363,26363,13.809918574988842
c2_verify_revise__uniform-n4-t100-o80-s10005__cap32000__Qwen-Qwen3-32B-AWQ,uniform-n4-t100-o80-s10005,c2_verify_revise,32000,6,react_step,514,677,10,stop,False,25385,25385,20.394999992102385
c2_verify_revise__uniform-n4-t100-o80-s10005__cap32000__Qwen-Qwen3-32B-AWQ,uniform-n4-t100-o80-s10005,c2_verify_revise,32000,7,react_step,574,1578,13,stop,False,24124,24124,47.218566049821675
c2_verify_revise__uniform-n4-t100-o80-s10005__cap32000__Qwen-Qwen3-32B-AWQ,uniform-n4-t100-o80-s10005,c2_verify_revise,32000,8,react_step,611,8736,19,stop,False,21922,21922,271.8157607866451
c2_verify_revise__uniform-n4-t100-o80-s10005__cap32000__Qwen-Qwen3-32B-AWQ,uniform-n4-t100-o80-s10005,c2_verify_revise,32000,9,react_step,650,8192,15,stop,False,12517,12517,254.562789067626
c2_verify_revise__uniform-n4-t100-o80-s10005__cap32000__Qwen-Qwen3-32B-AWQ,uniform-n4-t100-o80-s10005,c2_verify_revise,32000,10,react_step,691,3619,0,length,False,3619,3619,108.89133872464299
c2_verify_revise__uniform-n4-t100-o80-s10005__cap32000__Qwen-Qwen3-32B-AWQ,uniform-n4-t100-o80-s10005,c2_verify_revise,32000,11,finalize,93,0,7,stop,False,163,163,0.26309635397046804
c2_verify_revise__uniform-n4-t100-o80-s10005__cap64000__Qwen-Qwen3-32B-AWQ,uniform-n4-t100-o80-s10005,c2_verify_revise,64000,0,react_step,225,1177,7,stop,True,63519,32543,34.65385063365102
c2_verify_revise__uniform-n4-t100-o80-s10005__cap64000__Qwen-Qwen3-32B-AWQ,uniform-n4-t100-o80-s10005,c2_verify_revise,64000,1,react_step,256,485,10,stop,True,62079,32512,14.541193830780685
c2_verify_revise__uniform-n4-t100-o80-s10005__cap64000__Qwen-Qwen3-32B-AWQ,uniform-n4-t100-o80-s10005,c2_verify_revise,64000,2,react_step,316,507,13,stop,True,61268,32452,15.325709107331932
c2_verify_revise__uniform-n4-t100-o80-s10005__cap64000__Qwen-Qwen3-32B-AWQ,uniform-n4-t100-o80-s10005,c2_verify_revise,64000,3,react_step,353,374,10,stop,True,60395,32415,11.402263125404716
c2_verify_revise__uniform-n4-t100-o80-s10005__cap64000__Qwen-Qwen3-32B-AWQ,uniform-n4-t100-o80-s10005,c2_verify_revise,64000,4,react_step,413,766,15,stop,True,59598,32355,23.01355520542711
c2_verify_revise__uniform-n4-t100-o80-s10005__cap64000__Qwen-Qwen3-32B-AWQ,uniform-n4-t100-o80-s10005,c2_verify_revise,64000,5,react_step,454,454,10,stop,True,58363,32314,13.800288952887058
c2_verify_revise__uniform-n4-t100-o80-s10005__cap64000__Qwen-Qwen3-32B-AWQ,uniform-n4-t100-o80-s10005,c2_verify_revise,64000,6,react_step,514,677,10,stop,True,57385,32254,20.37992613669485
c2_verify_revise__uniform-n4-t100-o80-s10005__cap64000__Qwen-Qwen3-32B-AWQ,uniform-n4-t100-o80-s10005,c2_verify_revise,64000,7,react_step,574,1578,13,stop,True,56124,32194,47.19672127254307
c2_verify_revise__uniform-n4-t100-o80-s10005__cap64000__Qwen-Qwen3-32B-AWQ,uniform-n4-t100-o80-s10005,c2_verify_revise,64000,8,react_step,611,8736,19,stop,True,53922,32157,271.60734602529556
c2_verify_revise__uniform-n4-t100-o80-s10005__cap64000__Qwen-Qwen3-32B-AWQ,uniform-n4-t100-o80-s10005,c2_verify_revise,64000,9,react_step,650,8192,15,stop,True,44517,32118,253.87782745156437
c2_verify_revise__uniform-n4-t100-o80-s10005__cap64000__Qwen-Qwen3-32B-AWQ,uniform-n4-t100-o80-s10005,c2_verify_revise,64000,10,react_step,691,11955,15,stop,True,35619,32077,379.1060919268057
c2_verify_revise__uniform-n4-t100-o80-s10005__cap64000__Qwen-Qwen3-32B-AWQ,uniform-n4-t100-o80-s10005,c2_verify_revise,64000,11,react_step,732,11673,5,stop,False,22917,22917,369.2015293035656
c2_verify_revise__uniform-n4-t100-o80-s10005__cap64000__Qwen-Qwen3-32B-AWQ,uniform-n4-t100-o80-s10005,c2_verify_revise,64000,12,verify,843,2580,282,stop,False,10396,10396,86.03500396478921
c2_verify_revise__uniform-n4-t100-o80-s10005__cap64000__Qwen-Qwen3-32B-AWQ,uniform-n4-t100-o80-s10005,c2_verify_revise,64000,13,revise,1207,2671,12,stop,False,6327,6327,81.31672683730721
c2_verify_revise__uniform-n4-t100-o80-s10005__cap64000__Qwen-Qwen3-32B-AWQ,uniform-n4-t100-o80-s10005,c2_verify_revise,64000,14,verify,1325,1274,261,stop,False,2319,2319,46.62028624955565
c2_verify_revise__uniform-n4-t100-o80-s10005__cap64000__Qwen-Qwen3-32B-AWQ,uniform-n4-t100-o80-s10005,c2_verify_revise,64000,15,finalize,97,0,7,stop,False,943,943,0.28500823117792606
c2_verify_revise__uniform-n4-t100-o80-s10005__cap8000__Qwen-Qwen3-32B-AWQ,uniform-n4-t100-o80-s10005,c2_verify_revise,8000,0,react_step,225,1177,7,stop,False,7519,7519,34.74137773178518
c2_verify_revise__uniform-n4-t100-o80-s10005__cap8000__Qwen-Qwen3-32B-AWQ,uniform-n4-t100-o80-s10005,c2_verify_revise,8000,1,react_step,256,485,10,stop,False,6079,6079,14.574392766691744
c2_verify_revise__uniform-n4-t100-o80-s10005__cap8000__Qwen-Qwen3-32B-AWQ,uniform-n4-t100-o80-s10005,c2_verify_revise,8000,2,react_step,316,507,13,stop,False,5268,5268,15.361569070257246
c2_verify_revise__uniform-n4-t100-o80-s10005__cap8000__Qwen-Qwen3-32B-AWQ,uniform-n4-t100-o80-s10005,c2_verify_revise,8000,3,react_step,353,374,10,stop,False,4395,4395,11.429387190379202
c2_verify_revise__uniform-n4-t100-o80-s10005__cap8000__Qwen-Qwen3-32B-AWQ,uniform-n4-t100-o80-s10005,c2_verify_revise,8000,4,react_step,413,766,15,stop,False,3598,3598,23.06669737957418
c2_verify_revise__uniform-n4-t100-o80-s10005__cap8000__Qwen-Qwen3-32B-AWQ,uniform-n4-t100-o80-s10005,c2_verify_revise,8000,5,react_step,454,454,10,stop,False,2363,2363,13.834345120936632
c2_verify_revise__uniform-n4-t100-o80-s10005__cap8000__Qwen-Qwen3-32B-AWQ,uniform-n4-t100-o80-s10005,c2_verify_revise,8000,6,react_step,514,677,10,stop,False,1385,1385,20.425403779372573
c2_verify_revise__uniform-n4-t100-o80-s10005__cap8000__Qwen-Qwen3-32B-AWQ,uniform-n4-t100-o80-s10005,c2_verify_revise,8000,7,react_step,574,124,0,length,False,124,124,3.996541939675808
c2_verify_revise__uniform-n4-t100-o80-s10005__cap8000__Qwen-Qwen3-32B-AWQ,uniform-n4-t100-o80-s10005,c2_verify_revise,8000,8,finalize,93,0,7,stop,False,163,163,0.2662252327427268
c2_verify_revise__uniform-n4-t20-o20-s10005__cap16000__Qwen-Qwen3-32B-AWQ,uniform-n4-t20-o20-s10005,c2_verify_revise,16000,0,react_step,225,1177,7,stop,False,15519,15519,34.745427335612476
c2_verify_revise__uniform-n4-t20-o20-s10005__cap16000__Qwen-Qwen3-32B-AWQ,uniform-n4-t20-o20-s10005,c2_verify_revise,16000,1,react_step,256,485,10,stop,False,14079,14079,14.57675854396075
c2_verify_revise__uniform-n4-t20-o20-s10005__cap16000__Qwen-Qwen3-32B-AWQ,uniform-n4-t20-o20-s10005,c2_verify_revise,16000,2,react_step,315,222,43,stop,False,13269,13269,7.931102115660906
c2_verify_revise__uniform-n4-t20-o20-s10005__cap16000__Qwen-Qwen3-32B-AWQ,uniform-n4-t20-o20-s10005,c2_verify_revise,16000,3,react_step,407,578,39,stop,False,12597,12597,18.261171959340572
c2_verify_revise__uniform-n4-t20-o20-s10005__cap16000__Qwen-Qwen3-32B-AWQ,uniform-n4-t20-o20-s10005,c2_verify_revise,16000,4,react_step,495,420,45,stop,False,11485,11485,13.88532717898488
c2_verify_revise__uniform-n4-t20-o20-s10005__cap16000__Qwen-Qwen3-32B-AWQ,uniform-n4-t20-o20-s10005,c2_verify_revise,16000,5,react_step,589,4025,300,stop,False,10431,10431,135.95594185218215
c2_verify_revise__uniform-n4-t20-o20-s10005__cap16000__Qwen-Qwen3-32B-AWQ,uniform-n4-t20-o20-s10005,c2_verify_revise,16000,6,react_step,913,1333,5,stop,False,5193,5193,41.9089569337666
c2_verify_revise__uniform-n4-t20-o20-s10005__cap16000__Qwen-Qwen3-32B-AWQ,uniform-n4-t20-o20-s10005,c2_verify_revise,16000,7,verify,1024,666,365,stop,False,2831,2831,32.50174248497933
c2_verify_revise__uniform-n4-t20-o20-s10005__cap16000__Qwen-Qwen3-32B-AWQ,uniform-n4-t20-o20-s10005,c2_verify_revise,16000,8,revise,1471,329,0,length,False,329,329,11.169949784874916
c2_verify_revise__uniform-n4-t20-o20-s10005__cap16000__Qwen-Qwen3-32B-AWQ,uniform-n4-t20-o20-s10005,c2_verify_revise,16000,9,finalize,93,0,7,stop,False,163,163,0.2863562274724245
c2_verify_revise__uniform-n4-t20-o20-s10005__cap32000__Qwen-Qwen3-32B-AWQ,uniform-n4-t20-o20-s10005,c2_verify_revise,32000,0,react_step,225,1177,7,stop,False,31519,31519,34.735615405254066
c2_verify_revise__uniform-n4-t20-o20-s10005__cap32000__Qwen-Qwen3-32B-AWQ,uniform-n4-t20-o20-s10005,c2_verify_revise,32000,1,react_step,256,485,10,stop,False,30079,30079,14.578200872056186
c2_verify_revise__uniform-n4-t20-o20-s10005__cap32000__Qwen-Qwen3-32B-AWQ,uniform-n4-t20-o20-s10005,c2_verify_revise,32000,2,react_step,315,222,43,stop,False,29269,29269,7.931889709085226
c2_verify_revise__uniform-n4-t20-o20-s10005__cap32000__Qwen-Qwen3-32B-AWQ,uniform-n4-t20-o20-s10005,c2_verify_revise,32000,3,react_step,407,578,39,stop,False,28597,28597,18.265680416487157
c2_verify_revise__uniform-n4-t20-o20-s10005__cap32000__Qwen-Qwen3-32B-AWQ,uniform-n4-t20-o20-s10005,c2_verify_revise,32000,4,react_step,495,420,45,stop,False,27485,27485,13.886344822123647
c2_verify_revise__uniform-n4-t20-o20-s10005__cap32000__Qwen-Qwen3-32B-AWQ,uniform-n4-t20-o20-s10005,c2_verify_revise,32000,5,react_step,589,4025,300,stop,False,26431,26431,130.7769146952778
c2_verify_revise__uniform-n4-t20-o20-s10005__cap32000__Qwen-Qwen3-32B-AWQ,uniform-n4-t20-o20-s10005,c2_verify_revise,32000,6,react_step,913,1333,5,stop,False,21193,21193,40.21570989023894
c2_verify_revise__uniform-n4-t20-o20-s10005__cap32000__Qwen-Qwen3-32B-AWQ,uniform-n4-t20-o20-s10005,c2_verify_revise,32000,7,verify,1024,666,365,stop,False,18831,18831,31.179305099882185
c2_verify_revise__uniform-n4-t20-o20-s10005__cap32000__Qwen-Qwen3-32B-AWQ,uniform-n4-t20-o20-s10005,c2_verify_revise,32000,8,revise,1471,406,31,stop,False,16329,16329,13.95714707300067
c2_verify_revise__uniform-n4-t20-o20-s10005__cap32000__Qwen-Qwen3-32B-AWQ,uniform-n4-t20-o20-s10005,c2_verify_revise,32000,9,verify,1608,416,217,stop,False,14284,14284,19.928694249130785
c2_verify_revise__uniform-n4-t20-o20-s10005__cap32000__Qwen-Qwen3-32B-AWQ,uniform-n4-t20-o20-s10005,c2_verify_revise,32000,10,revise,1907,264,31,stop,False,11744,11744,10.076334743760526
c2_verify_revise__uniform-n4-t20-o20-s10005__cap32000__Qwen-Qwen3-32B-AWQ,uniform-n4-t20-o20-s10005,c2_verify_revise,32000,11,finalize,93,0,7,stop,False,11612,11612,0.28557967860251665
c2_verify_revise__uniform-n4-t20-o20-s10005__cap64000__Qwen-Qwen3-32B-AWQ,uniform-n4-t20-o20-s10005,c2_verify_revise,64000,0,react_step,225,1177,7,stop,True,63519,32543,34.676366828382015
c2_verify_revise__uniform-n4-t20-o20-s10005__cap64000__Qwen-Qwen3-32B-AWQ,uniform-n4-t20-o20-s10005,c2_verify_revise,64000,1,react_step,256,485,10,stop,True,62079,32512,14.546828254126012
c2_verify_revise__uniform-n4-t20-o20-s10005__cap64000__Qwen-Qwen3-32B-AWQ,uniform-n4-t20-o20-s10005,c2_verify_revise,64000,2,react_step,315,222,43,stop,True,61269,32453,7.913877724669874
c2_verify_revise__uniform-n4-t20-o20-s10005__cap64000__Qwen-Qwen3-32B-AWQ,uniform-n4-t20-o20-s10005,c2_verify_revise,64000,3,react_step,407,578,39,stop,True,60597,32361,18.231603586114943
c2_verify_revise__uniform-n4-t20-o20-s10005__cap64000__Qwen-Qwen3-32B-AWQ,uniform-n4-t20-o20-s10005,c2_verify_revise,64000,4,react_step,495,420,45,stop,True,59485,32273,13.860258689150214
c2_verify_revise__uniform-n4-t20-o20-s10005__cap64000__Qwen-Qwen3-32B-AWQ,uniform-n4-t20-o20-s10005,c2_verify_revise,64000,5,react_step,589,4025,300,stop,True,58431,32179,130.8739020852372
c2_verify_revise__uniform-n4-t20-o20-s10005__cap64000__Qwen-Qwen3-32B-AWQ,uniform-n4-t20-o20-s10005,c2_verify_revise,64000,6,react_step,913,1333,5,stop,True,53193,31855,40.704488817602396
c2_verify_revise__uniform-n4-t20-o20-s10005__cap64000__Qwen-Qwen3-32B-AWQ,uniform-n4-t20-o20-s10005,c2_verify_revise,64000,7,verify,1024,666,365,stop,True,50831,31744,31.10090200137347
c2_verify_revise__uniform-n4-t20-o20-s10005__cap64000__Qwen-Qwen3-32B-AWQ,uniform-n4-t20-o20-s10005,c2_verify_revise,64000,8,revise,1471,406,31,stop,True,48329,31297,13.929048896767199
c2_verify_revise__uniform-n4-t20-o20-s10005__cap64000__Qwen-Qwen3-32B-AWQ,uniform-n4-t20-o20-s10005,c2_verify_revise,64000,9,verify,1608,416,217,stop,True,46284,31160,19.88857741560787
c2_verify_revise__uniform-n4-t20-o20-s10005__cap64000__Qwen-Qwen3-32B-AWQ,uniform-n4-t20-o20-s10005,c2_verify_revise,64000,10,revise,1907,264,31,stop,True,43744,30861,10.050067611970007
c2_verify_revise__uniform-n4-t20-o20-s10005__cap64000__Qwen-Qwen3-32B-AWQ,uniform-n4-t20-o20-s10005,c2_verify_revise,64000,11,finalize,93,0,7,stop,True,43612,32675,0.2829505689442158
c2_verify_revise__uniform-n4-t20-o20-s10005__cap8000__Qwen-Qwen3-32B-AWQ,uniform-n4-t20-o20-s10005,c2_verify_revise,8000,0,react_step,225,1177,7,stop,False,7519,7519,34.791937976144254
c2_verify_revise__uniform-n4-t20-o20-s10005__cap8000__Qwen-Qwen3-32B-AWQ,uniform-n4-t20-o20-s10005,c2_verify_revise,8000,1,react_step,256,485,10,stop,False,6079,6079,14.57611976005137
c2_verify_revise__uniform-n4-t20-o20-s10005__cap8000__Qwen-Qwen3-32B-AWQ,uniform-n4-t20-o20-s10005,c2_verify_revise,8000,2,react_step,315,222,43,stop,False,5269,5269,7.9337620520964265
c2_verify_revise__uniform-n4-t20-o20-s10005__cap8000__Qwen-Qwen3-32B-AWQ,uniform-n4-t20-o20-s10005,c2_verify_revise,8000,3,react_step,407,578,39,stop,False,4597,4597,18.270882042124867
c2_verify_revise__uniform-n4-t20-o20-s10005__cap8000__Qwen-Qwen3-32B-AWQ,uniform-n4-t20-o20-s10005,c2_verify_revise,8000,4,react_step,495,420,45,stop,False,3485,3485,13.889668378978968
c2_verify_revise__uniform-n4-t20-o20-s10005__cap8000__Qwen-Qwen3-32B-AWQ,uniform-n4-t20-o20-s10005,c2_verify_revise,8000,5,react_step,589,2431,0,length,False,2431,2431,72.63268775679171
c2_verify_revise__uniform-n4-t20-o20-s10005__cap8000__Qwen-Qwen3-32B-AWQ,uniform-n4-t20-o20-s10005,c2_verify_revise,8000,6,finalize,93,0,7,stop,False,163,163,0.26530726719647646
c2_verify_revise__uniform-n4-t20-o80-s10005__cap16000__Qwen-Qwen3-32B-AWQ,uniform-n4-t20-o80-s10005,c2_verify_revise,16000,0,react_step,225,1177,7,stop,False,15519,15519,36.239511237479746
c2_verify_revise__uniform-n4-t20-o80-s10005__cap16000__Qwen-Qwen3-32B-AWQ,uniform-n4-t20-o80-s10005,c2_verify_revise,16000,1,react_step,256,485,10,stop,False,14079,14079,15.179839821532369
c2_verify_revise__uniform-n4-t20-o80-s10005__cap16000__Qwen-Qwen3-32B-AWQ,uniform-n4-t20-o80-s10005,c2_verify_revise,16000,2,react_step,315,507,10,stop,False,13269,13269,15.974793845787644
c2_verify_revise__uniform-n4-t20-o80-s10005__cap16000__Qwen-Qwen3-32B-AWQ,uniform-n4-t20-o80-s10005,c2_verify_revise,16000,3,react_step,374,266,10,stop,False,12378,12378,8.633796625770628
c2_verify_revise__uniform-n4-t20-o80-s10005__cap16000__Qwen-Qwen3-32B-AWQ,uniform-n4-t20-o80-s10005,c2_verify_revise,16000,4,react_step,433,589,10,stop,False,11669,11669,18.518644244410098
c2_verify_revise__uniform-n4-t20-o80-s10005__cap16000__Qwen-Qwen3-32B-AWQ,uniform-n4-t20-o80-s10005,c2_verify_revise,16000,5,react_step,492,358,44,stop,False,10578,10578,12.521199110895395
c2_verify_revise__uniform-n4-t20-o80-s10005__cap16000__Qwen-Qwen3-32B-AWQ,uniform-n4-t20-o80-s10005,c2_verify_revise,16000,6,react_step,560,941,50,stop,False,9616,9616,30.730178637430072
c2_verify_revise__uniform-n4-t20-o80-s10005__cap16000__Qwen-Qwen3-32B-AWQ,uniform-n4-t20-o80-s10005,c2_verify_revise,16000,7,react_step,634,1463,13,stop,False,7991,7991,45.96445783879608
c2_verify_revise__uniform-n4-t20-o80-s10005__cap16000__Qwen-Qwen3-32B-AWQ,uniform-n4-t20-o80-s10005,c2_verify_revise,16000,8,react_step,671,3735,31,stop,False,5844,5844,118.50690104998648
c2_verify_revise__uniform-n4-t20-o80-s10005__cap16000__Qwen-Qwen3-32B-AWQ,uniform-n4-t20-o80-s10005,c2_verify_revise,16000,9,react_step,722,1356,0,length,False,1356,1356,42.32813769206405
c2_verify_revise__uniform-n4-t20-o80-s10005__cap16000__Qwen-Qwen3-32B-AWQ,uniform-n4-t20-o80-s10005,c2_verify_revise,16000,10,finalize,93,0,7,stop,False,163,163,0.27950204256922007
c2_verify_revise__uniform-n4-t20-o80-s10005__cap32000__Qwen-Qwen3-32B-AWQ,uniform-n4-t20-o80-s10005,c2_verify_revise,32000,0,react_step,225,1177,7,stop,False,31519,31519,34.747553890571
c2_verify_revise__uniform-n4-t20-o80-s10005__cap32000__Qwen-Qwen3-32B-AWQ,uniform-n4-t20-o80-s10005,c2_verify_revise,32000,1,react_step,256,485,10,stop,False,30079,30079,14.580487070605159
c2_verify_revise__uniform-n4-t20-o80-s10005__cap32000__Qwen-Qwen3-32B-AWQ,uniform-n4-t20-o80-s10005,c2_verify_revise,32000,2,react_step,315,507,10,stop,False,29269,29269,15.279257436282933
c2_verify_revise__uniform-n4-t20-o80-s10005__cap32000__Qwen-Qwen3-32B-AWQ,uniform-n4-t20-o80-s10005,c2_verify_revise,32000,3,react_step,374,266,10,stop,False,28378,28378,8.297551739029586
c2_verify_revise__uniform-n4-t20-o80-s10005__cap32000__Qwen-Qwen3-32B-AWQ,uniform-n4-t20-o80-s10005,c2_verify_revise,32000,4,react_step,433,589,10,stop,False,27669,27669,17.761039819568396
c2_verify_revise__uniform-n4-t20-o80-s10005__cap32000__Qwen-Qwen3-32B-AWQ,uniform-n4-t20-o80-s10005,c2_verify_revise,32000,5,react_step,492,358,44,stop,False,26578,26578,12.043698659166694
c2_verify_revise__uniform-n4-t20-o80-s10005__cap32000__Qwen-Qwen3-32B-AWQ,uniform-n4-t20-o80-s10005,c2_verify_revise,32000,6,react_step,560,941,50,stop,False,25616,25616,29.442747998051345
c2_verify_revise__uniform-n4-t20-o80-s10005__cap32000__Qwen-Qwen3-32B-AWQ,uniform-n4-t20-o80-s10005,c2_verify_revise,32000,7,react_step,634,1463,13,stop,False,23991,23991,43.964880384504795
c2_verify_revise__uniform-n4-t20-o80-s10005__cap32000__Qwen-Qwen3-32B-AWQ,uniform-n4-t20-o80-s10005,c2_verify_revise,32000,8,react_step,671,3735,31,stop,False,21844,21844,113.63077162392437
c2_verify_revise__uniform-n4-t20-o80-s10005__cap32000__Qwen-Qwen3-32B-AWQ,uniform-n4-t20-o80-s10005,c2_verify_revise,32000,9,react_step,722,1892,85,stop,False,17356,17356,59.103333997540176
c2_verify_revise__uniform-n4-t20-o80-s10005__cap32000__Qwen-Qwen3-32B-AWQ,uniform-n4-t20-o80-s10005,c2_verify_revise,32000,10,react_step,833,403,15,stop,False,14546,14546,12.798582488670945
c2_verify_revise__uniform-n4-t20-o80-s10005__cap32000__Qwen-Qwen3-32B-AWQ,uniform-n4-t20-o80-s10005,c2_verify_revise,32000,11,react_step,874,2563,15,stop,False,13254,13254,77.6791406692937
c2_verify_revise__uniform-n4-t20-o80-s10005__cap32000__Qwen-Qwen3-32B-AWQ,uniform-n4-t20-o80-s10005,c2_verify_revise,32000,12,react_step,915,2694,32,stop,False,9761,9761,82.31435695569962
c2_verify_revise__uniform-n4-t20-o80-s10005__cap32000__Qwen-Qwen3-32B-AWQ,uniform-n4-t20-o80-s10005,c2_verify_revise,32000,13,react_step,967,864,5,stop,False,6068,6068,26.319750677794218
c2_verify_revise__uniform-n4-t20-o80-s10005__cap32000__Qwen-Qwen3-32B-AWQ,uniform-n4-t20-o80-s10005,c2_verify_revise,32000,14,verify,1078,486,417,stop,False,4121,4121,27.45415596757084
c2_verify_revise__uniform-n4-t20-o80-s10005__cap32000__Qwen-Qwen3-32B-AWQ,uniform-n4-t20-o80-s10005,c2_verify_revise,32000,15,revise,1577,684,32,stop,False,1641,1641,22.378201020881534
c2_verify_revise__uniform-n4-t20-o80-s10005__cap32000__Qwen-Qwen3-32B-AWQ,uniform-n4-t20-o80-s10005,c2_verify_revise,32000,16,finalize,117,0,7,stop,False,1064,1064,0.29493140149861574
c2_verify_revise__uniform-n4-t20-o80-s10005__cap64000__Qwen-Qwen3-32B-AWQ,uniform-n4-t20-o80-s10005,c2_verify_revise,64000,0,react_step,225,1177,7,stop,True,63519,32543,34.661981642246246
c2_verify_revise__uniform-n4-t20-o80-s10005__cap64000__Qwen-Qwen3-32B-AWQ,uniform-n4-t20-o80-s10005,c2_verify_revise,64000,1,react_step,256,485,10,stop,True,62079,32512,14.547242058441043
c2_verify_revise__uniform-n4-t20-o80-s10005__cap64000__Qwen-Qwen3-32B-AWQ,uniform-n4-t20-o80-s10005,c2_verify_revise,64000,2,react_step,315,507,10,stop,True,61269,32453,15.243074751459062
c2_verify_revise__uniform-n4-t20-o80-s10005__cap64000__Qwen-Qwen3-32B-AWQ,uniform-n4-t20-o80-s10005,c2_verify_revise,64000,3,react_step,374,266,10,stop,True,60378,32394,8.278585298918188
c2_verify_revise__uniform-n4-t20-o80-s10005__cap64000__Qwen-Qwen3-32B-AWQ,uniform-n4-t20-o80-s10005,c2_verify_revise,64000,4,react_step,433,589,10,stop,True,59669,32335,17.728263715282083
c2_verify_revise__uniform-n4-t20-o80-s10005__cap64000__Qwen-Qwen3-32B-AWQ,uniform-n4-t20-o80-s10005,c2_verify_revise,64000,5,react_step,492,358,44,stop,True,58578,32276,12.024554559960961
c2_verify_revise__uniform-n4-t20-o80-s10005__cap64000__Qwen-Qwen3-32B-AWQ,uniform-n4-t20-o80-s10005,c2_verify_revise,64000,6,react_step,560,941,50,stop,True,57616,32208,29.381536738947034
c2_verify_revise__uniform-n4-t20-o80-s10005__cap64000__Qwen-Qwen3-32B-AWQ,uniform-n4-t20-o80-s10005,c2_verify_revise,64000,7,react_step,634,1463,13,stop,True,55991,32134,43.86441061552614
c2_verify_revise__uniform-n4-t20-o80-s10005__cap64000__Qwen-Qwen3-32B-AWQ,uniform-n4-t20-o80-s10005,c2_verify_revise,64000,8,react_step,671,3735,31,stop,True,53844,32097,113.32567923795432
c2_verify_revise__uniform-n4-t20-o80-s10005__cap64000__Qwen-Qwen3-32B-AWQ,uniform-n4-t20-o80-s10005,c2_verify_revise,64000,9,react_step,722,1892,85,stop,True,49356,32046,58.959067828953266
c2_verify_revise__uniform-n4-t20-o80-s10005__cap64000__Qwen-Qwen3-32B-AWQ,uniform-n4-t20-o80-s10005,c2_verify_revise,64000,10,react_step,833,403,15,stop,True,46546,31935,12.776949873194098
c2_verify_revise__uniform-n4-t20-o80-s10005__cap64000__Qwen-Qwen3-32B-AWQ,uniform-n4-t20-o80-s10005,c2_verify_revise,64000,11,react_step,874,2563,15,stop,True,45254,31894,77.49781551305205
c2_verify_revise__uniform-n4-t20-o80-s10005__cap64000__Qwen-Qwen3-32B-AWQ,uniform-n4-t20-o80-s10005,c2_verify_revise,64000,12,react_step,915,2694,32,stop,True,41761,31853,82.05043238867074
c2_verify_revise__uniform-n4-t20-o80-s10005__cap64000__Qwen-Qwen3-32B-AWQ,uniform-n4-t20-o80-s10005,c2_verify_revise,64000,13,react_step,967,864,5,stop,True,38068,31801,26.251711709424853
c2_verify_revise__uniform-n4-t20-o80-s10005__cap64000__Qwen-Qwen3-32B-AWQ,uniform-n4-t20-o80-s10005,c2_verify_revise,64000,14,verify,1078,486,417,stop,True,36121,31690,27.384200187399983
c2_verify_revise__uniform-n4-t20-o80-s10005__cap64000__Qwen-Qwen3-32B-AWQ,uniform-n4-t20-o80-s10005,c2_verify_revise,64000,15,revise,1577,684,32,stop,True,33641,31191,22.32270137872547
c2_verify_revise__uniform-n4-t20-o80-s10005__cap64000__Qwen-Qwen3-32B-AWQ,uniform-n4-t20-o80-s10005,c2_verify_revise,64000,16,verify,1715,541,385,stop,True,31210,31053,28.713683100417256
c2_verify_revise__uniform-n4-t20-o80-s10005__cap64000__Qwen-Qwen3-32B-AWQ,uniform-n4-t20-o80-s10005,c2_verify_revise,64000,17,revise,2182,238,32,stop,False,28102,28102,9.530163369141519
c2_verify_revise__uniform-n4-t20-o80-s10005__cap64000__Qwen-Qwen3-32B-AWQ,uniform-n4-t20-o80-s10005,c2_verify_revise,64000,18,finalize,117,0,7,stop,False,27971,27971,0.29938789177685976
c2_verify_revise__uniform-n4-t20-o80-s10005__cap8000__Qwen-Qwen3-32B-AWQ,uniform-n4-t20-o80-s10005,c2_verify_revise,8000,0,react_step,225,1177,7,stop,False,7519,7519,34.73911242838949
c2_verify_revise__uniform-n4-t20-o80-s10005__cap8000__Qwen-Qwen3-32B-AWQ,uniform-n4-t20-o80-s10005,c2_verify_revise,8000,1,react_step,256,485,10,stop,False,6079,6079,14.578203620389104
c2_verify_revise__uniform-n4-t20-o80-s10005__cap8000__Qwen-Qwen3-32B-AWQ,uniform-n4-t20-o80-s10005,c2_verify_revise,8000,2,react_step,315,507,10,stop,False,5269,5269,15.273506785742939
c2_verify_revise__uniform-n4-t20-o80-s10005__cap8000__Qwen-Qwen3-32B-AWQ,uniform-n4-t20-o80-s10005,c2_verify_revise,8000,3,react_step,374,266,10,stop,False,4378,4378,8.296104063279927
c2_verify_revise__uniform-n4-t20-o80-s10005__cap8000__Qwen-Qwen3-32B-AWQ,uniform-n4-t20-o80-s10005,c2_verify_revise,8000,4,react_step,433,589,10,stop,False,3669,3669,17.7557778544724
c2_verify_revise__uniform-n4-t20-o80-s10005__cap8000__Qwen-Qwen3-32B-AWQ,uniform-n4-t20-o80-s10005,c2_verify_revise,8000,5,react_step,492,358,44,stop,False,2578,2578,12.040995715186
c2_verify_revise__uniform-n4-t20-o80-s10005__cap8000__Qwen-Qwen3-32B-AWQ,uniform-n4-t20-o80-s10005,c2_verify_revise,8000,6,react_step,560,941,50,stop,False,1616,1616,29.442789815366268
c2_verify_revise__uniform-n4-t20-o80-s10005__cap8000__Qwen-Qwen3-32B-AWQ,uniform-n4-t20-o80-s10005,c2_verify_revise,8000,7,finalize,93,0,7,stop,False,788,788,0.2811055602505803
c2_verify_revise__uniform-n6-t100-o20-s10005__cap16000__Qwen-Qwen3-32B-AWQ,uniform-n6-t100-o20-s10005,c2_verify_revise,16000,0,react_step,225,1177,7,stop,False,15519,15519,36.23215874936432
c2_verify_revise__uniform-n6-t100-o20-s10005__cap16000__Qwen-Qwen3-32B-AWQ,uniform-n6-t100-o20-s10005,c2_verify_revise,16000,1,react_step,262,599,32,stop,False,14073,14073,19.376316893845797
c2_verify_revise__uniform-n6-t100-o20-s10005__cap16000__Qwen-Qwen3-32B-AWQ,uniform-n6-t100-o20-s10005,c2_verify_revise,16000,2,react_step,344,593,27,stop,False,13098,13098,19.074189707636833
c2_verify_revise__uniform-n6-t100-o20-s10005__cap16000__Qwen-Qwen3-32B-AWQ,uniform-n6-t100-o20-s10005,c2_verify_revise,16000,3,react_step,421,527,52,stop,False,12057,12057,17.889340451918542
c2_verify_revise__uniform-n6-t100-o20-s10005__cap16000__Qwen-Qwen3-32B-AWQ,uniform-n6-t100-o20-s10005,c2_verify_revise,16000,4,react_step,499,971,46,stop,False,10979,10979,31.43265092279762
c2_verify_revise__uniform-n6-t100-o20-s10005__cap16000__Qwen-Qwen3-32B-AWQ,uniform-n6-t100-o20-s10005,c2_verify_revise,16000,5,react_step,569,604,37,stop,False,9393,9393,19.870540104806423
c2_verify_revise__uniform-n6-t100-o20-s10005__cap16000__Qwen-Qwen3-32B-AWQ,uniform-n6-t100-o20-s10005,c2_verify_revise,16000,6,react_step,656,734,58,stop,False,8096,8096,24.2660475904122
c2_verify_revise__uniform-n6-t100-o20-s10005__cap16000__Qwen-Qwen3-32B-AWQ,uniform-n6-t100-o20-s10005,c2_verify_revise,16000,7,react_step,740,2440,28,stop,False,6564,6564,77.1000331863761
c2_verify_revise__uniform-n6-t100-o20-s10005__cap16000__Qwen-Qwen3-32B-AWQ,uniform-n6-t100-o20-s10005,c2_verify_revise,16000,8,react_step,818,3278,0,length,False,3278,3278,98.98183045256883
c2_verify_revise__uniform-n6-t100-o20-s10005__cap16000__Qwen-Qwen3-32B-AWQ,uniform-n6-t100-o20-s10005,c2_verify_revise,16000,9,finalize,93,0,7,stop,False,163,163,0.26415460370481014
c2_verify_revise__uniform-n6-t100-o20-s10005__cap32000__Qwen-Qwen3-32B-AWQ,uniform-n6-t100-o20-s10005,c2_verify_revise,32000,0,react_step,225,1177,7,stop,False,31519,31519,34.7513113161549
c2_verify_revise__uniform-n6-t100-o20-s10005__cap32000__Qwen-Qwen3-32B-AWQ,uniform-n6-t100-o20-s10005,c2_verify_revise,32000,1,react_step,262,599,32,stop,False,30073,30073,18.577003146521747
c2_verify_revise__uniform-n6-t100-o20-s10005__cap32000__Qwen-Qwen3-32B-AWQ,uniform-n6-t100-o20-s10005,c2_verify_revise,32000,2,react_step,344,593,27,stop,False,29098,29098,18.309925307519734
c2_verify_revise__uniform-n6-t100-o20-s10005__cap32000__Qwen-Qwen3-32B-AWQ,uniform-n6-t100-o20-s10005,c2_verify_revise,32000,3,react_step,421,527,52,stop,False,28057,28057,17.16255139093846
c2_verify_revise__uniform-n6-t100-o20-s10005__cap32000__Qwen-Qwen3-32B-AWQ,uniform-n6-t100-o20-s10005,c2_verify_revise,32000,4,react_step,499,971,46,stop,False,26979,26979,30.14226319640875
c2_verify_revise__uniform-n6-t100-o20-s10005__cap32000__Qwen-Qwen3-32B-AWQ,uniform-n6-t100-o20-s10005,c2_verify_revise,32000,5,react_step,569,604,37,stop,False,25393,25393,19.108078299090266
c2_verify_revise__uniform-n6-t100-o20-s10005__cap32000__Qwen-Qwen3-32B-AWQ,uniform-n6-t100-o20-s10005,c2_verify_revise,32000,6,react_step,656,734,58,stop,False,24096,24096,23.659005287103355
c2_verify_revise__uniform-n6-t100-o20-s10005__cap32000__Qwen-Qwen3-32B-AWQ,uniform-n6-t100-o20-s10005,c2_verify_revise,32000,7,react_step,740,2440,28,stop,False,22564,22564,74.22263143118471
c2_verify_revise__uniform-n6-t100-o20-s10005__cap32000__Qwen-Qwen3-32B-AWQ,uniform-n6-t100-o20-s10005,c2_verify_revise,32000,8,react_step,818,6150,26,stop,False,19278,19278,190.15464715100825
c2_verify_revise__uniform-n6-t100-o20-s10005__cap32000__Qwen-Qwen3-32B-AWQ,uniform-n6-t100-o20-s10005,c2_verify_revise,32000,9,react_step,864,1093,42,stop,False,12238,12238,34.11116206180304
c2_verify_revise__uniform-n6-t100-o20-s10005__cap32000__Qwen-Qwen3-32B-AWQ,uniform-n6-t100-o20-s10005,c2_verify_revise,32000,10,react_step,956,1180,142,stop,False,10147,10147,39.792881552129984
c2_verify_revise__uniform-n6-t100-o20-s10005__cap32000__Qwen-Qwen3-32B-AWQ,uniform-n6-t100-o20-s10005,c2_verify_revise,32000,11,react_step,1124,2383,15,stop,False,7701,7701,72.71370297949761
c2_verify_revise__uniform-n6-t100-o20-s10005__cap32000__Qwen-Qwen3-32B-AWQ,uniform-n6-t100-o20-s10005,c2_verify_revise,32000,12,react_step,1165,673,26,stop,False,4138,4138,21.48251688014716
c2_verify_revise__uniform-n6-t100-o20-s10005__cap32000__Qwen-Qwen3-32B-AWQ,uniform-n6-t100-o20-s10005,c2_verify_revise,32000,13,react_step,1211,2228,0,length,False,2228,2228,67.65785548277199
c2_verify_revise__uniform-n6-t100-o20-s10005__cap32000__Qwen-Qwen3-32B-AWQ,uniform-n6-t100-o20-s10005,c2_verify_revise,32000,14,finalize,111,0,57,stop,False,145,145,1.7244167597964406
c2_verify_revise__uniform-n6-t100-o20-s10005__cap64000__Qwen-Qwen3-32B-AWQ,uniform-n6-t100-o20-s10005,c2_verify_revise,64000,0,react_step,225,1177,7,stop,True,63519,32543,34.65926963835955
c2_verify_revise__uniform-n6-t100-o20-s10005__cap64000__Qwen-Qwen3-32B-AWQ,uniform-n6-t100-o20-s10005,c2_verify_revise,64000,1,react_step,262,599,32,stop,True,62073,32506,18.51986711192876
c2_verify_revise__uniform-n6-t100-o20-s10005__cap64000__Qwen-Qwen3-32B-AWQ,uniform-n6-t100-o20-s10005,c2_verify_revise,64000,2,react_step,344,593,27,stop,True,61098,32424,18.261912811547518
c2_verify_revise__uniform-n6-t100-o20-s10005__cap64000__Qwen-Qwen3-32B-AWQ,uniform-n6-t100-o20-s10005,c2_verify_revise,64000,3,react_step,421,527,52,stop,True,60057,32347,17.116384563036263
c2_verify_revise__uniform-n6-t100-o20-s10005__cap64000__Qwen-Qwen3-32B-AWQ,uniform-n6-t100-o20-s10005,c2_verify_revise,64000,4,react_step,499,971,46,stop,True,58979,32269,30.061620240099728
c2_verify_revise__uniform-n6-t100-o20-s10005__cap64000__Qwen-Qwen3-32B-AWQ,uniform-n6-t100-o20-s10005,c2_verify_revise,64000,5,react_step,569,604,37,stop,True,57393,32199,19.06976626161486
c2_verify_revise__uniform-n6-t100-o20-s10005__cap64000__Qwen-Qwen3-32B-AWQ,uniform-n6-t100-o20-s10005,c2_verify_revise,64000,6,react_step,656,734,58,stop,True,56096,32112,23.601212504319847
c2_verify_revise__uniform-n6-t100-o20-s10005__cap64000__Qwen-Qwen3-32B-AWQ,uniform-n6-t100-o20-s10005,c2_verify_revise,64000,7,react_step,740,2440,28,stop,True,54564,32028,73.87079903390259
c2_verify_revise__uniform-n6-t100-o20-s10005__cap64000__Qwen-Qwen3-32B-AWQ,uniform-n6-t100-o20-s10005,c2_verify_revise,64000,8,react_step,818,6150,26,stop,True,51278,31950,189.14614269696176
c2_verify_revise__uniform-n6-t100-o20-s10005__cap64000__Qwen-Qwen3-32B-AWQ,uniform-n6-t100-o20-s10005,c2_verify_revise,64000,9,react_step,864,1093,42,stop,True,44238,31904,34.006566100753844
c2_verify_revise__uniform-n6-t100-o20-s10005__cap64000__Qwen-Qwen3-32B-AWQ,uniform-n6-t100-o20-s10005,c2_verify_revise,64000,10,react_step,956,1180,142,stop,True,42147,31812,39.660947491414845
c2_verify_revise__uniform-n6-t100-o20-s10005__cap64000__Qwen-Qwen3-32B-AWQ,uniform-n6-t100-o20-s10005,c2_verify_revise,64000,11,react_step,1124,2383,15,stop,True,39701,31644,72.45784628111869
c2_verify_revise__uniform-n6-t100-o20-s10005__cap64000__Qwen-Qwen3-32B-AWQ,uniform-n6-t100-o20-s10005,c2_verify_revise,64000,12,react_step,1165,673,26,stop,True,36138,31603,21.419962278567255
c2_verify_revise__uniform-n6-t100-o20-s10005__cap64000__Qwen-Qwen3-32B-AWQ,uniform-n6-t100-o20-s10005,c2_verify_revise,64000,13,react_step,1211,5215,167,stop,True,34228,31557,165.3178810570389
c2_verify_revise__uniform-n6-t100-o20-s10005__cap64000__Qwen-Qwen3-32B-AWQ,uniform-n6-t100-o20-s10005,c2_verify_revise,64000,14,react_step,1404,2921,93,stop,False,27442,27442,91.81689746305346
c2_verify_revise__uniform-n6-t100-o20-s10005__cap64000__Qwen-Qwen3-32B-AWQ,uniform-n6-t100-o20-s10005,c2_verify_revise,64000,15,verify,1603,809,361,stop,False,22825,22825,35.95568721462041
c2_verify_revise__uniform-n6-t100-o20-s10005__cap64000__Qwen-Qwen3-32B-AWQ,uniform-n6-t100-o20-s10005,c2_verify_revise,64000,16,revise,2046,868,26,stop,False,19609,19609,28.163290604017675
c2_verify_revise__uniform-n6-t100-o20-s10005__cap64000__Qwen-Qwen3-32B-AWQ,uniform-n6-t100-o20-s10005,c2_verify_revise,64000,17,verify,2178,412,361,stop,False,16537,16537,24.68534168601036
c2_verify_revise__uniform-n6-t100-o20-s10005__cap64000__Qwen-Qwen3-32B-AWQ,uniform-n6-t100-o20-s10005,c2_verify_revise,64000,18,revise,2621,1174,26,stop,False,13143,13143,38.19162635412067
c2_verify_revise__uniform-n6-t100-o20-s10005__cap64000__Qwen-Qwen3-32B-AWQ,uniform-n6-t100-o20-s10005,c2_verify_revise,64000,19,finalize,111,0,57,stop,False,12088,12088,1.738814141601324
c2_verify_revise__uniform-n6-t100-o20-s10005__cap8000__Qwen-Qwen3-32B-AWQ,uniform-n6-t100-o20-s10005,c2_verify_revise,8000,0,react_step,225,1177,7,stop,False,7519,7519,34.7383396923542
c2_verify_revise__uniform-n6-t100-o20-s10005__cap8000__Qwen-Qwen3-32B-AWQ,uniform-n6-t100-o20-s10005,c2_verify_revise,8000,1,react_step,262,599,32,stop,False,6073,6073,18.57152787130326
c2_verify_revise__uniform-n6-t100-o20-s10005__cap8000__Qwen-Qwen3-32B-AWQ,uniform-n6-t100-o20-s10005,c2_verify_revise,8000,2,react_step,344,593,27,stop,False,5098,5098,18.31211994960904
c2_verify_revise__uniform-n6-t100-o20-s10005__cap8000__Qwen-Qwen3-32B-AWQ,uniform-n6-t100-o20-s10005,c2_verify_revise,8000,3,react_step,421,527,52,stop,False,4057,4057,17.16170713957399
c2_verify_revise__uniform-n6-t100-o20-s10005__cap8000__Qwen-Qwen3-32B-AWQ,uniform-n6-t100-o20-s10005,c2_verify_revise,8000,4,react_step,499,971,46,stop,False,2979,2979,30.141187460161746
c2_verify_revise__uniform-n6-t100-o20-s10005__cap8000__Qwen-Qwen3-32B-AWQ,uniform-n6-t100-o20-s10005,c2_verify_revise,8000,5,react_step,569,604,37,stop,False,1393,1393,19.109517933800817
c2_verify_revise__uniform-n6-t100-o20-s10005__cap8000__Qwen-Qwen3-32B-AWQ,uniform-n6-t100-o20-s10005,c2_verify_revise,8000,6,react_step,656,96,0,length,False,96,96,3.2341890009120107
c2_verify_revise__uniform-n6-t100-o20-s10005__cap8000__Qwen-Qwen3-32B-AWQ,uniform-n6-t100-o20-s10005,c2_verify_revise,8000,7,finalize,93,0,7,stop,False,163,163,0.26468133367598057
c2_verify_revise__uniform-n6-t100-o20-s10006__cap16000__Qwen-Qwen3-32B-AWQ,uniform-n6-t100-o20-s10006,c2_verify_revise,16000,0,react_step,225,1177,7,stop,False,15519,15519,34.742371070198715
c2_verify_revise__uniform-n6-t100-o20-s10006__cap16000__Qwen-Qwen3-32B-AWQ,uniform-n6-t100-o20-s10006,c2_verify_revise,16000,1,react_step,262,599,32,stop,False,14073,14073,18.574661375954747
c2_verify_revise__uniform-n6-t100-o20-s10006__cap16000__Qwen-Qwen3-32B-AWQ,uniform-n6-t100-o20-s10006,c2_verify_revise,16000,2,react_step,344,594,30,stop,False,13098,13098,18.428073002956808
c2_verify_revise__uniform-n6-t100-o20-s10006__cap16000__Qwen-Qwen3-32B-AWQ,uniform-n6-t100-o20-s10006,c2_verify_revise,16000,3,react_step,424,932,26,stop,False,12050,12050,28.298933231271803
c2_verify_revise__uniform-n6-t100-o20-s10006__cap16000__Qwen-Qwen3-32B-AWQ,uniform-n6-t100-o20-s10006,c2_verify_revise,16000,4,react_step,498,720,26,stop,False,10594,10594,22.12805666681379
c2_verify_revise__uniform-n6-t100-o20-s10006__cap16000__Qwen-Qwen3-32B-AWQ,uniform-n6-t100-o20-s10006,c2_verify_revise,16000,5,react_step,574,967,26,stop,False,9274,9274,29.528935050591826
c2_verify_revise__uniform-n6-t100-o20-s10006__cap16000__Qwen-Qwen3-32B-AWQ,uniform-n6-t100-o20-s10006,c2_verify_revise,16000,6,react_step,650,853,28,stop,False,7631,7631,26.295598314143717
c2_verify_revise__uniform-n6-t100-o20-s10006__cap16000__Qwen-Qwen3-32B-AWQ,uniform-n6-t100-o20-s10006,c2_verify_revise,16000,7,react_step,727,1095,43,stop,False,6023,6023,34.01780239958316
c2_verify_revise__uniform-n6-t100-o20-s10006__cap16000__Qwen-Qwen3-32B-AWQ,uniform-n6-t100-o20-s10006,c2_verify_revise,16000,8,react_step,794,1504,15,stop,False,4091,4091,45.45250666514039
c2_verify_revise__uniform-n6-t100-o20-s10006__cap16000__Qwen-Qwen3-32B-AWQ,uniform-n6-t100-o20-s10006,c2_verify_revise,16000,9,react_step,835,1737,0,length,False,1737,1737,52.031581507995725
c2_verify_revise__uniform-n6-t100-o20-s10006__cap16000__Qwen-Qwen3-32B-AWQ,uniform-n6-t100-o20-s10006,c2_verify_revise,16000,10,finalize,93,0,7,stop,False,163,163,0.2662945557385683
c2_verify_revise__uniform-n6-t100-o20-s10006__cap32000__Qwen-Qwen3-32B-AWQ,uniform-n6-t100-o20-s10006,c2_verify_revise,32000,0,react_step,225,1177,7,stop,False,31519,31519,35.43807434104383
c2_verify_revise__uniform-n6-t100-o20-s10006__cap32000__Qwen-Qwen3-32B-AWQ,uniform-n6-t100-o20-s10006,c2_verify_revise,32000,1,react_step,262,599,32,stop,False,30073,30073,18.52893157862127
c2_verify_revise__uniform-n6-t100-o20-s10006__cap32000__Qwen-Qwen3-32B-AWQ,uniform-n6-t100-o20-s10006,c2_verify_revise,32000,2,react_step,344,594,30,stop,False,29098,29098,18.38750507775694
c2_verify_revise__uniform-n6-t100-o20-s10006__cap32000__Qwen-Qwen3-32B-AWQ,uniform-n6-t100-o20-s10006,c2_verify_revise,32000,3,react_step,424,932,26,stop,False,28050,28050,28.759192679077387
c2_verify_revise__uniform-n6-t100-o20-s10006__cap32000__Qwen-Qwen3-32B-AWQ,uniform-n6-t100-o20-s10006,c2_verify_revise,32000,4,react_step,498,720,26,stop,False,26594,26594,22.0773056615144
c2_verify_revise__uniform-n6-t100-o20-s10006__cap32000__Qwen-Qwen3-32B-AWQ,uniform-n6-t100-o20-s10006,c2_verify_revise,32000,5,react_step,574,967,26,stop,False,25274,25274,29.454533778131008
c2_verify_revise__uniform-n6-t100-o20-s10006__cap32000__Qwen-Qwen3-32B-AWQ,uniform-n6-t100-o20-s10006,c2_verify_revise,32000,6,react_step,650,853,28,stop,False,23631,23631,26.232104564085603
c2_verify_revise__uniform-n6-t100-o20-s10006__cap32000__Qwen-Qwen3-32B-AWQ,uniform-n6-t100-o20-s10006,c2_verify_revise,32000,7,react_step,727,1095,43,stop,False,22023,22023,33.941632634960115
c2_verify_revise__uniform-n6-t100-o20-s10006__cap32000__Qwen-Qwen3-32B-AWQ,uniform-n6-t100-o20-s10006,c2_verify_revise,32000,8,react_step,794,1504,15,stop,False,20091,20091,45.83884129021317
c2_verify_revise__uniform-n6-t100-o20-s10006__cap32000__Qwen-Qwen3-32B-AWQ,uniform-n6-t100-o20-s10006,c2_verify_revise,32000,9,react_step,835,8396,40,stop,False,17737,17737,262.70538127981126
c2_verify_revise__uniform-n6-t100-o20-s10006__cap32000__Qwen-Qwen3-32B-AWQ,uniform-n6-t100-o20-s10006,c2_verify_revise,32000,10,react_step,899,2746,15,stop,False,8402,8402,83.13066277466714
c2_verify_revise__uniform-n6-t100-o20-s10006__cap32000__Qwen-Qwen3-32B-AWQ,uniform-n6-t100-o20-s10006,c2_verify_revise,32000,11,react_step,940,4533,150,stop,False,4701,4701,143.61313206050545
c2_verify_revise__uniform-n6-t100-o20-s10006__cap32000__Qwen-Qwen3-32B-AWQ,uniform-n6-t100-o20-s10006,c2_verify_revise,32000,12,finalize,93,0,7,stop,False,181,181,0.2790810000151396
c2_verify_revise__uniform-n6-t100-o20-s10006__cap64000__Qwen-Qwen3-32B-AWQ,uniform-n6-t100-o20-s10006,c2_verify_revise,64000,0,react_step,225,1532,7,stop,True,63519,32543,47.02114879898727
c2_verify_revise__uniform-n6-t100-o20-s10006__cap64000__Qwen-Qwen3-32B-AWQ,uniform-n6-t100-o20-s10006,c2_verify_revise,64000,1,react_step,262,1491,34,stop,True,61718,32506,46.84759075008333
c2_verify_revise__uniform-n6-t100-o20-s10006__cap64000__Qwen-Qwen3-32B-AWQ,uniform-n6-t100-o20-s10006,c2_verify_revise,64000,2,react_step,346,388,45,stop,True,59847,32422,13.252203539013863
c2_verify_revise__uniform-n6-t100-o20-s10006__cap64000__Qwen-Qwen3-32B-AWQ,uniform-n6-t100-o20-s10006,c2_verify_revise,64000,3,react_step,415,399,10,stop,True,58999,32353,12.679676940664649
c2_verify_revise__uniform-n6-t100-o20-s10006__cap64000__Qwen-Qwen3-32B-AWQ,uniform-n6-t100-o20-s10006,c2_verify_revise,64000,4,react_step,475,1150,44,stop,True,58115,32293,36.96646015532315
c2_verify_revise__uniform-n6-t100-o20-s10006__cap64000__Qwen-Qwen3-32B-AWQ,uniform-n6-t100-o20-s10006,c2_verify_revise,64000,5,react_step,543,589,111,stop,True,56378,32225,21.52407345082611
c2_verify_revise__uniform-n6-t100-o20-s10006__cap64000__Qwen-Qwen3-32B-AWQ,uniform-n6-t100-o20-s10006,c2_verify_revise,64000,6,react_step,702,518,13,stop,True,54976,32066,16.76351632643491
c2_verify_revise__uniform-n6-t100-o20-s10006__cap64000__Qwen-Qwen3-32B-AWQ,uniform-n6-t100-o20-s10006,c2_verify_revise,64000,7,react_step,739,5451,88,stop,True,53706,32029,174.66633268911391
c2_verify_revise__uniform-n6-t100-o20-s10006__cap64000__Qwen-Qwen3-32B-AWQ,uniform-n6-t100-o20-s10006,c2_verify_revise,64000,8,react_step,847,736,37,stop,True,47320,31921,24.391427845694125
c2_verify_revise__uniform-n6-t100-o20-s10006__cap64000__Qwen-Qwen3-32B-AWQ,uniform-n6-t100-o20-s10006,c2_verify_revise,64000,9,react_step,934,1125,67,stop,True,45613,31834,37.28261352516711
c2_verify_revise__uniform-n6-t100-o20-s10006__cap64000__Qwen-Qwen3-32B-AWQ,uniform-n6-t100-o20-s10006,c2_verify_revise,64000,10,react_step,1027,1701,113,stop,True,43394,31741,56.72551937587559
c2_verify_revise__uniform-n6-t100-o20-s10006__cap64000__Qwen-Qwen3-32B-AWQ,uniform-n6-t100-o20-s10006,c2_verify_revise,64000,11,react_step,1190,329,15,stop,True,40390,31578,11.348643755540252
c2_verify_revise__uniform-n6-t100-o20-s10006__cap64000__Qwen-Qwen3-32B-AWQ,uniform-n6-t100-o20-s10006,c2_verify_revise,64000,12,react_step,1231,488,10,stop,True,38815,31537,16.068598238751292
c2_verify_revise__uniform-n6-t100-o20-s10006__cap64000__Qwen-Qwen3-32B-AWQ,uniform-n6-t100-o20-s10006,c2_verify_revise,64000,13,react_step,1290,3529,81,stop,True,37027,31478,114.02303064148873
c2_verify_revise__uniform-n6-t100-o20-s10006__cap64000__Qwen-Qwen3-32B-AWQ,uniform-n6-t100-o20-s10006,c2_verify_revise,64000,14,react_step,1391,3072,5,stop,True,32026,31377,97.1580282850191
c2_verify_revise__uniform-n6-t100-o20-s10006__cap64000__Qwen-Qwen3-32B-AWQ,uniform-n6-t100-o20-s10006,c2_verify_revise,64000,15,verify,1502,1082,351,stop,False,27447,27447,45.64855497237295
c2_verify_revise__uniform-n6-t100-o20-s10006__cap64000__Qwen-Qwen3-32B-AWQ,uniform-n6-t100-o20-s10006,c2_verify_revise,64000,16,revise,1935,1441,38,stop,False,24079,24079,47.55852825380862
c2_verify_revise__uniform-n6-t100-o20-s10006__cap64000__Qwen-Qwen3-32B-AWQ,uniform-n6-t100-o20-s10006,c2_verify_revise,64000,17,verify,2079,1052,437,stop,False,20521,20521,47.90373057126999
c2_verify_revise__uniform-n6-t100-o20-s10006__cap64000__Qwen-Qwen3-32B-AWQ,uniform-n6-t100-o20-s10006,c2_verify_revise,64000,18,revise,2598,3086,32,stop,False,16434,16434,101.22557296324521
c2_verify_revise__uniform-n6-t100-o20-s10006__cap64000__Qwen-Qwen3-32B-AWQ,uniform-n6-t100-o20-s10006,c2_verify_revise,64000,19,finalize,93,0,7,stop,False,13479,13479,0.3184944083914161
c2_verify_revise__uniform-n6-t100-o20-s10006__cap8000__Qwen-Qwen3-32B-AWQ,uniform-n6-t100-o20-s10006,c2_verify_revise,8000,0,react_step,225,1177,7,stop,False,7519,7519,36.28916695341468
c2_verify_revise__uniform-n6-t100-o20-s10006__cap8000__Qwen-Qwen3-32B-AWQ,uniform-n6-t100-o20-s10006,c2_verify_revise,8000,1,react_step,262,599,32,stop,False,6073,6073,19.40182065498084
c2_verify_revise__uniform-n6-t100-o20-s10006__cap8000__Qwen-Qwen3-32B-AWQ,uniform-n6-t100-o20-s10006,c2_verify_revise,8000,2,react_step,344,594,30,stop,False,5098,5098,19.21132384892553
c2_verify_revise__uniform-n6-t100-o20-s10006__cap8000__Qwen-Qwen3-32B-AWQ,uniform-n6-t100-o20-s10006,c2_verify_revise,8000,3,react_step,424,932,26,stop,False,4050,4050,28.432751308195293
c2_verify_revise__uniform-n6-t100-o20-s10006__cap8000__Qwen-Qwen3-32B-AWQ,uniform-n6-t100-o20-s10006,c2_verify_revise,8000,4,react_step,498,720,26,stop,False,2594,2594,22.132743330672383
c2_verify_revise__uniform-n6-t100-o20-s10006__cap8000__Qwen-Qwen3-32B-AWQ,uniform-n6-t100-o20-s10006,c2_verify_revise,8000,5,react_step,574,967,26,stop,False,1274,1274,29.522098688408732
c2_verify_revise__uniform-n6-t100-o20-s10006__cap8000__Qwen-Qwen3-32B-AWQ,uniform-n6-t100-o20-s10006,c2_verify_revise,8000,6,finalize,93,0,7,stop,False,444,444,0.28124639578163624
c2_verify_revise__uniform-n6-t100-o80-s10005__cap16000__Qwen-Qwen3-32B-AWQ,uniform-n6-t100-o80-s10005,c2_verify_revise,16000,0,react_step,225,1177,7,stop,False,15519,15519,34.738750418648124
c2_verify_revise__uniform-n6-t100-o80-s10005__cap16000__Qwen-Qwen3-32B-AWQ,uniform-n6-t100-o80-s10005,c2_verify_revise,16000,1,react_step,262,599,32,stop,False,14073,14073,18.572389436885715
c2_verify_revise__uniform-n6-t100-o80-s10005__cap16000__Qwen-Qwen3-32B-AWQ,uniform-n6-t100-o80-s10005,c2_verify_revise,16000,2,react_step,344,1010,50,stop,False,13098,13098,31.23746651597321
c2_verify_revise__uniform-n6-t100-o80-s10005__cap16000__Qwen-Qwen3-32B-AWQ,uniform-n6-t100-o80-s10005,c2_verify_revise,16000,3,react_step,418,364,10,stop,False,11620,11620,11.1727365963161
c2_verify_revise__uniform-n6-t100-o80-s10005__cap16000__Qwen-Qwen3-32B-AWQ,uniform-n6-t100-o80-s10005,c2_verify_revise,16000,4,react_step,478,692,64,stop,False,10768,10768,22.39155099540949
c2_verify_revise__uniform-n6-t100-o80-s10005__cap16000__Qwen-Qwen3-32B-AWQ,uniform-n6-t100-o80-s10005,c2_verify_revise,16000,5,react_step,568,806,104,stop,False,9444,9444,27.058357012458146
c2_verify_revise__uniform-n6-t100-o80-s10005__cap16000__Qwen-Qwen3-32B-AWQ,uniform-n6-t100-o80-s10005,c2_verify_revise,16000,6,react_step,722,1087,13,stop,False,7812,7812,32.86701431404799
c2_verify_revise__uniform-n6-t100-o80-s10005__cap16000__Qwen-Qwen3-32B-AWQ,uniform-n6-t100-o80-s10005,c2_verify_revise,16000,7,react_step,759,5953,0,length,False,5953,5953,182.363071128726
c2_verify_revise__uniform-n6-t100-o80-s10005__cap16000__Qwen-Qwen3-32B-AWQ,uniform-n6-t100-o80-s10005,c2_verify_revise,16000,8,finalize,93,0,7,stop,False,163,163,0.2652205340564251
c2_verify_revise__uniform-n6-t100-o80-s10005__cap32000__Qwen-Qwen3-32B-AWQ,uniform-n6-t100-o80-s10005,c2_verify_revise,32000,0,react_step,225,1177,7,stop,False,31519,31519,34.67735031247139
c2_verify_revise__uniform-n6-t100-o80-s10005__cap32000__Qwen-Qwen3-32B-AWQ,uniform-n6-t100-o80-s10005,c2_verify_revise,32000,1,react_step,262,599,32,stop,False,30073,30073,18.535258415155113
c2_verify_revise__uniform-n6-t100-o80-s10005__cap32000__Qwen-Qwen3-32B-AWQ,uniform-n6-t100-o80-s10005,c2_verify_revise,32000,2,react_step,344,1010,50,stop,False,29098,29098,31.181072663515806
c2_verify_revise__uniform-n6-t100-o80-s10005__cap32000__Qwen-Qwen3-32B-AWQ,uniform-n6-t100-o80-s10005,c2_verify_revise,32000,3,react_step,418,364,10,stop,False,27620,27620,11.14820305723697
c2_verify_revise__uniform-n6-t100-o80-s10005__cap32000__Qwen-Qwen3-32B-AWQ,uniform-n6-t100-o80-s10005,c2_verify_revise,32000,4,react_step,478,692,64,stop,False,26768,26768,22.362063015811145
c2_verify_revise__uniform-n6-t100-o80-s10005__cap32000__Qwen-Qwen3-32B-AWQ,uniform-n6-t100-o80-s10005,c2_verify_revise,32000,5,react_step,568,806,104,stop,False,25444,25444,27.003019077703357
c2_verify_revise__uniform-n6-t100-o80-s10005__cap32000__Qwen-Qwen3-32B-AWQ,uniform-n6-t100-o80-s10005,c2_verify_revise,32000,6,react_step,722,1087,13,stop,False,23812,23812,32.80661488510668
c2_verify_revise__uniform-n6-t100-o80-s10005__cap32000__Qwen-Qwen3-32B-AWQ,uniform-n6-t100-o80-s10005,c2_verify_revise,32000,7,react_step,759,7556,66,stop,False,21953,21953,235.3684529485181
c2_verify_revise__uniform-n6-t100-o80-s10005__cap32000__Qwen-Qwen3-32B-AWQ,uniform-n6-t100-o80-s10005,c2_verify_revise,32000,8,react_step,845,1167,55,stop,False,13486,13486,36.7357388837263
c2_verify_revise__uniform-n6-t100-o80-s10005__cap32000__Qwen-Qwen3-32B-AWQ,uniform-n6-t100-o80-s10005,c2_verify_revise,32000,9,react_step,950,1641,86,stop,False,11314,11314,52.13322287797928
c2_verify_revise__uniform-n6-t100-o80-s10005__cap32000__Qwen-Qwen3-32B-AWQ,uniform-n6-t100-o80-s10005,c2_verify_revise,32000,10,react_step,1062,2688,10,stop,False,8525,8525,81.65965017210692
c2_verify_revise__uniform-n6-t100-o80-s10005__cap32000__Qwen-Qwen3-32B-AWQ,uniform-n6-t100-o80-s10005,c2_verify_revise,32000,11,react_step,1122,546,15,stop,False,4705,4705,17.286766844801605
c2_verify_revise__uniform-n6-t100-o80-s10005__cap32000__Qwen-Qwen3-32B-AWQ,uniform-n6-t100-o80-s10005,c2_verify_revise,32000,12,react_step,1163,1639,10,stop,False,2981,2981,49.828607317991555
c2_verify_revise__uniform-n6-t100-o80-s10005__cap32000__Qwen-Qwen3-32B-AWQ,uniform-n6-t100-o80-s10005,c2_verify_revise,32000,13,react_step,1223,109,0,length,False,109,109,4.029880553483963
c2_verify_revise__uniform-n6-t100-o80-s10005__cap32000__Qwen-Qwen3-32B-AWQ,uniform-n6-t100-o80-s10005,c2_verify_revise,32000,14,finalize,93,0,7,stop,False,163,163,0.26412450708448887
c2_verify_revise__uniform-n6-t100-o80-s10005__cap64000__Qwen-Qwen3-32B-AWQ,uniform-n6-t100-o80-s10005,c2_verify_revise,64000,0,react_step,225,1177,7,stop,True,63519,32543,34.714260139502585
c2_verify_revise__uniform-n6-t100-o80-s10005__cap64000__Qwen-Qwen3-32B-AWQ,uniform-n6-t100-o80-s10005,c2_verify_revise,64000,1,react_step,262,599,32,stop,True,62073,32506,18.557960871607065
c2_verify_revise__uniform-n6-t100-o80-s10005__cap64000__Qwen-Qwen3-32B-AWQ,uniform-n6-t100-o80-s10005,c2_verify_revise,64000,2,react_step,344,1010,50,stop,True,61098,32424,31.210120142437518
c2_verify_revise__uniform-n6-t100-o80-s10005__cap64000__Qwen-Qwen3-32B-AWQ,uniform-n6-t100-o80-s10005,c2_verify_revise,64000,3,react_step,418,364,10,stop,True,59620,32350,11.16645857039839
c2_verify_revise__uniform-n6-t100-o80-s10005__cap64000__Qwen-Qwen3-32B-AWQ,uniform-n6-t100-o80-s10005,c2_verify_revise,64000,4,react_step,478,692,64,stop,True,58768,32290,22.383870067074895
c2_verify_revise__uniform-n6-t100-o80-s10005__cap64000__Qwen-Qwen3-32B-AWQ,uniform-n6-t100-o80-s10005,c2_verify_revise,64000,5,react_step,568,806,104,stop,True,57444,32200,27.03141861502081
c2_verify_revise__uniform-n6-t100-o80-s10005__cap64000__Qwen-Qwen3-32B-AWQ,uniform-n6-t100-o80-s10005,c2_verify_revise,64000,6,react_step,722,1087,13,stop,True,55812,32046,32.85351879615337
c2_verify_revise__uniform-n6-t100-o80-s10005__cap64000__Qwen-Qwen3-32B-AWQ,uniform-n6-t100-o80-s10005,c2_verify_revise,64000,7,react_step,759,7556,66,stop,True,53953,32009,235.89285287074745
c2_verify_revise__uniform-n6-t100-o80-s10005__cap64000__Qwen-Qwen3-32B-AWQ,uniform-n6-t100-o80-s10005,c2_verify_revise,64000,8,react_step,845,1167,55,stop,True,45486,31923,36.650382827967405
c2_verify_revise__uniform-n6-t100-o80-s10005__cap64000__Qwen-Qwen3-32B-AWQ,uniform-n6-t100-o80-s10005,c2_verify_revise,64000,9,react_step,950,1641,86,stop,True,43314,31818,51.90289098955691
c2_verify_revise__uniform-n6-t100-o80-s10005__cap64000__Qwen-Qwen3-32B-AWQ,uniform-n6-t100-o80-s10005,c2_verify_revise,64000,10,react_step,1062,2688,10,stop,True,40525,31706,81.63226473610848
c2_verify_revise__uniform-n6-t100-o80-s10005__cap64000__Qwen-Qwen3-32B-AWQ,uniform-n6-t100-o80-s10005,c2_verify_revise,64000,11,react_step,1122,546,15,stop,True,36705,31646,17.323012677021325
c2_verify_revise__uniform-n6-t100-o80-s10005__cap64000__Qwen-Qwen3-32B-AWQ,uniform-n6-t100-o80-s10005,c2_verify_revise,64000,12,react_step,1163,1639,10,stop,True,34981,31605,49.912809517234564
c2_verify_revise__uniform-n6-t100-o80-s10005__cap64000__Qwen-Qwen3-32B-AWQ,uniform-n6-t100-o80-s10005,c2_verify_revise,64000,13,react_step,1223,5814,52,stop,True,32109,31545,181.0753955040127
c2_verify_revise__uniform-n6-t100-o80-s10005__cap64000__Qwen-Qwen3-32B-AWQ,uniform-n6-t100-o80-s10005,c2_verify_revise,64000,14,react_step,1295,6117,5,stop,False,24948,24948,189.6027654632926
c2_verify_revise__uniform-n6-t100-o80-s10005__cap64000__Qwen-Qwen3-32B-AWQ,uniform-n6-t100-o80-s10005,c2_verify_revise,64000,15,verify,1406,1690,437,stop,False,17420,17420,64.87049144133925
c2_verify_revise__uniform-n6-t100-o80-s10005__cap64000__Qwen-Qwen3-32B-AWQ,uniform-n6-t100-o80-s10005,c2_verify_revise,64000,16,revise,1925,1468,12,stop,False,13368,13368,45.928138374350965
c2_verify_revise__uniform-n6-t100-o80-s10005__cap64000__Qwen-Qwen3-32B-AWQ,uniform-n6-t100-o80-s10005,c2_verify_revise,64000,17,verify,2043,1135,482,stop,False,9845,9845,50.255654896609485
c2_verify_revise__uniform-n6-t100-o80-s10005__cap64000__Qwen-Qwen3-32B-AWQ,uniform-n6-t100-o80-s10005,c2_verify_revise,64000,18,revise,2607,228,12,stop,False,5621,5621,9.046688949689269
c2_verify_revise__uniform-n6-t100-o80-s10005__cap64000__Qwen-Qwen3-32B-AWQ,uniform-n6-t100-o80-s10005,c2_verify_revise,64000,19,finalize,97,0,7,stop,False,5540,5540,0.28980851359665394
c2_verify_revise__uniform-n6-t100-o80-s10005__cap8000__Qwen-Qwen3-32B-AWQ,uniform-n6-t100-o80-s10005,c2_verify_revise,8000,0,react_step,225,1177,7,stop,False,7519,7519,34.73135438840836
c2_verify_revise__uniform-n6-t100-o80-s10005__cap8000__Qwen-Qwen3-32B-AWQ,uniform-n6-t100-o80-s10005,c2_verify_revise,8000,1,react_step,262,599,32,stop,False,6073,6073,18.573236637748778
c2_verify_revise__uniform-n6-t100-o80-s10005__cap8000__Qwen-Qwen3-32B-AWQ,uniform-n6-t100-o80-s10005,c2_verify_revise,8000,2,react_step,344,1010,50,stop,False,5098,5098,31.224955000914633
c2_verify_revise__uniform-n6-t100-o80-s10005__cap8000__Qwen-Qwen3-32B-AWQ,uniform-n6-t100-o80-s10005,c2_verify_revise,8000,3,react_step,418,364,10,stop,False,3620,3620,11.171056868508458
c2_verify_revise__uniform-n6-t100-o80-s10005__cap8000__Qwen-Qwen3-32B-AWQ,uniform-n6-t100-o80-s10005,c2_verify_revise,8000,4,react_step,478,692,64,stop,False,2768,2768,22.390830632299185
c2_verify_revise__uniform-n6-t100-o80-s10005__cap8000__Qwen-Qwen3-32B-AWQ,uniform-n6-t100-o80-s10005,c2_verify_revise,8000,5,react_step,568,806,104,stop,False,1444,1444,27.05105658341199
c2_verify_revise__uniform-n6-t100-o80-s10005__cap8000__Qwen-Qwen3-32B-AWQ,uniform-n6-t100-o80-s10005,c2_verify_revise,8000,6,finalize,93,0,7,stop,False,697,697,0.28122781682759523
c2_verify_revise__uniform-n6-t100-o80-s10006__cap16000__Qwen-Qwen3-32B-AWQ,uniform-n6-t100-o80-s10006,c2_verify_revise,16000,0,react_step,225,1177,7,stop,False,15519,15519,34.74626526143402
c2_verify_revise__uniform-n6-t100-o80-s10006__cap16000__Qwen-Qwen3-32B-AWQ,uniform-n6-t100-o80-s10006,c2_verify_revise,16000,1,react_step,262,599,32,stop,False,14073,14073,18.5738363340497
c2_verify_revise__uniform-n6-t100-o80-s10006__cap16000__Qwen-Qwen3-32B-AWQ,uniform-n6-t100-o80-s10006,c2_verify_revise,16000,2,react_step,344,444,57,stop,False,13098,13098,14.836440002545714
c2_verify_revise__uniform-n6-t100-o80-s10006__cap16000__Qwen-Qwen3-32B-AWQ,uniform-n6-t100-o80-s10006,c2_verify_revise,16000,3,react_step,425,250,75,stop,False,12172,12172,9.747720321640372
c2_verify_revise__uniform-n6-t100-o80-s10006__cap16000__Qwen-Qwen3-32B-AWQ,uniform-n6-t100-o80-s10006,c2_verify_revise,16000,4,react_step,550,564,66,stop,False,11297,11297,18.77405320480466
c2_verify_revise__uniform-n6-t100-o80-s10006__cap16000__Qwen-Qwen3-32B-AWQ,uniform-n6-t100-o80-s10006,c2_verify_revise,16000,5,react_step,642,171,10,stop,False,10025,10025,5.710955809801817
c2_verify_revise__uniform-n6-t100-o80-s10006__cap16000__Qwen-Qwen3-32B-AWQ,uniform-n6-t100-o80-s10006,c2_verify_revise,16000,6,react_step,702,325,13,stop,False,9142,9142,10.329451953060925
c2_verify_revise__uniform-n6-t100-o80-s10006__cap16000__Qwen-Qwen3-32B-AWQ,uniform-n6-t100-o80-s10006,c2_verify_revise,16000,7,react_step,739,812,32,stop,False,8065,8065,25.29152812063694
c2_verify_revise__uniform-n6-t100-o80-s10006__cap16000__Qwen-Qwen3-32B-AWQ,uniform-n6-t100-o80-s10006,c2_verify_revise,16000,8,react_step,821,4688,10,stop,False,6400,6400,143.03706732671708
c2_verify_revise__uniform-n6-t100-o80-s10006__cap16000__Qwen-Qwen3-32B-AWQ,uniform-n6-t100-o80-s10006,c2_verify_revise,16000,9,react_step,881,821,0,length,False,821,821,24.775311578065157
c2_verify_revise__uniform-n6-t100-o80-s10006__cap16000__Qwen-Qwen3-32B-AWQ,uniform-n6-t100-o80-s10006,c2_verify_revise,16000,10,finalize,93,0,7,stop,False,163,163,0.26658410113304853
c2_verify_revise__uniform-n6-t100-o80-s10006__cap32000__Qwen-Qwen3-32B-AWQ,uniform-n6-t100-o80-s10006,c2_verify_revise,32000,0,react_step,225,1177,7,stop,False,31519,31519,34.67248510941863
c2_verify_revise__uniform-n6-t100-o80-s10006__cap32000__Qwen-Qwen3-32B-AWQ,uniform-n6-t100-o80-s10006,c2_verify_revise,32000,1,react_step,262,599,32,stop,False,30073,30073,18.53627020213753
c2_verify_revise__uniform-n6-t100-o80-s10006__cap32000__Qwen-Qwen3-32B-AWQ,uniform-n6-t100-o80-s10006,c2_verify_revise,32000,2,react_step,344,444,57,stop,False,29098,29098,14.801782634109259
c2_verify_revise__uniform-n6-t100-o80-s10006__cap32000__Qwen-Qwen3-32B-AWQ,uniform-n6-t100-o80-s10006,c2_verify_revise,32000,3,react_step,425,250,75,stop,False,28172,28172,9.725874492898583
c2_verify_revise__uniform-n6-t100-o80-s10006__cap32000__Qwen-Qwen3-32B-AWQ,uniform-n6-t100-o80-s10006,c2_verify_revise,32000,4,react_step,550,564,66,stop,False,27297,27297,18.733748227357864
c2_verify_revise__uniform-n6-t100-o80-s10006__cap32000__Qwen-Qwen3-32B-AWQ,uniform-n6-t100-o80-s10006,c2_verify_revise,32000,5,react_step,642,171,10,stop,False,26025,26025,5.697759967297316
c2_verify_revise__uniform-n6-t100-o80-s10006__cap32000__Qwen-Qwen3-32B-AWQ,uniform-n6-t100-o80-s10006,c2_verify_revise,32000,6,react_step,702,325,13,stop,False,25142,25142,10.310989168472588
c2_verify_revise__uniform-n6-t100-o80-s10006__cap32000__Qwen-Qwen3-32B-AWQ,uniform-n6-t100-o80-s10006,c2_verify_revise,32000,7,react_step,739,812,32,stop,False,24065,24065,25.247135856188834
c2_verify_revise__uniform-n6-t100-o80-s10006__cap32000__Qwen-Qwen3-32B-AWQ,uniform-n6-t100-o80-s10006,c2_verify_revise,32000,8,react_step,821,4688,10,stop,False,22400,22400,142.6876790234819
c2_verify_revise__uniform-n6-t100-o80-s10006__cap32000__Qwen-Qwen3-32B-AWQ,uniform-n6-t100-o80-s10006,c2_verify_revise,32000,9,react_step,881,6251,103,stop,False,16821,16821,196.22790971584618
c2_verify_revise__uniform-n6-t100-o80-s10006__cap32000__Qwen-Qwen3-32B-AWQ,uniform-n6-t100-o80-s10006,c2_verify_revise,32000,10,react_step,1010,2187,37,stop,False,9457,9457,66.98122147563845
c2_verify_revise__uniform-n6-t100-o80-s10006__cap32000__Qwen-Qwen3-32B-AWQ,uniform-n6-t100-o80-s10006,c2_verify_revise,32000,11,react_step,1097,6136,0,length,False,6136,6136,188.95050940662622
c2_verify_revise__uniform-n6-t100-o80-s10006__cap32000__Qwen-Qwen3-32B-AWQ,uniform-n6-t100-o80-s10006,c2_verify_revise,32000,12,finalize,93,0,7,stop,False,163,163,0.2656605951488018
c2_verify_revise__uniform-n6-t100-o80-s10006__cap64000__Qwen-Qwen3-32B-AWQ,uniform-n6-t100-o80-s10006,c2_verify_revise,64000,0,react_step,225,1177,7,stop,True,63519,32543,36.29948918521404
c2_verify_revise__uniform-n6-t100-o80-s10006__cap64000__Qwen-Qwen3-32B-AWQ,uniform-n6-t100-o80-s10006,c2_verify_revise,64000,1,react_step,262,1491,34,stop,True,62073,32506,46.761739023029804
c2_verify_revise__uniform-n6-t100-o80-s10006__cap64000__Qwen-Qwen3-32B-AWQ,uniform-n6-t100-o80-s10006,c2_verify_revise,64000,2,react_step,346,556,56,stop,True,60202,32422,18.80397144984454
c2_verify_revise__uniform-n6-t100-o80-s10006__cap64000__Qwen-Qwen3-32B-AWQ,uniform-n6-t100-o80-s10006,c2_verify_revise,64000,3,react_step,426,354,152,stop,True,59164,32342,15.771674701012671
c2_verify_revise__uniform-n6-t100-o80-s10006__cap64000__Qwen-Qwen3-32B-AWQ,uniform-n6-t100-o80-s10006,c2_verify_revise,64000,4,react_step,628,802,15,stop,True,58030,32140,25.701626053079963
c2_verify_revise__uniform-n6-t100-o80-s10006__cap64000__Qwen-Qwen3-32B-AWQ,uniform-n6-t100-o80-s10006,c2_verify_revise,64000,5,react_step,669,384,107,stop,True,56544,32099,15.494231637567282
c2_verify_revise__uniform-n6-t100-o80-s10006__cap64000__Qwen-Qwen3-32B-AWQ,uniform-n6-t100-o80-s10006,c2_verify_revise,64000,6,react_step,826,401,13,stop,True,55227,31942,13.128181606531143
c2_verify_revise__uniform-n6-t100-o80-s10006__cap64000__Qwen-Qwen3-32B-AWQ,uniform-n6-t100-o80-s10006,c2_verify_revise,64000,7,react_step,863,783,63,stop,True,53950,31905,26.493932821787894
c2_verify_revise__uniform-n6-t100-o80-s10006__cap64000__Qwen-Qwen3-32B-AWQ,uniform-n6-t100-o80-s10006,c2_verify_revise,64000,8,react_step,952,719,44,stop,True,52152,31816,24.217248589731753
c2_verify_revise__uniform-n6-t100-o80-s10006__cap64000__Qwen-Qwen3-32B-AWQ,uniform-n6-t100-o80-s10006,c2_verify_revise,64000,9,react_step,1029,1883,15,stop,True,50360,31739,59.576258862391114
c2_verify_revise__uniform-n6-t100-o80-s10006__cap64000__Qwen-Qwen3-32B-AWQ,uniform-n6-t100-o80-s10006,c2_verify_revise,64000,10,react_step,1070,1606,10,stop,True,47392,31698,50.824039462953806
c2_verify_revise__uniform-n6-t100-o80-s10006__cap64000__Qwen-Qwen3-32B-AWQ,uniform-n6-t100-o80-s10006,c2_verify_revise,64000,11,react_step,1130,5573,33,stop,True,44646,31638,178.9832862066105
c2_verify_revise__uniform-n6-t100-o80-s10006__cap64000__Qwen-Qwen3-32B-AWQ,uniform-n6-t100-o80-s10006,c2_verify_revise,64000,12,react_step,1183,2222,53,stop,True,37857,31585,71.61612642556429
c2_verify_revise__uniform-n6-t100-o80-s10006__cap64000__Qwen-Qwen3-32B-AWQ,uniform-n6-t100-o80-s10006,c2_verify_revise,64000,13,react_step,1286,9105,5,stop,True,34296,31482,297.0763639146462
c2_verify_revise__uniform-n6-t100-o80-s10006__cap64000__Qwen-Qwen3-32B-AWQ,uniform-n6-t100-o80-s10006,c2_verify_revise,64000,14,verify,1397,848,467,stop,False,23789,23789,41.680433781817555
c2_verify_revise__uniform-n6-t100-o80-s10006__cap64000__Qwen-Qwen3-32B-AWQ,uniform-n6-t100-o80-s10006,c2_verify_revise,64000,15,revise,1946,3911,19,stop,False,20528,20528,126.21439306810498
c2_verify_revise__uniform-n6-t100-o80-s10006__cap64000__Qwen-Qwen3-32B-AWQ,uniform-n6-t100-o80-s10006,c2_verify_revise,64000,16,verify,2071,714,452,stop,False,14527,14527,37.76963523123413
c2_verify_revise__uniform-n6-t100-o80-s10006__cap64000__Qwen-Qwen3-32B-AWQ,uniform-n6-t100-o80-s10006,c2_verify_revise,64000,17,revise,2605,431,26,stop,False,10756,10756,16.20589578896761
c2_verify_revise__uniform-n6-t100-o80-s10006__cap64000__Qwen-Qwen3-32B-AWQ,uniform-n6-t100-o80-s10006,c2_verify_revise,64000,18,finalize,93,0,7,stop,False,10462,10462,0.3176253801211715
c2_verify_revise__uniform-n6-t100-o80-s10006__cap8000__Qwen-Qwen3-32B-AWQ,uniform-n6-t100-o80-s10006,c2_verify_revise,8000,0,react_step,225,1177,7,stop,False,7519,7519,34.740462123416364
c2_verify_revise__uniform-n6-t100-o80-s10006__cap8000__Qwen-Qwen3-32B-AWQ,uniform-n6-t100-o80-s10006,c2_verify_revise,8000,1,react_step,262,599,32,stop,False,6073,6073,18.566057384945452
c2_verify_revise__uniform-n6-t100-o80-s10006__cap8000__Qwen-Qwen3-32B-AWQ,uniform-n6-t100-o80-s10006,c2_verify_revise,8000,2,react_step,344,444,57,stop,False,5098,5098,14.835924465209246
c2_verify_revise__uniform-n6-t100-o80-s10006__cap8000__Qwen-Qwen3-32B-AWQ,uniform-n6-t100-o80-s10006,c2_verify_revise,8000,3,react_step,425,250,75,stop,False,4172,4172,9.768794104456902
c2_verify_revise__uniform-n6-t100-o80-s10006__cap8000__Qwen-Qwen3-32B-AWQ,uniform-n6-t100-o80-s10006,c2_verify_revise,8000,4,react_step,550,564,66,stop,False,3297,3297,18.774361070245504
c2_verify_revise__uniform-n6-t100-o80-s10006__cap8000__Qwen-Qwen3-32B-AWQ,uniform-n6-t100-o80-s10006,c2_verify_revise,8000,5,react_step,642,171,10,stop,False,2025,2025,5.711085661314428
c2_verify_revise__uniform-n6-t100-o80-s10006__cap8000__Qwen-Qwen3-32B-AWQ,uniform-n6-t100-o80-s10006,c2_verify_revise,8000,6,react_step,702,325,13,stop,False,1142,1142,10.332172010093927
c2_verify_revise__uniform-n6-t100-o80-s10006__cap8000__Qwen-Qwen3-32B-AWQ,uniform-n6-t100-o80-s10006,c2_verify_revise,8000,7,react_step,739,65,0,length,False,65,65,2.3866427559405565
c2_verify_revise__uniform-n6-t100-o80-s10006__cap8000__Qwen-Qwen3-32B-AWQ,uniform-n6-t100-o80-s10006,c2_verify_revise,8000,8,finalize,93,0,7,stop,False,163,163,0.2657944578677416
c2_verify_revise__uniform-n6-t20-o20-s10005__cap16000__Qwen-Qwen3-32B-AWQ,uniform-n6-t20-o20-s10005,c2_verify_revise,16000,0,react_step,225,1177,7,stop,False,15519,15519,36.21860082633793
c2_verify_revise__uniform-n6-t20-o20-s10005__cap16000__Qwen-Qwen3-32B-AWQ,uniform-n6-t20-o20-s10005,c2_verify_revise,16000,1,react_step,262,599,32,stop,False,14073,14073,19.392215351574123
c2_verify_revise__uniform-n6-t20-o20-s10005__cap16000__Qwen-Qwen3-32B-AWQ,uniform-n6-t20-o20-s10005,c2_verify_revise,16000,2,react_step,343,205,43,stop,False,13099,13099,7.8186953300610185
c2_verify_revise__uniform-n6-t20-o20-s10005__cap16000__Qwen-Qwen3-32B-AWQ,uniform-n6-t20-o20-s10005,c2_verify_revise,16000,3,react_step,410,470,30,stop,False,12441,12441,15.509081401862204
c2_verify_revise__uniform-n6-t20-o20-s10005__cap16000__Qwen-Qwen3-32B-AWQ,uniform-n6-t20-o20-s10005,c2_verify_revise,16000,4,react_step,489,599,46,stop,False,11452,11452,20.016123773530126
c2_verify_revise__uniform-n6-t20-o20-s10005__cap16000__Qwen-Qwen3-32B-AWQ,uniform-n6-t20-o20-s10005,c2_verify_revise,16000,5,react_step,561,643,78,stop,False,10246,10246,22.440574578009546
c2_verify_revise__uniform-n6-t20-o20-s10005__cap16000__Qwen-Qwen3-32B-AWQ,uniform-n6-t20-o20-s10005,c2_verify_revise,16000,6,react_step,688,784,15,stop,False,8837,8837,24.88250575400889
c2_verify_revise__uniform-n6-t20-o20-s10005__cap16000__Qwen-Qwen3-32B-AWQ,uniform-n6-t20-o20-s10005,c2_verify_revise,16000,7,react_step,729,516,10,stop,False,7309,7309,16.563066333532333
c2_verify_revise__uniform-n6-t20-o20-s10005__cap16000__Qwen-Qwen3-32B-AWQ,uniform-n6-t20-o20-s10005,c2_verify_revise,16000,8,react_step,788,828,15,stop,False,5995,5995,26.47688203305006
c2_verify_revise__uniform-n6-t20-o20-s10005__cap16000__Qwen-Qwen3-32B-AWQ,uniform-n6-t20-o20-s10005,c2_verify_revise,16000,9,react_step,829,635,10,stop,False,4323,4323,20.411586092785
c2_verify_revise__uniform-n6-t20-o20-s10005__cap16000__Qwen-Qwen3-32B-AWQ,uniform-n6-t20-o20-s10005,c2_verify_revise,16000,10,react_step,888,1035,15,stop,False,2790,2790,33.058027568273246
c2_verify_revise__uniform-n6-t20-o20-s10005__cap16000__Qwen-Qwen3-32B-AWQ,uniform-n6-t20-o20-s10005,c2_verify_revise,16000,11,react_step,929,811,0,length,False,811,811,25.639653644524515
c2_verify_revise__uniform-n6-t20-o20-s10005__cap16000__Qwen-Qwen3-32B-AWQ,uniform-n6-t20-o20-s10005,c2_verify_revise,16000,12,finalize,93,0,7,stop,False,163,163,0.2795402891933918
c2_verify_revise__uniform-n6-t20-o20-s10005__cap32000__Qwen-Qwen3-32B-AWQ,uniform-n6-t20-o20-s10005,c2_verify_revise,32000,0,react_step,225,1177,7,stop,False,31519,31519,34.763136523775756
c2_verify_revise__uniform-n6-t20-o20-s10005__cap32000__Qwen-Qwen3-32B-AWQ,uniform-n6-t20-o20-s10005,c2_verify_revise,32000,1,react_step,262,599,32,stop,False,30073,30073,18.57424235343933
c2_verify_revise__uniform-n6-t20-o20-s10005__cap32000__Qwen-Qwen3-32B-AWQ,uniform-n6-t20-o20-s10005,c2_verify_revise,32000,2,react_step,343,205,43,stop,False,29099,29099,7.463593052700162
c2_verify_revise__uniform-n6-t20-o20-s10005__cap32000__Qwen-Qwen3-32B-AWQ,uniform-n6-t20-o20-s10005,c2_verify_revise,32000,3,react_step,410,470,30,stop,False,28441,28441,14.84463930502534
c2_verify_revise__uniform-n6-t20-o20-s10005__cap32000__Qwen-Qwen3-32B-AWQ,uniform-n6-t20-o20-s10005,c2_verify_revise,32000,4,react_step,489,599,46,stop,False,27452,27452,19.14820121321827
c2_verify_revise__uniform-n6-t20-o20-s10005__cap32000__Qwen-Qwen3-32B-AWQ,uniform-n6-t20-o20-s10005,c2_verify_revise,32000,5,react_step,561,643,78,stop,False,26246,26246,21.46327503491193
c2_verify_revise__uniform-n6-t20-o20-s10005__cap32000__Qwen-Qwen3-32B-AWQ,uniform-n6-t20-o20-s10005,c2_verify_revise,32000,6,react_step,688,784,15,stop,False,24837,24837,23.8888589553535
c2_verify_revise__uniform-n6-t20-o20-s10005__cap32000__Qwen-Qwen3-32B-AWQ,uniform-n6-t20-o20-s10005,c2_verify_revise,32000,7,react_step,729,516,10,stop,False,23309,23309,15.870456922799349
c2_verify_revise__uniform-n6-t20-o20-s10005__cap32000__Qwen-Qwen3-32B-AWQ,uniform-n6-t20-o20-s10005,c2_verify_revise,32000,8,react_step,788,828,15,stop,False,21995,21995,25.322179600596428
c2_verify_revise__uniform-n6-t20-o20-s10005__cap32000__Qwen-Qwen3-32B-AWQ,uniform-n6-t20-o20-s10005,c2_verify_revise,32000,9,react_step,829,635,10,stop,False,20323,20323,19.489803038537502
c2_verify_revise__uniform-n6-t20-o20-s10005__cap32000__Qwen-Qwen3-32B-AWQ,uniform-n6-t20-o20-s10005,c2_verify_revise,32000,10,react_step,888,1035,15,stop,False,18790,18790,31.596831399947405
c2_verify_revise__uniform-n6-t20-o20-s10005__cap32000__Qwen-Qwen3-32B-AWQ,uniform-n6-t20-o20-s10005,c2_verify_revise,32000,11,react_step,929,2207,46,stop,False,16811,16811,67.88694067671895
c2_verify_revise__uniform-n6-t20-o20-s10005__cap32000__Qwen-Qwen3-32B-AWQ,uniform-n6-t20-o20-s10005,c2_verify_revise,32000,12,react_step,995,1259,5,stop,False,13563,13563,38.11125811561942
c2_verify_revise__uniform-n6-t20-o20-s10005__cap32000__Qwen-Qwen3-32B-AWQ,uniform-n6-t20-o20-s10005,c2_verify_revise,32000,13,verify,1106,908,234,stop,False,11193,11193,34.61283675394952
c2_verify_revise__uniform-n6-t20-o20-s10005__cap32000__Qwen-Qwen3-32B-AWQ,uniform-n6-t20-o20-s10005,c2_verify_revise,32000,14,revise,1422,949,39,stop,False,8629,8629,30.36258288100362
c2_verify_revise__uniform-n6-t20-o20-s10005__cap32000__Qwen-Qwen3-32B-AWQ,uniform-n6-t20-o20-s10005,c2_verify_revise,32000,15,verify,1567,696,452,stop,False,6074,6074,35.391233587637544
c2_verify_revise__uniform-n6-t20-o20-s10005__cap32000__Qwen-Qwen3-32B-AWQ,uniform-n6-t20-o20-s10005,c2_verify_revise,32000,16,revise,2100,155,39,stop,False,2826,2826,7.317065306939185
c2_verify_revise__uniform-n6-t20-o20-s10005__cap32000__Qwen-Qwen3-32B-AWQ,uniform-n6-t20-o20-s10005,c2_verify_revise,32000,17,finalize,124,0,7,stop,False,2764,2764,0.30165931209921837
c2_verify_revise__uniform-n6-t20-o20-s10005__cap64000__Qwen-Qwen3-32B-AWQ,uniform-n6-t20-o20-s10005,c2_verify_revise,64000,0,react_step,225,1177,7,stop,True,63519,32543,34.66595444269478
c2_verify_revise__uniform-n6-t20-o20-s10005__cap64000__Qwen-Qwen3-32B-AWQ,uniform-n6-t20-o20-s10005,c2_verify_revise,64000,1,react_step,262,599,32,stop,True,62073,32506,18.525437247939408
c2_verify_revise__uniform-n6-t20-o20-s10005__cap64000__Qwen-Qwen3-32B-AWQ,uniform-n6-t20-o20-s10005,c2_verify_revise,64000,2,react_step,343,205,43,stop,True,61099,32425,7.444174508564174
c2_verify_revise__uniform-n6-t20-o20-s10005__cap64000__Qwen-Qwen3-32B-AWQ,uniform-n6-t20-o20-s10005,c2_verify_revise,64000,3,react_step,410,470,30,stop,True,60441,32358,14.807352448813617
c2_verify_revise__uniform-n6-t20-o20-s10005__cap64000__Qwen-Qwen3-32B-AWQ,uniform-n6-t20-o20-s10005,c2_verify_revise,64000,4,react_step,489,599,46,stop,True,59452,32279,19.105362811125815
c2_verify_revise__uniform-n6-t20-o20-s10005__cap64000__Qwen-Qwen3-32B-AWQ,uniform-n6-t20-o20-s10005,c2_verify_revise,64000,5,react_step,561,643,78,stop,True,58246,32207,21.41173498891294
c2_verify_revise__uniform-n6-t20-o20-s10005__cap64000__Qwen-Qwen3-32B-AWQ,uniform-n6-t20-o20-s10005,c2_verify_revise,64000,6,react_step,688,784,15,stop,True,56837,32080,23.833540892228484
c2_verify_revise__uniform-n6-t20-o20-s10005__cap64000__Qwen-Qwen3-32B-AWQ,uniform-n6-t20-o20-s10005,c2_verify_revise,64000,7,react_step,729,516,10,stop,True,55309,32039,15.839221388101578
c2_verify_revise__uniform-n6-t20-o20-s10005__cap64000__Qwen-Qwen3-32B-AWQ,uniform-n6-t20-o20-s10005,c2_verify_revise,64000,8,react_step,788,828,15,stop,True,53995,31980,25.280607647262514
c2_verify_revise__uniform-n6-t20-o20-s10005__cap64000__Qwen-Qwen3-32B-AWQ,uniform-n6-t20-o20-s10005,c2_verify_revise,64000,9,react_step,829,635,10,stop,True,52323,31939,19.473359894938767
c2_verify_revise__uniform-n6-t20-o20-s10005__cap64000__Qwen-Qwen3-32B-AWQ,uniform-n6-t20-o20-s10005,c2_verify_revise,64000,10,react_step,888,1035,15,stop,True,50790,31880,31.529055546037853
c2_verify_revise__uniform-n6-t20-o20-s10005__cap64000__Qwen-Qwen3-32B-AWQ,uniform-n6-t20-o20-s10005,c2_verify_revise,64000,11,react_step,929,2207,46,stop,True,48811,31839,67.71735633444041
c2_verify_revise__uniform-n6-t20-o20-s10005__cap64000__Qwen-Qwen3-32B-AWQ,uniform-n6-t20-o20-s10005,c2_verify_revise,64000,12,react_step,995,1259,5,stop,True,45563,31773,38.02580084186047
c2_verify_revise__uniform-n6-t20-o20-s10005__cap64000__Qwen-Qwen3-32B-AWQ,uniform-n6-t20-o20-s10005,c2_verify_revise,64000,13,verify,1106,908,234,stop,True,43193,31662,34.541241698898375
c2_verify_revise__uniform-n6-t20-o20-s10005__cap64000__Qwen-Qwen3-32B-AWQ,uniform-n6-t20-o20-s10005,c2_verify_revise,64000,14,revise,1422,949,39,stop,True,40629,31346,30.292094855569303
c2_verify_revise__uniform-n6-t20-o20-s10005__cap64000__Qwen-Qwen3-32B-AWQ,uniform-n6-t20-o20-s10005,c2_verify_revise,64000,15,verify,1567,696,452,stop,True,38074,31201,35.25334400590509
c2_verify_revise__uniform-n6-t20-o20-s10005__cap64000__Qwen-Qwen3-32B-AWQ,uniform-n6-t20-o20-s10005,c2_verify_revise,64000,16,revise,2100,155,39,stop,True,34826,30668,7.18892431166023
c2_verify_revise__uniform-n6-t20-o20-s10005__cap64000__Qwen-Qwen3-32B-AWQ,uniform-n6-t20-o20-s10005,c2_verify_revise,64000,17,finalize,124,0,7,stop,True,34764,32644,0.3012823574244976
c2_verify_revise__uniform-n6-t20-o20-s10005__cap8000__Qwen-Qwen3-32B-AWQ,uniform-n6-t20-o20-s10005,c2_verify_revise,8000,0,react_step,225,1177,7,stop,False,7519,7519,34.73488174658269
c2_verify_revise__uniform-n6-t20-o20-s10005__cap8000__Qwen-Qwen3-32B-AWQ,uniform-n6-t20-o20-s10005,c2_verify_revise,8000,1,react_step,262,599,32,stop,False,6073,6073,18.5712676262483
c2_verify_revise__uniform-n6-t20-o20-s10005__cap8000__Qwen-Qwen3-32B-AWQ,uniform-n6-t20-o20-s10005,c2_verify_revise,8000,2,react_step,343,205,43,stop,False,5099,5099,7.4620435973629355
c2_verify_revise__uniform-n6-t20-o20-s10005__cap8000__Qwen-Qwen3-32B-AWQ,uniform-n6-t20-o20-s10005,c2_verify_revise,8000,3,react_step,410,470,30,stop,False,4441,4441,14.843702802434564
c2_verify_revise__uniform-n6-t20-o20-s10005__cap8000__Qwen-Qwen3-32B-AWQ,uniform-n6-t20-o20-s10005,c2_verify_revise,8000,4,react_step,489,599,46,stop,False,3452,3452,19.150814519263804
c2_verify_revise__uniform-n6-t20-o20-s10005__cap8000__Qwen-Qwen3-32B-AWQ,uniform-n6-t20-o20-s10005,c2_verify_revise,8000,5,react_step,561,643,78,stop,False,2246,2246,21.46076474431902
c2_verify_revise__uniform-n6-t20-o20-s10005__cap8000__Qwen-Qwen3-32B-AWQ,uniform-n6-t20-o20-s10005,c2_verify_revise,8000,6,react_step,688,784,15,stop,False,837,837,23.893242340534925
c2_verify_revise__uniform-n6-t20-o20-s10005__cap8000__Qwen-Qwen3-32B-AWQ,uniform-n6-t20-o20-s10005,c2_verify_revise,8000,7,finalize,93,0,7,stop,False,201,201,0.28176789730787277
c2_verify_revise__uniform-n6-t20-o80-s10005__cap16000__Qwen-Qwen3-32B-AWQ,uniform-n6-t20-o80-s10005,c2_verify_revise,16000,0,react_step,225,1177,7,stop,False,15519,15519,36.37897966057062
c2_verify_revise__uniform-n6-t20-o80-s10005__cap16000__Qwen-Qwen3-32B-AWQ,uniform-n6-t20-o80-s10005,c2_verify_revise,16000,1,react_step,262,599,32,stop,False,14073,14073,19.387862619012594
c2_verify_revise__uniform-n6-t20-o80-s10005__cap16000__Qwen-Qwen3-32B-AWQ,uniform-n6-t20-o80-s10005,c2_verify_revise,16000,2,react_step,343,349,53,stop,False,13099,13099,12.427796115167439
c2_verify_revise__uniform-n6-t20-o80-s10005__cap16000__Qwen-Qwen3-32B-AWQ,uniform-n6-t20-o80-s10005,c2_verify_revise,16000,3,react_step,420,466,121,stop,False,12277,12277,18.14049744978547
c2_verify_revise__uniform-n6-t20-o80-s10005__cap16000__Qwen-Qwen3-32B-AWQ,uniform-n6-t20-o80-s10005,c2_verify_revise,16000,4,react_step,590,452,60,stop,False,11100,11100,16.009774962440133
c2_verify_revise__uniform-n6-t20-o80-s10005__cap16000__Qwen-Qwen3-32B-AWQ,uniform-n6-t20-o80-s10005,c2_verify_revise,16000,5,react_step,676,185,124,stop,False,9912,9912,9.927952558733523
c2_verify_revise__uniform-n6-t20-o80-s10005__cap16000__Qwen-Qwen3-32B-AWQ,uniform-n6-t20-o80-s10005,c2_verify_revise,16000,6,react_step,849,535,15,stop,False,8754,8754,17.44197314605117
c2_verify_revise__uniform-n6-t20-o80-s10005__cap16000__Qwen-Qwen3-32B-AWQ,uniform-n6-t20-o80-s10005,c2_verify_revise,16000,7,react_step,890,132,99,stop,False,7314,7314,7.58796395175159
c2_verify_revise__uniform-n6-t20-o80-s10005__cap16000__Qwen-Qwen3-32B-AWQ,uniform-n6-t20-o80-s10005,c2_verify_revise,16000,8,react_step,1038,1298,59,stop,False,6045,6045,42.73332919832319
c2_verify_revise__uniform-n6-t20-o80-s10005__cap16000__Qwen-Qwen3-32B-AWQ,uniform-n6-t20-o80-s10005,c2_verify_revise,16000,9,react_step,1123,149,10,stop,False,3565,3565,5.613931304775178
c2_verify_revise__uniform-n6-t20-o80-s10005__cap16000__Qwen-Qwen3-32B-AWQ,uniform-n6-t20-o80-s10005,c2_verify_revise,16000,10,react_step,1182,853,15,stop,False,2224,2224,27.69723383896053
c2_verify_revise__uniform-n6-t20-o80-s10005__cap16000__Qwen-Qwen3-32B-AWQ,uniform-n6-t20-o80-s10005,c2_verify_revise,16000,11,react_step,1223,133,0,length,False,133,133,4.991272695362568
c2_verify_revise__uniform-n6-t20-o80-s10005__cap16000__Qwen-Qwen3-32B-AWQ,uniform-n6-t20-o80-s10005,c2_verify_revise,16000,12,finalize,93,0,7,stop,False,163,163,0.2776078786700964
c2_verify_revise__uniform-n6-t20-o80-s10005__cap32000__Qwen-Qwen3-32B-AWQ,uniform-n6-t20-o80-s10005,c2_verify_revise,32000,0,react_step,225,1177,7,stop,False,31519,31519,34.7549564531073
c2_verify_revise__uniform-n6-t20-o80-s10005__cap32000__Qwen-Qwen3-32B-AWQ,uniform-n6-t20-o80-s10005,c2_verify_revise,32000,1,react_step,262,599,32,stop,False,30073,30073,18.576262363232672
c2_verify_revise__uniform-n6-t20-o80-s10005__cap32000__Qwen-Qwen3-32B-AWQ,uniform-n6-t20-o80-s10005,c2_verify_revise,32000,2,react_step,343,349,53,stop,False,29099,29099,11.95206514466554
c2_verify_revise__uniform-n6-t20-o80-s10005__cap32000__Qwen-Qwen3-32B-AWQ,uniform-n6-t20-o80-s10005,c2_verify_revise,32000,3,react_step,420,466,121,stop,False,28277,28277,17.399353560991585
c2_verify_revise__uniform-n6-t20-o80-s10005__cap32000__Qwen-Qwen3-32B-AWQ,uniform-n6-t20-o80-s10005,c2_verify_revise,32000,4,react_step,590,452,60,stop,False,27100,27100,15.358064194209874
c2_verify_revise__uniform-n6-t20-o80-s10005__cap32000__Qwen-Qwen3-32B-AWQ,uniform-n6-t20-o80-s10005,c2_verify_revise,32000,5,react_step,676,185,124,stop,False,25912,25912,9.467326706275344
c2_verify_revise__uniform-n6-t20-o80-s10005__cap32000__Qwen-Qwen3-32B-AWQ,uniform-n6-t20-o80-s10005,c2_verify_revise,32000,6,react_step,849,535,15,stop,False,24754,24754,16.7183701377362
c2_verify_revise__uniform-n6-t20-o80-s10005__cap32000__Qwen-Qwen3-32B-AWQ,uniform-n6-t20-o80-s10005,c2_verify_revise,32000,7,react_step,890,132,99,stop,False,23314,23314,7.351025829091668
c2_verify_revise__uniform-n6-t20-o80-s10005__cap32000__Qwen-Qwen3-32B-AWQ,uniform-n6-t20-o80-s10005,c2_verify_revise,32000,8,react_step,1038,1298,59,stop,False,22045,22045,40.94062585104257
c2_verify_revise__uniform-n6-t20-o80-s10005__cap32000__Qwen-Qwen3-32B-AWQ,uniform-n6-t20-o80-s10005,c2_verify_revise,32000,9,react_step,1123,149,10,stop,False,19565,19565,5.418295203708112
c2_verify_revise__uniform-n6-t20-o80-s10005__cap32000__Qwen-Qwen3-32B-AWQ,uniform-n6-t20-o80-s10005,c2_verify_revise,32000,10,react_step,1182,853,15,stop,False,18224,18224,26.528487930074334
c2_verify_revise__uniform-n6-t20-o80-s10005__cap32000__Qwen-Qwen3-32B-AWQ,uniform-n6-t20-o80-s10005,c2_verify_revise,32000,11,react_step,1223,603,10,stop,False,16133,16133,18.986542087979615
c2_verify_revise__uniform-n6-t20-o80-s10005__cap32000__Qwen-Qwen3-32B-AWQ,uniform-n6-t20-o80-s10005,c2_verify_revise,32000,12,react_step,1282,921,46,stop,False,14238,14238,29.61172347702086
c2_verify_revise__uniform-n6-t20-o80-s10005__cap32000__Qwen-Qwen3-32B-AWQ,uniform-n6-t20-o80-s10005,c2_verify_revise,32000,13,react_step,1348,1016,68,stop,False,11923,11923,33.16968588158488
c2_verify_revise__uniform-n6-t20-o80-s10005__cap32000__Qwen-Qwen3-32B-AWQ,uniform-n6-t20-o80-s10005,c2_verify_revise,32000,14,verify,1522,1329,323,stop,False,9317,9317,50.59110860247165
c2_verify_revise__uniform-n6-t20-o80-s10005__cap32000__Qwen-Qwen3-32B-AWQ,uniform-n6-t20-o80-s10005,c2_verify_revise,32000,15,revise,1927,2076,109,stop,False,5738,5738,67.47412319201976
c2_verify_revise__uniform-n6-t20-o80-s10005__cap32000__Qwen-Qwen3-32B-AWQ,uniform-n6-t20-o80-s10005,c2_verify_revise,32000,16,verify,2142,644,412,stop,False,1411,1411,33.33030556701124
c2_verify_revise__uniform-n6-t20-o80-s10005__cap32000__Qwen-Qwen3-32B-AWQ,uniform-n6-t20-o80-s10005,c2_verify_revise,32000,17,finalize,124,0,90,stop,False,487,487,2.7057685405015945
c2_verify_revise__uniform-n6-t20-o80-s10005__cap64000__Qwen-Qwen3-32B-AWQ,uniform-n6-t20-o80-s10005,c2_verify_revise,64000,0,react_step,225,1177,7,stop,True,63519,32543,34.667749697342515
c2_verify_revise__uniform-n6-t20-o80-s10005__cap64000__Qwen-Qwen3-32B-AWQ,uniform-n6-t20-o80-s10005,c2_verify_revise,64000,1,react_step,262,599,32,stop,True,62073,32506,18.52659954689443
c2_verify_revise__uniform-n6-t20-o80-s10005__cap64000__Qwen-Qwen3-32B-AWQ,uniform-n6-t20-o80-s10005,c2_verify_revise,64000,2,react_step,343,349,53,stop,True,61099,32425,11.921761275269091
c2_verify_revise__uniform-n6-t20-o80-s10005__cap64000__Qwen-Qwen3-32B-AWQ,uniform-n6-t20-o80-s10005,c2_verify_revise,64000,3,react_step,420,466,121,stop,True,60277,32348,17.360561343841255
c2_verify_revise__uniform-n6-t20-o80-s10005__cap64000__Qwen-Qwen3-32B-AWQ,uniform-n6-t20-o80-s10005,c2_verify_revise,64000,4,react_step,590,452,60,stop,True,59100,32178,15.32000695168972
c2_verify_revise__uniform-n6-t20-o80-s10005__cap64000__Qwen-Qwen3-32B-AWQ,uniform-n6-t20-o80-s10005,c2_verify_revise,64000,5,react_step,676,185,124,stop,True,57912,32092,9.444727626629174
c2_verify_revise__uniform-n6-t20-o80-s10005__cap64000__Qwen-Qwen3-32B-AWQ,uniform-n6-t20-o80-s10005,c2_verify_revise,64000,6,react_step,849,535,15,stop,True,56754,31919,16.67564355302602
c2_verify_revise__uniform-n6-t20-o80-s10005__cap64000__Qwen-Qwen3-32B-AWQ,uniform-n6-t20-o80-s10005,c2_verify_revise,64000,7,react_step,890,132,99,stop,True,55314,31878,7.327558510936797
c2_verify_revise__uniform-n6-t20-o80-s10005__cap64000__Qwen-Qwen3-32B-AWQ,uniform-n6-t20-o80-s10005,c2_verify_revise,64000,8,react_step,1038,1298,59,stop,True,54045,31730,40.832002095878124
c2_verify_revise__uniform-n6-t20-o80-s10005__cap64000__Qwen-Qwen3-32B-AWQ,uniform-n6-t20-o80-s10005,c2_verify_revise,64000,9,react_step,1123,149,10,stop,True,51565,31645,5.410604388453066
c2_verify_revise__uniform-n6-t20-o80-s10005__cap64000__Qwen-Qwen3-32B-AWQ,uniform-n6-t20-o80-s10005,c2_verify_revise,64000,10,react_step,1182,853,15,stop,True,50224,31586,26.458316024392843
c2_verify_revise__uniform-n6-t20-o80-s10005__cap64000__Qwen-Qwen3-32B-AWQ,uniform-n6-t20-o80-s10005,c2_verify_revise,64000,11,react_step,1223,603,10,stop,True,48133,31545,18.94025086797774
c2_verify_revise__uniform-n6-t20-o80-s10005__cap64000__Qwen-Qwen3-32B-AWQ,uniform-n6-t20-o80-s10005,c2_verify_revise,64000,12,react_step,1282,921,46,stop,True,46238,31486,29.540151653811336
c2_verify_revise__uniform-n6-t20-o80-s10005__cap64000__Qwen-Qwen3-32B-AWQ,uniform-n6-t20-o80-s10005,c2_verify_revise,64000,13,react_step,1348,1016,68,stop,True,43923,31420,33.09058446250856
c2_verify_revise__uniform-n6-t20-o80-s10005__cap64000__Qwen-Qwen3-32B-AWQ,uniform-n6-t20-o80-s10005,c2_verify_revise,64000,14,verify,1522,1329,323,stop,True,41317,31246,50.44016289617866
c2_verify_revise__uniform-n6-t20-o80-s10005__cap64000__Qwen-Qwen3-32B-AWQ,uniform-n6-t20-o80-s10005,c2_verify_revise,64000,15,revise,1927,2076,109,stop,True,37738,30841,67.28298109397292
c2_verify_revise__uniform-n6-t20-o80-s10005__cap64000__Qwen-Qwen3-32B-AWQ,uniform-n6-t20-o80-s10005,c2_verify_revise,64000,16,verify,2142,644,412,stop,True,33411,30626,33.2200811477378
c2_verify_revise__uniform-n6-t20-o80-s10005__cap64000__Qwen-Qwen3-32B-AWQ,uniform-n6-t20-o80-s10005,c2_verify_revise,64000,17,revise,2636,149,39,stop,False,29719,29719,7.486209664493799
c2_verify_revise__uniform-n6-t20-o80-s10005__cap64000__Qwen-Qwen3-32B-AWQ,uniform-n6-t20-o80-s10005,c2_verify_revise,64000,18,finalize,124,0,90,stop,False,29663,29663,2.7033987948670983
c2_verify_revise__uniform-n6-t20-o80-s10005__cap8000__Qwen-Qwen3-32B-AWQ,uniform-n6-t20-o80-s10005,c2_verify_revise,8000,0,react_step,225,1177,7,stop,False,7519,7519,34.73970150016248
c2_verify_revise__uniform-n6-t20-o80-s10005__cap8000__Qwen-Qwen3-32B-AWQ,uniform-n6-t20-o80-s10005,c2_verify_revise,8000,1,react_step,262,599,32,stop,False,6073,6073,18.56528590898961
c2_verify_revise__uniform-n6-t20-o80-s10005__cap8000__Qwen-Qwen3-32B-AWQ,uniform-n6-t20-o80-s10005,c2_verify_revise,8000,2,react_step,343,349,53,stop,False,5099,5099,11.94907443318516
c2_verify_revise__uniform-n6-t20-o80-s10005__cap8000__Qwen-Qwen3-32B-AWQ,uniform-n6-t20-o80-s10005,c2_verify_revise,8000,3,react_step,420,466,121,stop,False,4277,4277,17.395971010439098
c2_verify_revise__uniform-n6-t20-o80-s10005__cap8000__Qwen-Qwen3-32B-AWQ,uniform-n6-t20-o80-s10005,c2_verify_revise,8000,4,react_step,590,452,60,stop,False,3100,3100,15.349390476942062
c2_verify_revise__uniform-n6-t20-o80-s10005__cap8000__Qwen-Qwen3-32B-AWQ,uniform-n6-t20-o80-s10005,c2_verify_revise,8000,5,react_step,676,185,124,stop,False,1912,1912,9.46448297612369
c2_verify_revise__uniform-n6-t20-o80-s10005__cap8000__Qwen-Qwen3-32B-AWQ,uniform-n6-t20-o80-s10005,c2_verify_revise,8000,6,react_step,849,535,15,stop,False,754,754,16.715888902544975
c2_verify_revise__uniform-n6-t20-o80-s10005__cap8000__Qwen-Qwen3-32B-AWQ,uniform-n6-t20-o80-s10005,c2_verify_revise,8000,7,finalize,93,0,7,stop,False,367,367,0.27997895516455173
c2_verify_revise__uniform-n6-t85-o20-s10005__cap16000__Qwen-Qwen3-32B-AWQ,uniform-n6-t85-o20-s10005,c2_verify_revise,16000,0,react_step,225,1177,7,stop,False,15519,15519,34.755834185518324
c2_verify_revise__uniform-n6-t85-o20-s10005__cap16000__Qwen-Qwen3-32B-AWQ,uniform-n6-t85-o20-s10005,c2_verify_revise,16000,1,react_step,262,599,32,stop,False,14073,14073,18.574258546344936
c2_verify_revise__uniform-n6-t85-o20-s10005__cap16000__Qwen-Qwen3-32B-AWQ,uniform-n6-t85-o20-s10005,c2_verify_revise,16000,2,react_step,344,658,28,stop,False,13098,13098,20.24774789251387
c2_verify_revise__uniform-n6-t85-o20-s10005__cap16000__Qwen-Qwen3-32B-AWQ,uniform-n6-t85-o20-s10005,c2_verify_revise,16000,3,react_step,422,370,29,stop,False,11990,11990,11.906497015617788
c2_verify_revise__uniform-n6-t85-o20-s10005__cap16000__Qwen-Qwen3-32B-AWQ,uniform-n6-t85-o20-s10005,c2_verify_revise,16000,4,react_step,501,319,28,stop,False,11090,11090,10.447704657912254
c2_verify_revise__uniform-n6-t85-o20-s10005__cap16000__Qwen-Qwen3-32B-AWQ,uniform-n6-t85-o20-s10005,c2_verify_revise,16000,5,react_step,579,1620,29,stop,False,10164,10164,49.05757420975715
c2_verify_revise__uniform-n6-t85-o20-s10005__cap16000__Qwen-Qwen3-32B-AWQ,uniform-n6-t85-o20-s10005,c2_verify_revise,16000,6,react_step,658,963,10,stop,False,7857,7857,29.023683131672442
c2_verify_revise__uniform-n6-t85-o20-s10005__cap16000__Qwen-Qwen3-32B-AWQ,uniform-n6-t85-o20-s10005,c2_verify_revise,16000,7,react_step,718,2277,97,stop,False,6166,6166,71.13820140063763
c2_verify_revise__uniform-n6-t85-o20-s10005__cap16000__Qwen-Qwen3-32B-AWQ,uniform-n6-t85-o20-s10005,c2_verify_revise,16000,8,react_step,835,884,43,stop,False,2957,2957,27.87122501898557
c2_verify_revise__uniform-n6-t85-o20-s10005__cap16000__Qwen-Qwen3-32B-AWQ,uniform-n6-t85-o20-s10005,c2_verify_revise,16000,9,react_step,902,759,47,stop,False,1128,1128,24.354716242291033
c2_verify_revise__uniform-n6-t85-o20-s10005__cap16000__Qwen-Qwen3-32B-AWQ,uniform-n6-t85-o20-s10005,c2_verify_revise,16000,10,finalize,93,0,7,stop,False,485,485,0.2806379524990916
c2_verify_revise__uniform-n6-t85-o20-s10005__cap32000__Qwen-Qwen3-32B-AWQ,uniform-n6-t85-o20-s10005,c2_verify_revise,32000,0,react_step,225,1177,7,stop,False,31519,31519,34.67533887643367
c2_verify_revise__uniform-n6-t85-o20-s10005__cap32000__Qwen-Qwen3-32B-AWQ,uniform-n6-t85-o20-s10005,c2_verify_revise,32000,1,react_step,262,599,32,stop,False,30073,30073,18.533866117708385
c2_verify_revise__uniform-n6-t85-o20-s10005__cap32000__Qwen-Qwen3-32B-AWQ,uniform-n6-t85-o20-s10005,c2_verify_revise,32000,2,react_step,344,658,28,stop,False,29098,29098,20.19896348565817
c2_verify_revise__uniform-n6-t85-o20-s10005__cap32000__Qwen-Qwen3-32B-AWQ,uniform-n6-t85-o20-s10005,c2_verify_revise,32000,3,react_step,422,370,29,stop,False,27990,27990,11.882245317101479
c2_verify_revise__uniform-n6-t85-o20-s10005__cap32000__Qwen-Qwen3-32B-AWQ,uniform-n6-t85-o20-s10005,c2_verify_revise,32000,4,react_step,501,319,28,stop,False,27090,27090,10.428251930512488
c2_verify_revise__uniform-n6-t85-o20-s10005__cap32000__Qwen-Qwen3-32B-AWQ,uniform-n6-t85-o20-s10005,c2_verify_revise,32000,5,react_step,579,1620,29,stop,False,26164,26164,48.953623820096254
c2_verify_revise__uniform-n6-t85-o20-s10005__cap32000__Qwen-Qwen3-32B-AWQ,uniform-n6-t85-o20-s10005,c2_verify_revise,32000,6,react_step,658,963,10,stop,False,23857,23857,28.97244136221707
c2_verify_revise__uniform-n6-t85-o20-s10005__cap32000__Qwen-Qwen3-32B-AWQ,uniform-n6-t85-o20-s10005,c2_verify_revise,32000,7,react_step,718,2277,97,stop,False,22166,22166,71.03416274674237
c2_verify_revise__uniform-n6-t85-o20-s10005__cap32000__Qwen-Qwen3-32B-AWQ,uniform-n6-t85-o20-s10005,c2_verify_revise,32000,8,react_step,835,884,43,stop,False,18957,18957,27.82645995169878
c2_verify_revise__uniform-n6-t85-o20-s10005__cap32000__Qwen-Qwen3-32B-AWQ,uniform-n6-t85-o20-s10005,c2_verify_revise,32000,9,react_step,902,759,47,stop,False,17128,17128,24.314451990649104
c2_verify_revise__uniform-n6-t85-o20-s10005__cap32000__Qwen-Qwen3-32B-AWQ,uniform-n6-t85-o20-s10005,c2_verify_revise,32000,10,react_step,975,1378,111,stop,False,15347,15347,44.72484218887985
c2_verify_revise__uniform-n6-t85-o20-s10005__cap32000__Qwen-Qwen3-32B-AWQ,uniform-n6-t85-o20-s10005,c2_verify_revise,32000,11,react_step,1112,3591,99,stop,False,12746,12746,112.07760151755065
c2_verify_revise__uniform-n6-t85-o20-s10005__cap32000__Qwen-Qwen3-32B-AWQ,uniform-n6-t85-o20-s10005,c2_verify_revise,32000,12,react_step,1236,1163,101,stop,False,7820,7820,38.33952621370554
c2_verify_revise__uniform-n6-t85-o20-s10005__cap32000__Qwen-Qwen3-32B-AWQ,uniform-n6-t85-o20-s10005,c2_verify_revise,32000,13,react_step,1363,1373,116,stop,False,5193,5193,45.32071900181472
c2_verify_revise__uniform-n6-t85-o20-s10005__cap32000__Qwen-Qwen3-32B-AWQ,uniform-n6-t85-o20-s10005,c2_verify_revise,32000,14,react_step,1505,2199,0,length,False,2199,2199,67.09347940795124
c2_verify_revise__uniform-n6-t85-o20-s10005__cap32000__Qwen-Qwen3-32B-AWQ,uniform-n6-t85-o20-s10005,c2_verify_revise,32000,15,finalize,93,0,7,stop,False,163,163,0.2653775382786989
c2_verify_revise__uniform-n6-t85-o20-s10005__cap64000__Qwen-Qwen3-32B-AWQ,uniform-n6-t85-o20-s10005,c2_verify_revise,64000,0,react_step,225,1177,7,stop,True,63519,32543,34.6799796782434
c2_verify_revise__uniform-n6-t85-o20-s10005__cap64000__Qwen-Qwen3-32B-AWQ,uniform-n6-t85-o20-s10005,c2_verify_revise,64000,1,react_step,262,599,32,stop,True,62073,32506,18.535444104112685
c2_verify_revise__uniform-n6-t85-o20-s10005__cap64000__Qwen-Qwen3-32B-AWQ,uniform-n6-t85-o20-s10005,c2_verify_revise,64000,2,react_step,344,658,28,stop,True,61098,32424,20.204319959506392
c2_verify_revise__uniform-n6-t85-o20-s10005__cap64000__Qwen-Qwen3-32B-AWQ,uniform-n6-t85-o20-s10005,c2_verify_revise,64000,3,react_step,422,370,29,stop,True,59990,32346,11.883522040210664
c2_verify_revise__uniform-n6-t85-o20-s10005__cap64000__Qwen-Qwen3-32B-AWQ,uniform-n6-t85-o20-s10005,c2_verify_revise,64000,4,react_step,501,319,28,stop,True,59090,32267,10.429564342834055
c2_verify_revise__uniform-n6-t85-o20-s10005__cap64000__Qwen-Qwen3-32B-AWQ,uniform-n6-t85-o20-s10005,c2_verify_revise,64000,5,react_step,579,1620,29,stop,True,58164,32189,48.961994300596416
c2_verify_revise__uniform-n6-t85-o20-s10005__cap64000__Qwen-Qwen3-32B-AWQ,uniform-n6-t85-o20-s10005,c2_verify_revise,64000,6,react_step,658,963,10,stop,True,55857,32110,28.967368509620428
c2_verify_revise__uniform-n6-t85-o20-s10005__cap64000__Qwen-Qwen3-32B-AWQ,uniform-n6-t85-o20-s10005,c2_verify_revise,64000,7,react_step,718,2277,97,stop,True,54166,32050,71.04741137474775
c2_verify_revise__uniform-n6-t85-o20-s10005__cap64000__Qwen-Qwen3-32B-AWQ,uniform-n6-t85-o20-s10005,c2_verify_revise,64000,8,react_step,835,884,43,stop,True,50957,31933,27.840342390350997
c2_verify_revise__uniform-n6-t85-o20-s10005__cap64000__Qwen-Qwen3-32B-AWQ,uniform-n6-t85-o20-s10005,c2_verify_revise,64000,9,react_step,902,759,47,stop,True,49128,31866,24.327019851654768
c2_verify_revise__uniform-n6-t85-o20-s10005__cap64000__Qwen-Qwen3-32B-AWQ,uniform-n6-t85-o20-s10005,c2_verify_revise,64000,10,react_step,975,1378,111,stop,True,47347,31793,44.74674841482192
c2_verify_revise__uniform-n6-t85-o20-s10005__cap64000__Qwen-Qwen3-32B-AWQ,uniform-n6-t85-o20-s10005,c2_verify_revise,64000,11,react_step,1112,3591,99,stop,True,44746,31656,112.20348362624645
c2_verify_revise__uniform-n6-t85-o20-s10005__cap64000__Qwen-Qwen3-32B-AWQ,uniform-n6-t85-o20-s10005,c2_verify_revise,64000,12,react_step,1236,1163,101,stop,True,39820,31532,38.36974588409066
c2_verify_revise__uniform-n6-t85-o20-s10005__cap64000__Qwen-Qwen3-32B-AWQ,uniform-n6-t85-o20-s10005,c2_verify_revise,64000,13,react_step,1363,1373,116,stop,True,37193,31405,45.344290325418115
c2_verify_revise__uniform-n6-t85-o20-s10005__cap64000__Qwen-Qwen3-32B-AWQ,uniform-n6-t85-o20-s10005,c2_verify_revise,64000,14,react_step,1505,3315,215,stop,True,34199,31263,108.15788537915796
c2_verify_revise__uniform-n6-t85-o20-s10005__cap64000__Qwen-Qwen3-32B-AWQ,uniform-n6-t85-o20-s10005,c2_verify_revise,64000,15,react_step,1740,2186,5,stop,False,28929,28929,67.30067632067949
c2_verify_revise__uniform-n6-t85-o20-s10005__cap64000__Qwen-Qwen3-32B-AWQ,uniform-n6-t85-o20-s10005,c2_verify_revise,64000,16,verify,1851,1172,268,stop,False,24887,24887,44.561204673722386
c2_verify_revise__uniform-n6-t85-o20-s10005__cap64000__Qwen-Qwen3-32B-AWQ,uniform-n6-t85-o20-s10005,c2_verify_revise,64000,17,revise,2201,769,33,stop,False,21246,21246,25.636951619759202
c2_verify_revise__uniform-n6-t85-o20-s10005__cap64000__Qwen-Qwen3-32B-AWQ,uniform-n6-t85-o20-s10005,c2_verify_revise,64000,18,verify,2340,854,292,stop,False,18104,18104,36.29211504664272
c2_verify_revise__uniform-n6-t85-o20-s10005__cap64000__Qwen-Qwen3-32B-AWQ,uniform-n6-t85-o20-s10005,c2_verify_revise,64000,19,revise,2714,381,33,stop,False,14244,14244,14.425917945802212
c2_verify_revise__uniform-n6-t85-o20-s10005__cap64000__Qwen-Qwen3-32B-AWQ,uniform-n6-t85-o20-s10005,c2_verify_revise,64000,20,finalize,118,0,74,stop,False,13968,13968,2.244613996706903
c2_verify_revise__uniform-n6-t85-o20-s10005__cap8000__Qwen-Qwen3-32B-AWQ,uniform-n6-t85-o20-s10005,c2_verify_revise,8000,0,react_step,225,1177,7,stop,False,7519,7519,34.74967237841338
c2_verify_revise__uniform-n6-t85-o20-s10005__cap8000__Qwen-Qwen3-32B-AWQ,uniform-n6-t85-o20-s10005,c2_verify_revise,8000,1,react_step,262,599,32,stop,False,6073,6073,18.57158005889505
c2_verify_revise__uniform-n6-t85-o20-s10005__cap8000__Qwen-Qwen3-32B-AWQ,uniform-n6-t85-o20-s10005,c2_verify_revise,8000,2,react_step,344,658,28,stop,False,5098,5098,20.248345254920423
c2_verify_revise__uniform-n6-t85-o20-s10005__cap8000__Qwen-Qwen3-32B-AWQ,uniform-n6-t85-o20-s10005,c2_verify_revise,8000,3,react_step,422,370,29,stop,False,3990,3990,11.906150138005614
c2_verify_revise__uniform-n6-t85-o20-s10005__cap8000__Qwen-Qwen3-32B-AWQ,uniform-n6-t85-o20-s10005,c2_verify_revise,8000,4,react_step,501,319,28,stop,False,3090,3090,10.450040947645903
c2_verify_revise__uniform-n6-t85-o20-s10005__cap8000__Qwen-Qwen3-32B-AWQ,uniform-n6-t85-o20-s10005,c2_verify_revise,8000,5,react_step,579,1620,29,stop,False,2164,2164,49.04651520214975
c2_verify_revise__uniform-n6-t85-o20-s10005__cap8000__Qwen-Qwen3-32B-AWQ,uniform-n6-t85-o20-s10005,c2_verify_revise,8000,6,finalize,93,0,7,stop,False,678,678,0.28057275898754597
c2_verify_revise__uniform-n8-t100-o20-s10005__cap16000__Qwen-Qwen3-32B-AWQ,uniform-n8-t100-o20-s10005,c2_verify_revise,16000,0,react_step,225,1177,7,stop,False,15519,15519,34.75294420868158
c2_verify_revise__uniform-n8-t100-o20-s10005__cap16000__Qwen-Qwen3-32B-AWQ,uniform-n8-t100-o20-s10005,c2_verify_revise,16000,1,react_step,268,1172,10,stop,False,14067,14067,34.763731523416936
c2_verify_revise__uniform-n8-t100-o20-s10005__cap16000__Qwen-Qwen3-32B-AWQ,uniform-n8-t100-o20-s10005,c2_verify_revise,16000,2,react_step,328,665,13,stop,False,12557,12557,20.005103236995637
c2_verify_revise__uniform-n8-t100-o20-s10005__cap16000__Qwen-Qwen3-32B-AWQ,uniform-n8-t100-o20-s10005,c2_verify_revise,16000,3,react_step,365,290,10,stop,False,11514,11514,8.985467712394893
c2_verify_revise__uniform-n8-t100-o20-s10005__cap16000__Qwen-Qwen3-32B-AWQ,uniform-n8-t100-o20-s10005,c2_verify_revise,16000,4,react_step,425,618,13,stop,False,10789,10789,18.684833876788616
c2_verify_revise__uniform-n8-t100-o20-s10005__cap16000__Qwen-Qwen3-32B-AWQ,uniform-n8-t100-o20-s10005,c2_verify_revise,16000,5,react_step,462,1010,15,stop,False,9696,9696,30.33493475150317
c2_verify_revise__uniform-n8-t100-o20-s10005__cap16000__Qwen-Qwen3-32B-AWQ,uniform-n8-t100-o20-s10005,c2_verify_revise,16000,6,react_step,503,1659,10,stop,False,8168,8168,49.53412917163223
c2_verify_revise__uniform-n8-t100-o20-s10005__cap16000__Qwen-Qwen3-32B-AWQ,uniform-n8-t100-o20-s10005,c2_verify_revise,16000,7,react_step,562,342,13,stop,False,5937,5937,10.73808635212481
c2_verify_revise__uniform-n8-t100-o20-s10005__cap16000__Qwen-Qwen3-32B-AWQ,uniform-n8-t100-o20-s10005,c2_verify_revise,16000,8,react_step,599,697,15,stop,False,4983,4983,21.239521643146873
c2_verify_revise__uniform-n8-t100-o20-s10005__cap16000__Qwen-Qwen3-32B-AWQ,uniform-n8-t100-o20-s10005,c2_verify_revise,16000,9,react_step,640,1550,15,stop,False,3631,3631,46.59418835025281
c2_verify_revise__uniform-n8-t100-o20-s10005__cap16000__Qwen-Qwen3-32B-AWQ,uniform-n8-t100-o20-s10005,c2_verify_revise,16000,10,react_step,681,1385,0,length,False,1385,1385,41.29098973982036
c2_verify_revise__uniform-n8-t100-o20-s10005__cap16000__Qwen-Qwen3-32B-AWQ,uniform-n8-t100-o20-s10005,c2_verify_revise,16000,11,finalize,93,0,7,stop,False,163,163,0.2645589215680957
c2_verify_revise__uniform-n8-t100-o20-s10005__cap32000__Qwen-Qwen3-32B-AWQ,uniform-n8-t100-o20-s10005,c2_verify_revise,32000,0,react_step,225,1177,7,stop,False,31519,31519,34.67991611827165
c2_verify_revise__uniform-n8-t100-o20-s10005__cap32000__Qwen-Qwen3-32B-AWQ,uniform-n8-t100-o20-s10005,c2_verify_revise,32000,1,react_step,268,1172,10,stop,False,30067,30067,34.690579938702285
c2_verify_revise__uniform-n8-t100-o20-s10005__cap32000__Qwen-Qwen3-32B-AWQ,uniform-n8-t100-o20-s10005,c2_verify_revise,32000,2,react_step,328,665,13,stop,False,28557,28557,19.961968981660903
c2_verify_revise__uniform-n8-t100-o20-s10005__cap32000__Qwen-Qwen3-32B-AWQ,uniform-n8-t100-o20-s10005,c2_verify_revise,32000,3,react_step,365,290,10,stop,False,27514,27514,8.96790253650397
c2_verify_revise__uniform-n8-t100-o20-s10005__cap32000__Qwen-Qwen3-32B-AWQ,uniform-n8-t100-o20-s10005,c2_verify_revise,32000,4,react_step,425,618,13,stop,False,26789,26789,18.65398983936757
c2_verify_revise__uniform-n8-t100-o20-s10005__cap32000__Qwen-Qwen3-32B-AWQ,uniform-n8-t100-o20-s10005,c2_verify_revise,32000,5,react_step,462,1010,15,stop,False,25696,25696,30.270874737761915
c2_verify_revise__uniform-n8-t100-o20-s10005__cap32000__Qwen-Qwen3-32B-AWQ,uniform-n8-t100-o20-s10005,c2_verify_revise,32000,6,react_step,503,1659,10,stop,False,24168,24168,49.4111434770748
c2_verify_revise__uniform-n8-t100-o20-s10005__cap32000__Qwen-Qwen3-32B-AWQ,uniform-n8-t100-o20-s10005,c2_verify_revise,32000,7,react_step,562,342,13,stop,False,21937,21937,10.712714433670044
c2_verify_revise__uniform-n8-t100-o20-s10005__cap32000__Qwen-Qwen3-32B-AWQ,uniform-n8-t100-o20-s10005,c2_verify_revise,32000,8,react_step,599,697,15,stop,False,20983,20983,21.212165188975632
c2_verify_revise__uniform-n8-t100-o20-s10005__cap32000__Qwen-Qwen3-32B-AWQ,uniform-n8-t100-o20-s10005,c2_verify_revise,32000,9,react_step,640,1550,15,stop,False,19631,19631,46.50804023630917
c2_verify_revise__uniform-n8-t100-o20-s10005__cap32000__Qwen-Qwen3-32B-AWQ,uniform-n8-t100-o20-s10005,c2_verify_revise,32000,10,react_step,681,2068,10,stop,False,17385,17385,61.94174229260534
c2_verify_revise__uniform-n8-t100-o20-s10005__cap32000__Qwen-Qwen3-32B-AWQ,uniform-n8-t100-o20-s10005,c2_verify_revise,32000,11,react_step,741,1192,10,stop,False,14566,14566,35.84509002510458
c2_verify_revise__uniform-n8-t100-o20-s10005__cap32000__Qwen-Qwen3-32B-AWQ,uniform-n8-t100-o20-s10005,c2_verify_revise,32000,12,react_step,801,848,10,stop,False,12563,12563,25.721734669059515
c2_verify_revise__uniform-n8-t100-o20-s10005__cap32000__Qwen-Qwen3-32B-AWQ,uniform-n8-t100-o20-s10005,c2_verify_revise,32000,13,react_step,859,827,13,stop,False,10846,10846,25.257451072335243
c2_verify_revise__uniform-n8-t100-o20-s10005__cap32000__Qwen-Qwen3-32B-AWQ,uniform-n8-t100-o20-s10005,c2_verify_revise,32000,14,react_step,896,1309,15,stop,False,9110,9110,39.66858628205955
c2_verify_revise__uniform-n8-t100-o20-s10005__cap32000__Qwen-Qwen3-32B-AWQ,uniform-n8-t100-o20-s10005,c2_verify_revise,32000,15,react_step,937,2987,10,stop,False,6849,6849,90.35908344667405
c2_verify_revise__uniform-n8-t100-o20-s10005__cap32000__Qwen-Qwen3-32B-AWQ,uniform-n8-t100-o20-s10005,c2_verify_revise,32000,16,react_step,997,518,10,stop,False,2855,2855,16.169007604941726
c2_verify_revise__uniform-n8-t100-o20-s10005__cap32000__Qwen-Qwen3-32B-AWQ,uniform-n8-t100-o20-s10005,c2_verify_revise,32000,17,react_step,1057,1270,0,length,False,1270,1270,38.29910909384489
c2_verify_revise__uniform-n8-t100-o20-s10005__cap32000__Qwen-Qwen3-32B-AWQ,uniform-n8-t100-o20-s10005,c2_verify_revise,32000,18,finalize,93,0,7,stop,False,163,163,0.26295726280659437
c2_verify_revise__uniform-n8-t100-o20-s10005__cap64000__Qwen-Qwen3-32B-AWQ,uniform-n8-t100-o20-s10005,c2_verify_revise,64000,0,react_step,225,1177,7,stop,True,63519,32543,36.155214310623705
c2_verify_revise__uniform-n8-t100-o20-s10005__cap64000__Qwen-Qwen3-32B-AWQ,uniform-n8-t100-o20-s10005,c2_verify_revise,64000,1,react_step,268,1172,10,stop,True,62067,32500,36.117580223828554
c2_verify_revise__uniform-n8-t100-o20-s10005__cap64000__Qwen-Qwen3-32B-AWQ,uniform-n8-t100-o20-s10005,c2_verify_revise,64000,2,react_step,328,665,13,stop,True,60557,32440,20.926297244615853
c2_verify_revise__uniform-n8-t100-o20-s10005__cap64000__Qwen-Qwen3-32B-AWQ,uniform-n8-t100-o20-s10005,c2_verify_revise,64000,3,react_step,365,290,10,stop,True,59514,32403,9.236214719712734
c2_verify_revise__uniform-n8-t100-o20-s10005__cap64000__Qwen-Qwen3-32B-AWQ,uniform-n8-t100-o20-s10005,c2_verify_revise,64000,4,react_step,425,581,13,stop,True,58789,32343,18.58559087663889
c2_verify_revise__uniform-n8-t100-o20-s10005__cap64000__Qwen-Qwen3-32B-AWQ,uniform-n8-t100-o20-s10005,c2_verify_revise,64000,5,react_step,462,925,15,stop,True,57733,32306,28.808536937460303
c2_verify_revise__uniform-n8-t100-o20-s10005__cap64000__Qwen-Qwen3-32B-AWQ,uniform-n8-t100-o20-s10005,c2_verify_revise,64000,6,react_step,503,901,10,stop,True,56290,32265,28.232856748625636
c2_verify_revise__uniform-n8-t100-o20-s10005__cap64000__Qwen-Qwen3-32B-AWQ,uniform-n8-t100-o20-s10005,c2_verify_revise,64000,7,react_step,562,342,13,stop,True,54817,32206,11.182116883806884
c2_verify_revise__uniform-n8-t100-o20-s10005__cap64000__Qwen-Qwen3-32B-AWQ,uniform-n8-t100-o20-s10005,c2_verify_revise,64000,8,react_step,599,1602,15,stop,True,53863,32169,50.06166733801365
c2_verify_revise__uniform-n8-t100-o20-s10005__cap64000__Qwen-Qwen3-32B-AWQ,uniform-n8-t100-o20-s10005,c2_verify_revise,64000,9,react_step,640,1533,15,stop,True,51606,32128,47.93162485770881
c2_verify_revise__uniform-n8-t100-o20-s10005__cap64000__Qwen-Qwen3-32B-AWQ,uniform-n8-t100-o20-s10005,c2_verify_revise,64000,10,react_step,681,9176,36,stop,True,49377,32087,296.40240524243563
c2_verify_revise__uniform-n8-t100-o20-s10005__cap64000__Qwen-Qwen3-32B-AWQ,uniform-n8-t100-o20-s10005,c2_verify_revise,64000,11,react_step,737,2035,549,stop,True,39428,32031,80.31810865923762
c2_verify_revise__uniform-n8-t100-o20-s10005__cap64000__Qwen-Qwen3-32B-AWQ,uniform-n8-t100-o20-s10005,c2_verify_revise,64000,12,react_step,1334,4815,378,stop,True,35510,31434,165.30637925677001
c2_verify_revise__uniform-n8-t100-o20-s10005__cap64000__Qwen-Qwen3-32B-AWQ,uniform-n8-t100-o20-s10005,c2_verify_revise,64000,13,react_step,1732,3401,374,stop,False,28585,28585,120.13844565488398
c2_verify_revise__uniform-n8-t100-o20-s10005__cap64000__Qwen-Qwen3-32B-AWQ,uniform-n8-t100-o20-s10005,c2_verify_revise,64000,14,react_step,2126,1900,537,stop,False,22684,22684,77.92864979803562
c2_verify_revise__uniform-n8-t100-o20-s10005__cap64000__Qwen-Qwen3-32B-AWQ,uniform-n8-t100-o20-s10005,c2_verify_revise,64000,15,react_step,2683,1307,342,stop,False,17564,17564,53.867806299589574
c2_verify_revise__uniform-n8-t100-o20-s10005__cap64000__Qwen-Qwen3-32B-AWQ,uniform-n8-t100-o20-s10005,c2_verify_revise,64000,16,react_step,3045,2595,41,stop,False,12870,12870,86.1064114626497
c2_verify_revise__uniform-n8-t100-o20-s10005__cap64000__Qwen-Qwen3-32B-AWQ,uniform-n8-t100-o20-s10005,c2_verify_revise,64000,17,react_step,3106,1386,97,stop,False,7128,7128,48.99994799029082
c2_verify_revise__uniform-n8-t100-o20-s10005__cap64000__Qwen-Qwen3-32B-AWQ,uniform-n8-t100-o20-s10005,c2_verify_revise,64000,18,react_step,3223,1488,97,stop,False,2422,2422,52.6008563619107
c2_verify_revise__uniform-n8-t100-o20-s10005__cap64000__Qwen-Qwen3-32B-AWQ,uniform-n8-t100-o20-s10005,c2_verify_revise,64000,19,finalize,93,0,7,stop,False,1000,1000,0.3148750737309456
c2_verify_revise__uniform-n8-t100-o20-s10005__cap8000__Qwen-Qwen3-32B-AWQ,uniform-n8-t100-o20-s10005,c2_verify_revise,8000,0,react_step,225,1177,7,stop,False,7519,7519,34.73732686508447
c2_verify_revise__uniform-n8-t100-o20-s10005__cap8000__Qwen-Qwen3-32B-AWQ,uniform-n8-t100-o20-s10005,c2_verify_revise,8000,1,react_step,268,1172,10,stop,False,6067,6067,35.76190797518939
c2_verify_revise__uniform-n8-t100-o20-s10005__cap8000__Qwen-Qwen3-32B-AWQ,uniform-n8-t100-o20-s10005,c2_verify_revise,8000,2,react_step,328,665,13,stop,False,4557,4557,20.913574809208512
c2_verify_revise__uniform-n8-t100-o20-s10005__cap8000__Qwen-Qwen3-32B-AWQ,uniform-n8-t100-o20-s10005,c2_verify_revise,8000,3,react_step,365,290,10,stop,False,3514,3514,9.41389905847609
c2_verify_revise__uniform-n8-t100-o20-s10005__cap8000__Qwen-Qwen3-32B-AWQ,uniform-n8-t100-o20-s10005,c2_verify_revise,8000,4,react_step,425,618,13,stop,False,2789,2789,19.435378917492926
c2_verify_revise__uniform-n8-t100-o20-s10005__cap8000__Qwen-Qwen3-32B-AWQ,uniform-n8-t100-o20-s10005,c2_verify_revise,8000,5,react_step,462,1010,15,stop,False,1696,1696,31.72638533357531
c2_verify_revise__uniform-n8-t100-o20-s10005__cap8000__Qwen-Qwen3-32B-AWQ,uniform-n8-t100-o20-s10005,c2_verify_revise,8000,6,react_step,503,168,0,length,False,168,168,5.386683261953294
c2_verify_revise__uniform-n8-t100-o20-s10005__cap8000__Qwen-Qwen3-32B-AWQ,uniform-n8-t100-o20-s10005,c2_verify_revise,8000,7,finalize,93,0,7,stop,False,163,163,0.2636998612433672
c2_verify_revise__uniform-n8-t100-o80-s10005__cap16000__Qwen-Qwen3-32B-AWQ,uniform-n8-t100-o80-s10005,c2_verify_revise,16000,0,react_step,225,1177,7,stop,False,15519,15519,34.746665520593524
c2_verify_revise__uniform-n8-t100-o80-s10005__cap16000__Qwen-Qwen3-32B-AWQ,uniform-n8-t100-o80-s10005,c2_verify_revise,16000,1,react_step,268,1172,10,stop,False,14067,14067,34.76470281556249
c2_verify_revise__uniform-n8-t100-o80-s10005__cap16000__Qwen-Qwen3-32B-AWQ,uniform-n8-t100-o80-s10005,c2_verify_revise,16000,2,react_step,328,295,13,stop,False,12557,12557,9.204101373441517
c2_verify_revise__uniform-n8-t100-o80-s10005__cap16000__Qwen-Qwen3-32B-AWQ,uniform-n8-t100-o80-s10005,c2_verify_revise,16000,3,react_step,365,852,10,stop,False,11884,11884,25.425814563408494
c2_verify_revise__uniform-n8-t100-o80-s10005__cap16000__Qwen-Qwen3-32B-AWQ,uniform-n8-t100-o80-s10005,c2_verify_revise,16000,4,react_step,425,596,13,stop,False,10597,10597,18.045274909585714
c2_verify_revise__uniform-n8-t100-o80-s10005__cap16000__Qwen-Qwen3-32B-AWQ,uniform-n8-t100-o80-s10005,c2_verify_revise,16000,5,react_step,462,524,10,stop,False,9526,9526,15.885660333558917
c2_verify_revise__uniform-n8-t100-o80-s10005__cap16000__Qwen-Qwen3-32B-AWQ,uniform-n8-t100-o80-s10005,c2_verify_revise,16000,6,react_step,522,777,13,stop,False,8470,8470,23.461335589177907
c2_verify_revise__uniform-n8-t100-o80-s10005__cap16000__Qwen-Qwen3-32B-AWQ,uniform-n8-t100-o80-s10005,c2_verify_revise,16000,7,react_step,559,1011,15,stop,False,7121,7121,30.478028625249863
c2_verify_revise__uniform-n8-t100-o80-s10005__cap16000__Qwen-Qwen3-32B-AWQ,uniform-n8-t100-o80-s10005,c2_verify_revise,16000,8,react_step,600,723,10,stop,False,5495,5495,21.855993824079633
c2_verify_revise__uniform-n8-t100-o80-s10005__cap16000__Qwen-Qwen3-32B-AWQ,uniform-n8-t100-o80-s10005,c2_verify_revise,16000,9,react_step,660,1340,10,stop,False,4102,4102,40.25427502952516
c2_verify_revise__uniform-n8-t100-o80-s10005__cap16000__Qwen-Qwen3-32B-AWQ,uniform-n8-t100-o80-s10005,c2_verify_revise,16000,10,react_step,720,1092,10,stop,False,2032,2032,32.93512265756726
c2_verify_revise__uniform-n8-t100-o80-s10005__cap16000__Qwen-Qwen3-32B-AWQ,uniform-n8-t100-o80-s10005,c2_verify_revise,16000,11,react_step,780,150,0,length,False,150,150,4.9044526079669595
c2_verify_revise__uniform-n8-t100-o80-s10005__cap16000__Qwen-Qwen3-32B-AWQ,uniform-n8-t100-o80-s10005,c2_verify_revise,16000,12,finalize,93,0,7,stop,False,163,163,0.2669871263206005
c2_verify_revise__uniform-n8-t100-o80-s10005__cap32000__Qwen-Qwen3-32B-AWQ,uniform-n8-t100-o80-s10005,c2_verify_revise,32000,0,react_step,225,1177,7,stop,False,31519,31519,34.67285433970392
c2_verify_revise__uniform-n8-t100-o80-s10005__cap32000__Qwen-Qwen3-32B-AWQ,uniform-n8-t100-o80-s10005,c2_verify_revise,32000,1,react_step,268,1172,10,stop,False,30067,30067,34.69030951242894
c2_verify_revise__uniform-n8-t100-o80-s10005__cap32000__Qwen-Qwen3-32B-AWQ,uniform-n8-t100-o80-s10005,c2_verify_revise,32000,2,react_step,328,295,13,stop,False,28557,28557,9.18474792689085
c2_verify_revise__uniform-n8-t100-o80-s10005__cap32000__Qwen-Qwen3-32B-AWQ,uniform-n8-t100-o80-s10005,c2_verify_revise,32000,3,react_step,365,852,10,stop,False,27884,27884,25.362953740172088
c2_verify_revise__uniform-n8-t100-o80-s10005__cap32000__Qwen-Qwen3-32B-AWQ,uniform-n8-t100-o80-s10005,c2_verify_revise,32000,4,react_step,425,596,13,stop,False,26597,26597,18.00818166229874
c2_verify_revise__uniform-n8-t100-o80-s10005__cap32000__Qwen-Qwen3-32B-AWQ,uniform-n8-t100-o80-s10005,c2_verify_revise,32000,5,react_step,462,524,10,stop,False,25526,25526,15.853675876744092
c2_verify_revise__uniform-n8-t100-o80-s10005__cap32000__Qwen-Qwen3-32B-AWQ,uniform-n8-t100-o80-s10005,c2_verify_revise,32000,6,react_step,522,777,13,stop,False,24470,24470,23.413671746850014
c2_verify_revise__uniform-n8-t100-o80-s10005__cap32000__Qwen-Qwen3-32B-AWQ,uniform-n8-t100-o80-s10005,c2_verify_revise,32000,7,react_step,559,1011,15,stop,False,23121,23121,30.990376711823046
c2_verify_revise__uniform-n8-t100-o80-s10005__cap32000__Qwen-Qwen3-32B-AWQ,uniform-n8-t100-o80-s10005,c2_verify_revise,32000,8,react_step,600,723,10,stop,False,21495,21495,22.20771169476211
c2_verify_revise__uniform-n8-t100-o80-s10005__cap32000__Qwen-Qwen3-32B-AWQ,uniform-n8-t100-o80-s10005,c2_verify_revise,32000,9,react_step,660,1340,10,stop,False,20102,20102,41.12988214753568
c2_verify_revise__uniform-n8-t100-o80-s10005__cap32000__Qwen-Qwen3-32B-AWQ,uniform-n8-t100-o80-s10005,c2_verify_revise,32000,10,react_step,720,1092,10,stop,False,18032,18032,32.86006188392639
c2_verify_revise__uniform-n8-t100-o80-s10005__cap32000__Qwen-Qwen3-32B-AWQ,uniform-n8-t100-o80-s10005,c2_verify_revise,32000,11,react_step,780,2654,13,stop,False,16150,16150,80.02996278274804
c2_verify_revise__uniform-n8-t100-o80-s10005__cap32000__Qwen-Qwen3-32B-AWQ,uniform-n8-t100-o80-s10005,c2_verify_revise,32000,12,react_step,817,7872,19,stop,False,12666,12666,245.38783154357225
c2_verify_revise__uniform-n8-t100-o80-s10005__cap32000__Qwen-Qwen3-32B-AWQ,uniform-n8-t100-o80-s10005,c2_verify_revise,32000,13,react_step,856,3919,0,length,False,3919,3919,119.50321656372398
c2_verify_revise__uniform-n8-t100-o80-s10005__cap32000__Qwen-Qwen3-32B-AWQ,uniform-n8-t100-o80-s10005,c2_verify_revise,32000,14,finalize,93,0,7,stop,False,163,163,0.26563739962875843
c2_verify_revise__uniform-n8-t100-o80-s10005__cap64000__Qwen-Qwen3-32B-AWQ,uniform-n8-t100-o80-s10005,c2_verify_revise,64000,0,react_step,225,1177,7,stop,True,63519,32543,36.10131062101573
c2_verify_revise__uniform-n8-t100-o80-s10005__cap64000__Qwen-Qwen3-32B-AWQ,uniform-n8-t100-o80-s10005,c2_verify_revise,64000,1,react_step,268,1172,10,stop,True,62067,32500,36.3274246212095
c2_verify_revise__uniform-n8-t100-o80-s10005__cap64000__Qwen-Qwen3-32B-AWQ,uniform-n8-t100-o80-s10005,c2_verify_revise,64000,2,react_step,328,295,13,stop,True,60557,32440,9.785229937173426
c2_verify_revise__uniform-n8-t100-o80-s10005__cap64000__Qwen-Qwen3-32B-AWQ,uniform-n8-t100-o80-s10005,c2_verify_revise,64000,3,react_step,365,917,10,stop,True,59884,32403,28.82686629984528
c2_verify_revise__uniform-n8-t100-o80-s10005__cap64000__Qwen-Qwen3-32B-AWQ,uniform-n8-t100-o80-s10005,c2_verify_revise,64000,4,react_step,425,596,13,stop,True,58532,32343,18.65086101461202
c2_verify_revise__uniform-n8-t100-o80-s10005__cap64000__Qwen-Qwen3-32B-AWQ,uniform-n8-t100-o80-s10005,c2_verify_revise,64000,5,react_step,462,524,10,stop,True,57461,32306,16.641439768485725
c2_verify_revise__uniform-n8-t100-o80-s10005__cap64000__Qwen-Qwen3-32B-AWQ,uniform-n8-t100-o80-s10005,c2_verify_revise,64000,6,react_step,522,1893,13,stop,True,56405,32246,59.101138066500425
c2_verify_revise__uniform-n8-t100-o80-s10005__cap64000__Qwen-Qwen3-32B-AWQ,uniform-n8-t100-o80-s10005,c2_verify_revise,64000,7,react_step,559,752,15,stop,True,53940,32209,24.083336351439357
c2_verify_revise__uniform-n8-t100-o80-s10005__cap64000__Qwen-Qwen3-32B-AWQ,uniform-n8-t100-o80-s10005,c2_verify_revise,64000,8,react_step,600,2601,15,stop,True,52573,32168,81.58249082136899
c2_verify_revise__uniform-n8-t100-o80-s10005__cap64000__Qwen-Qwen3-32B-AWQ,uniform-n8-t100-o80-s10005,c2_verify_revise,64000,9,react_step,641,994,10,stop,True,49316,32127,31.205494394525886
c2_verify_revise__uniform-n8-t100-o80-s10005__cap64000__Qwen-Qwen3-32B-AWQ,uniform-n8-t100-o80-s10005,c2_verify_revise,64000,10,react_step,701,6030,13,stop,True,47611,32067,191.45792492758483
c2_verify_revise__uniform-n8-t100-o80-s10005__cap64000__Qwen-Qwen3-32B-AWQ,uniform-n8-t100-o80-s10005,c2_verify_revise,64000,11,react_step,738,2344,10,stop,True,40830,32030,73.446040132083
c2_verify_revise__uniform-n8-t100-o80-s10005__cap64000__Qwen-Qwen3-32B-AWQ,uniform-n8-t100-o80-s10005,c2_verify_revise,64000,12,react_step,798,2176,13,stop,True,37678,31970,68.20970140490681
c2_verify_revise__uniform-n8-t100-o80-s10005__cap64000__Qwen-Qwen3-32B-AWQ,uniform-n8-t100-o80-s10005,c2_verify_revise,64000,13,react_step,835,12334,91,stop,True,34654,31933,409.67587025556713
c2_verify_revise__uniform-n8-t100-o80-s10005__cap64000__Qwen-Qwen3-32B-AWQ,uniform-n8-t100-o80-s10005,c2_verify_revise,64000,14,react_step,951,1209,37,stop,False,21278,21278,39.14255103189498
c2_verify_revise__uniform-n8-t100-o80-s10005__cap64000__Qwen-Qwen3-32B-AWQ,uniform-n8-t100-o80-s10005,c2_verify_revise,64000,15,react_step,1038,1456,13,stop,False,18994,18994,45.86673572007567
c2_verify_revise__uniform-n8-t100-o80-s10005__cap64000__Qwen-Qwen3-32B-AWQ,uniform-n8-t100-o80-s10005,c2_verify_revise,64000,16,react_step,1075,1048,10,stop,False,16450,16450,33.652229057624936
c2_verify_revise__uniform-n8-t100-o80-s10005__cap64000__Qwen-Qwen3-32B-AWQ,uniform-n8-t100-o80-s10005,c2_verify_revise,64000,17,react_step,1135,1374,13,stop,False,14257,14257,43.727908773347735
c2_verify_revise__uniform-n8-t100-o80-s10005__cap64000__Qwen-Qwen3-32B-AWQ,uniform-n8-t100-o80-s10005,c2_verify_revise,64000,18,react_step,1172,7097,5,stop,False,11698,11698,228.65660997480154
c2_verify_revise__uniform-n8-t100-o80-s10005__cap64000__Qwen-Qwen3-32B-AWQ,uniform-n8-t100-o80-s10005,c2_verify_revise,64000,19,verify,1283,2520,340,stop,False,3313,3313,90.41246756445616
c2_verify_revise__uniform-n8-t100-o80-s10005__cap64000__Qwen-Qwen3-32B-AWQ,uniform-n8-t100-o80-s10005,c2_verify_revise,64000,20,finalize,93,0,7,stop,False,616,616,0.3161378540098667
c2_verify_revise__uniform-n8-t100-o80-s10005__cap8000__Qwen-Qwen3-32B-AWQ,uniform-n8-t100-o80-s10005,c2_verify_revise,8000,0,react_step,225,1177,7,stop,False,7519,7519,34.75323478318751
c2_verify_revise__uniform-n8-t100-o80-s10005__cap8000__Qwen-Qwen3-32B-AWQ,uniform-n8-t100-o80-s10005,c2_verify_revise,8000,1,react_step,268,1172,10,stop,False,6067,6067,34.76666032988578
c2_verify_revise__uniform-n8-t100-o80-s10005__cap8000__Qwen-Qwen3-32B-AWQ,uniform-n8-t100-o80-s10005,c2_verify_revise,8000,2,react_step,328,295,13,stop,False,4557,4557,9.202819108963013
c2_verify_revise__uniform-n8-t100-o80-s10005__cap8000__Qwen-Qwen3-32B-AWQ,uniform-n8-t100-o80-s10005,c2_verify_revise,8000,3,react_step,365,852,10,stop,False,3884,3884,25.413276032544672
c2_verify_revise__uniform-n8-t100-o80-s10005__cap8000__Qwen-Qwen3-32B-AWQ,uniform-n8-t100-o80-s10005,c2_verify_revise,8000,4,react_step,425,596,13,stop,False,2597,2597,18.039884460158646
c2_verify_revise__uniform-n8-t100-o80-s10005__cap8000__Qwen-Qwen3-32B-AWQ,uniform-n8-t100-o80-s10005,c2_verify_revise,8000,5,react_step,462,524,10,stop,False,1526,1526,15.88266715221107
c2_verify_revise__uniform-n8-t100-o80-s10005__cap8000__Qwen-Qwen3-32B-AWQ,uniform-n8-t100-o80-s10005,c2_verify_revise,8000,6,react_step,522,470,0,length,False,470,470,14.07046359963715
c2_verify_revise__uniform-n8-t100-o80-s10005__cap8000__Qwen-Qwen3-32B-AWQ,uniform-n8-t100-o80-s10005,c2_verify_revise,8000,7,finalize,93,0,7,stop,False,163,163,0.2643005745485425
c2_verify_revise__uniform-n8-t20-o20-s10005__cap16000__Qwen-Qwen3-32B-AWQ,uniform-n8-t20-o20-s10005,c2_verify_revise,16000,0,react_step,225,1177,7,stop,False,15519,15519,36.387056841515005
c2_verify_revise__uniform-n8-t20-o20-s10005__cap16000__Qwen-Qwen3-32B-AWQ,uniform-n8-t20-o20-s10005,c2_verify_revise,16000,1,react_step,268,1172,10,stop,False,14067,14067,36.231895914301276
c2_verify_revise__uniform-n8-t20-o20-s10005__cap16000__Qwen-Qwen3-32B-AWQ,uniform-n8-t20-o20-s10005,c2_verify_revise,16000,2,react_step,327,362,56,stop,False,12558,12558,12.95782719925046
c2_verify_revise__uniform-n8-t20-o20-s10005__cap16000__Qwen-Qwen3-32B-AWQ,uniform-n8-t20-o20-s10005,c2_verify_revise,16000,3,react_step,407,460,86,stop,False,11733,11733,16.861535539850593
c2_verify_revise__uniform-n8-t20-o20-s10005__cap16000__Qwen-Qwen3-32B-AWQ,uniform-n8-t20-o20-s10005,c2_verify_revise,16000,4,react_step,542,594,55,stop,False,10645,10645,20.10160657018423
c2_verify_revise__uniform-n8-t20-o20-s10005__cap16000__Qwen-Qwen3-32B-AWQ,uniform-n8-t20-o20-s10005,c2_verify_revise,16000,5,react_step,623,377,10,stop,False,9373,9373,12.288465599529445
c2_verify_revise__uniform-n8-t20-o20-s10005__cap16000__Qwen-Qwen3-32B-AWQ,uniform-n8-t20-o20-s10005,c2_verify_revise,16000,6,react_step,682,1653,50,stop,False,8304,8304,52.85549465660006
c2_verify_revise__uniform-n8-t20-o20-s10005__cap16000__Qwen-Qwen3-32B-AWQ,uniform-n8-t20-o20-s10005,c2_verify_revise,16000,7,react_step,756,2197,61,stop,False,5845,5845,70.64754722546786
c2_verify_revise__uniform-n8-t20-o20-s10005__cap16000__Qwen-Qwen3-32B-AWQ,uniform-n8-t20-o20-s10005,c2_verify_revise,16000,8,react_step,843,2130,10,stop,False,2744,2744,67.065948064439
c2_verify_revise__uniform-n8-t20-o20-s10005__cap16000__Qwen-Qwen3-32B-AWQ,uniform-n8-t20-o20-s10005,c2_verify_revise,16000,9,finalize,93,0,7,stop,False,767,767,0.28405694011598825
c2_verify_revise__uniform-n8-t20-o20-s10005__cap32000__Qwen-Qwen3-32B-AWQ,uniform-n8-t20-o20-s10005,c2_verify_revise,32000,0,react_step,225,1177,7,stop,False,31519,31519,36.04616155754775
c2_verify_revise__uniform-n8-t20-o20-s10005__cap32000__Qwen-Qwen3-32B-AWQ,uniform-n8-t20-o20-s10005,c2_verify_revise,32000,1,react_step,268,1172,10,stop,False,30067,30067,34.761876101605594
c2_verify_revise__uniform-n8-t20-o20-s10005__cap32000__Qwen-Qwen3-32B-AWQ,uniform-n8-t20-o20-s10005,c2_verify_revise,32000,2,react_step,327,362,56,stop,False,28558,28558,12.408712943084538
c2_verify_revise__uniform-n8-t20-o20-s10005__cap32000__Qwen-Qwen3-32B-AWQ,uniform-n8-t20-o20-s10005,c2_verify_revise,32000,3,react_step,407,460,86,stop,False,27733,27733,16.190192357636988
c2_verify_revise__uniform-n8-t20-o20-s10005__cap32000__Qwen-Qwen3-32B-AWQ,uniform-n8-t20-o20-s10005,c2_verify_revise,32000,4,react_step,542,594,55,stop,False,26645,26645,19.32085990346968
c2_verify_revise__uniform-n8-t20-o20-s10005__cap32000__Qwen-Qwen3-32B-AWQ,uniform-n8-t20-o20-s10005,c2_verify_revise,32000,5,react_step,623,377,10,stop,False,25373,25373,11.71244116872549
c2_verify_revise__uniform-n8-t20-o20-s10005__cap32000__Qwen-Qwen3-32B-AWQ,uniform-n8-t20-o20-s10005,c2_verify_revise,32000,6,react_step,682,1653,50,stop,False,24304,24304,50.795711300335824
c2_verify_revise__uniform-n8-t20-o20-s10005__cap32000__Qwen-Qwen3-32B-AWQ,uniform-n8-t20-o20-s10005,c2_verify_revise,32000,7,react_step,756,2197,61,stop,False,21845,21845,67.70645015593618
c2_verify_revise__uniform-n8-t20-o20-s10005__cap32000__Qwen-Qwen3-32B-AWQ,uniform-n8-t20-o20-s10005,c2_verify_revise,32000,8,react_step,843,2130,10,stop,False,18744,18744,64.27802174910903
c2_verify_revise__uniform-n8-t20-o20-s10005__cap32000__Qwen-Qwen3-32B-AWQ,uniform-n8-t20-o20-s10005,c2_verify_revise,32000,9,react_step,902,1550,13,stop,False,15702,15702,46.940711388364434
c2_verify_revise__uniform-n8-t20-o20-s10005__cap32000__Qwen-Qwen3-32B-AWQ,uniform-n8-t20-o20-s10005,c2_verify_revise,32000,10,react_step,939,3883,46,stop,False,13200,13200,119.33545375522226
c2_verify_revise__uniform-n8-t20-o20-s10005__cap32000__Qwen-Qwen3-32B-AWQ,uniform-n8-t20-o20-s10005,c2_verify_revise,32000,11,react_step,1009,5258,77,stop,False,8262,8262,163.59509624447674
c2_verify_revise__uniform-n8-t20-o20-s10005__cap32000__Qwen-Qwen3-32B-AWQ,uniform-n8-t20-o20-s10005,c2_verify_revise,32000,12,react_step,1106,990,80,stop,False,1821,1821,32.46990579273552
c2_verify_revise__uniform-n8-t20-o20-s10005__cap32000__Qwen-Qwen3-32B-AWQ,uniform-n8-t20-o20-s10005,c2_verify_revise,32000,13,finalize,93,0,7,stop,False,914,914,0.2822515619918704
c2_verify_revise__uniform-n8-t20-o20-s10005__cap64000__Qwen-Qwen3-32B-AWQ,uniform-n8-t20-o20-s10005,c2_verify_revise,64000,0,react_step,225,1177,7,stop,True,63519,32543,34.66664319392294
c2_verify_revise__uniform-n8-t20-o20-s10005__cap64000__Qwen-Qwen3-32B-AWQ,uniform-n8-t20-o20-s10005,c2_verify_revise,64000,1,react_step,268,1172,10,stop,True,62067,32500,34.68573070690036
c2_verify_revise__uniform-n8-t20-o20-s10005__cap64000__Qwen-Qwen3-32B-AWQ,uniform-n8-t20-o20-s10005,c2_verify_revise,64000,2,react_step,327,362,56,stop,True,60558,32441,12.384490401484072
c2_verify_revise__uniform-n8-t20-o20-s10005__cap64000__Qwen-Qwen3-32B-AWQ,uniform-n8-t20-o20-s10005,c2_verify_revise,64000,3,react_step,407,460,86,stop,True,59733,32361,16.151043502613902
c2_verify_revise__uniform-n8-t20-o20-s10005__cap64000__Qwen-Qwen3-32B-AWQ,uniform-n8-t20-o20-s10005,c2_verify_revise,64000,4,react_step,542,594,55,stop,True,58645,32226,19.279851634055376
c2_verify_revise__uniform-n8-t20-o20-s10005__cap64000__Qwen-Qwen3-32B-AWQ,uniform-n8-t20-o20-s10005,c2_verify_revise,64000,5,react_step,623,377,10,stop,True,57373,32145,11.685042507946491
c2_verify_revise__uniform-n8-t20-o20-s10005__cap64000__Qwen-Qwen3-32B-AWQ,uniform-n8-t20-o20-s10005,c2_verify_revise,64000,6,react_step,682,1653,50,stop,True,56304,32086,50.65135339368135
c2_verify_revise__uniform-n8-t20-o20-s10005__cap64000__Qwen-Qwen3-32B-AWQ,uniform-n8-t20-o20-s10005,c2_verify_revise,64000,7,react_step,756,2197,61,stop,True,53845,32012,67.53030669968575
c2_verify_revise__uniform-n8-t20-o20-s10005__cap64000__Qwen-Qwen3-32B-AWQ,uniform-n8-t20-o20-s10005,c2_verify_revise,64000,8,react_step,843,2130,10,stop,True,50744,31925,64.1245690509677
c2_verify_revise__uniform-n8-t20-o20-s10005__cap64000__Qwen-Qwen3-32B-AWQ,uniform-n8-t20-o20-s10005,c2_verify_revise,64000,9,react_step,902,1550,13,stop,True,47702,31866,46.81241796910763
c2_verify_revise__uniform-n8-t20-o20-s10005__cap64000__Qwen-Qwen3-32B-AWQ,uniform-n8-t20-o20-s10005,c2_verify_revise,64000,10,react_step,939,3883,46,stop,True,45200,31829,119.05630880221725
c2_verify_revise__uniform-n8-t20-o20-s10005__cap64000__Qwen-Qwen3-32B-AWQ,uniform-n8-t20-o20-s10005,c2_verify_revise,64000,11,react_step,1009,5258,77,stop,True,40262,31759,163.19336884096265
c2_verify_revise__uniform-n8-t20-o20-s10005__cap64000__Qwen-Qwen3-32B-AWQ,uniform-n8-t20-o20-s10005,c2_verify_revise,64000,12,react_step,1106,990,80,stop,True,33821,31662,32.38281356822699
c2_verify_revise__uniform-n8-t20-o20-s10005__cap64000__Qwen-Qwen3-32B-AWQ,uniform-n8-t20-o20-s10005,c2_verify_revise,64000,13,react_step,1235,296,15,stop,False,31516,31516,10.000209517776966
c2_verify_revise__uniform-n8-t20-o20-s10005__cap64000__Qwen-Qwen3-32B-AWQ,uniform-n8-t20-o20-s10005,c2_verify_revise,64000,14,react_step,1276,322,10,stop,False,29929,29929,10.657106786035001
c2_verify_revise__uniform-n8-t20-o20-s10005__cap64000__Qwen-Qwen3-32B-AWQ,uniform-n8-t20-o20-s10005,c2_verify_revise,64000,15,react_step,1335,882,15,stop,False,28262,28262,27.484775402583182
c2_verify_revise__uniform-n8-t20-o20-s10005__cap64000__Qwen-Qwen3-32B-AWQ,uniform-n8-t20-o20-s10005,c2_verify_revise,64000,16,react_step,1376,916,10,stop,False,25989,25989,28.38662247173488
c2_verify_revise__uniform-n8-t20-o20-s10005__cap64000__Qwen-Qwen3-32B-AWQ,uniform-n8-t20-o20-s10005,c2_verify_revise,64000,17,react_step,1435,754,10,stop,False,23628,23628,23.613511533476412
c2_verify_revise__uniform-n8-t20-o20-s10005__cap64000__Qwen-Qwen3-32B-AWQ,uniform-n8-t20-o20-s10005,c2_verify_revise,64000,18,react_step,1494,2440,87,stop,False,21370,21370,77.04019260592759
c2_verify_revise__uniform-n8-t20-o20-s10005__cap64000__Qwen-Qwen3-32B-AWQ,uniform-n8-t20-o20-s10005,c2_verify_revise,64000,19,react_step,1607,1185,15,stop,False,17236,17236,36.89212126005441
c2_verify_revise__uniform-n8-t20-o20-s10005__cap64000__Qwen-Qwen3-32B-AWQ,uniform-n8-t20-o20-s10005,c2_verify_revise,64000,20,react_step,1648,1734,107,stop,False,14388,14388,56.38939387816936
c2_verify_revise__uniform-n8-t20-o20-s10005__cap64000__Qwen-Qwen3-32B-AWQ,uniform-n8-t20-o20-s10005,c2_verify_revise,64000,21,react_step,1775,1906,82,stop,False,10772,10772,61.044160567224026
c2_verify_revise__uniform-n8-t20-o20-s10005__cap64000__Qwen-Qwen3-32B-AWQ,uniform-n8-t20-o20-s10005,c2_verify_revise,64000,22,verify,1963,1544,397,stop,False,6821,6821,59.876881605014205
c2_verify_revise__uniform-n8-t20-o20-s10005__cap64000__Qwen-Qwen3-32B-AWQ,uniform-n8-t20-o20-s10005,c2_verify_revise,64000,23,revise,2442,2438,0,length,False,2438,2438,76.00213522929698
c2_verify_revise__uniform-n8-t20-o20-s10005__cap64000__Qwen-Qwen3-32B-AWQ,uniform-n8-t20-o20-s10005,c2_verify_revise,64000,24,finalize,93,0,7,stop,False,163,163,0.2653128495439887
c2_verify_revise__uniform-n8-t20-o20-s10005__cap8000__Qwen-Qwen3-32B-AWQ,uniform-n8-t20-o20-s10005,c2_verify_revise,8000,0,react_step,225,1177,7,stop,False,7519,7519,34.740913363173604
c2_verify_revise__uniform-n8-t20-o20-s10005__cap8000__Qwen-Qwen3-32B-AWQ,uniform-n8-t20-o20-s10005,c2_verify_revise,8000,1,react_step,268,1172,10,stop,False,6067,6067,34.76592113729566
c2_verify_revise__uniform-n8-t20-o20-s10005__cap8000__Qwen-Qwen3-32B-AWQ,uniform-n8-t20-o20-s10005,c2_verify_revise,8000,2,react_step,327,362,56,stop,False,4558,4558,12.409305893816054
c2_verify_revise__uniform-n8-t20-o20-s10005__cap8000__Qwen-Qwen3-32B-AWQ,uniform-n8-t20-o20-s10005,c2_verify_revise,8000,3,react_step,407,460,86,stop,False,3733,3733,16.188100362196565
c2_verify_revise__uniform-n8-t20-o20-s10005__cap8000__Qwen-Qwen3-32B-AWQ,uniform-n8-t20-o20-s10005,c2_verify_revise,8000,4,react_step,542,594,55,stop,False,2645,2645,19.31934885121882
c2_verify_revise__uniform-n8-t20-o20-s10005__cap8000__Qwen-Qwen3-32B-AWQ,uniform-n8-t20-o20-s10005,c2_verify_revise,8000,5,react_step,623,377,10,stop,False,1373,1373,11.711316410452127
c2_verify_revise__uniform-n8-t20-o20-s10005__cap8000__Qwen-Qwen3-32B-AWQ,uniform-n8-t20-o20-s10005,c2_verify_revise,8000,6,react_step,682,304,0,length,False,304,304,9.319345046766102
c2_verify_revise__uniform-n8-t20-o20-s10005__cap8000__Qwen-Qwen3-32B-AWQ,uniform-n8-t20-o20-s10005,c2_verify_revise,8000,7,finalize,93,0,7,stop,False,163,163,0.26498537603765726
c2_verify_revise__uniform-n8-t85-o20-s10005__cap16000__Qwen-Qwen3-32B-AWQ,uniform-n8-t85-o20-s10005,c2_verify_revise,16000,0,react_step,225,1177,7,stop,False,15519,15519,34.756443412043154
c2_verify_revise__uniform-n8-t85-o20-s10005__cap16000__Qwen-Qwen3-32B-AWQ,uniform-n8-t85-o20-s10005,c2_verify_revise,16000,1,react_step,268,1172,10,stop,False,14067,14067,34.77095174882561
c2_verify_revise__uniform-n8-t85-o20-s10005__cap16000__Qwen-Qwen3-32B-AWQ,uniform-n8-t85-o20-s10005,c2_verify_revise,16000,2,react_step,328,394,13,stop,False,12557,12557,12.089996626600623
c2_verify_revise__uniform-n8-t85-o20-s10005__cap16000__Qwen-Qwen3-32B-AWQ,uniform-n8-t85-o20-s10005,c2_verify_revise,16000,3,react_step,365,531,37,stop,False,11785,11785,16.805173815228045
c2_verify_revise__uniform-n8-t85-o20-s10005__cap16000__Qwen-Qwen3-32B-AWQ,uniform-n8-t85-o20-s10005,c2_verify_revise,16000,4,react_step,452,795,44,stop,False,10765,10765,24.823748654685915
c2_verify_revise__uniform-n8-t85-o20-s10005__cap16000__Qwen-Qwen3-32B-AWQ,uniform-n8-t85-o20-s10005,c2_verify_revise,16000,5,react_step,520,1015,57,stop,False,9406,9406,31.821710015647113
c2_verify_revise__uniform-n8-t85-o20-s10005__cap16000__Qwen-Qwen3-32B-AWQ,uniform-n8-t85-o20-s10005,c2_verify_revise,16000,6,react_step,626,900,38,stop,False,7708,7708,27.972113532945514
c2_verify_revise__uniform-n8-t85-o20-s10005__cap16000__Qwen-Qwen3-32B-AWQ,uniform-n8-t85-o20-s10005,c2_verify_revise,16000,7,react_step,714,1138,41,stop,False,6056,6056,35.25672484189272
c2_verify_revise__uniform-n8-t85-o20-s10005__cap16000__Qwen-Qwen3-32B-AWQ,uniform-n8-t85-o20-s10005,c2_verify_revise,16000,8,react_step,779,692,13,stop,False,4098,4098,21.2256241152063
c2_verify_revise__uniform-n8-t85-o20-s10005__cap16000__Qwen-Qwen3-32B-AWQ,uniform-n8-t85-o20-s10005,c2_verify_revise,16000,9,react_step,816,2577,0,length,False,2577,2577,77.52401749324054
c2_verify_revise__uniform-n8-t85-o20-s10005__cap16000__Qwen-Qwen3-32B-AWQ,uniform-n8-t85-o20-s10005,c2_verify_revise,16000,10,finalize,93,0,7,stop,False,163,163,0.26542788837105036
c2_verify_revise__uniform-n8-t85-o20-s10005__cap32000__Qwen-Qwen3-32B-AWQ,uniform-n8-t85-o20-s10005,c2_verify_revise,32000,0,react_step,225,1177,7,stop,False,31519,31519,34.742922216653824
c2_verify_revise__uniform-n8-t85-o20-s10005__cap32000__Qwen-Qwen3-32B-AWQ,uniform-n8-t85-o20-s10005,c2_verify_revise,32000,1,react_step,268,1172,10,stop,False,30067,30067,34.774413275532424
c2_verify_revise__uniform-n8-t85-o20-s10005__cap32000__Qwen-Qwen3-32B-AWQ,uniform-n8-t85-o20-s10005,c2_verify_revise,32000,2,react_step,328,394,13,stop,False,28557,28557,12.087504097260535
c2_verify_revise__uniform-n8-t85-o20-s10005__cap32000__Qwen-Qwen3-32B-AWQ,uniform-n8-t85-o20-s10005,c2_verify_revise,32000,3,react_step,365,531,37,stop,False,27785,27785,16.8044160483405
c2_verify_revise__uniform-n8-t85-o20-s10005__cap32000__Qwen-Qwen3-32B-AWQ,uniform-n8-t85-o20-s10005,c2_verify_revise,32000,4,react_step,452,795,44,stop,False,26765,26765,24.830029015429318
c2_verify_revise__uniform-n8-t85-o20-s10005__cap32000__Qwen-Qwen3-32B-AWQ,uniform-n8-t85-o20-s10005,c2_verify_revise,32000,5,react_step,520,1015,57,stop,False,25406,25406,31.813313136808574
c2_verify_revise__uniform-n8-t85-o20-s10005__cap32000__Qwen-Qwen3-32B-AWQ,uniform-n8-t85-o20-s10005,c2_verify_revise,32000,6,react_step,626,900,38,stop,False,23708,23708,27.949010698124766
c2_verify_revise__uniform-n8-t85-o20-s10005__cap32000__Qwen-Qwen3-32B-AWQ,uniform-n8-t85-o20-s10005,c2_verify_revise,32000,7,react_step,714,1138,41,stop,False,22056,22056,35.22381972707808
c2_verify_revise__uniform-n8-t85-o20-s10005__cap32000__Qwen-Qwen3-32B-AWQ,uniform-n8-t85-o20-s10005,c2_verify_revise,32000,8,react_step,779,692,13,stop,False,20098,20098,21.229990609921515
c2_verify_revise__uniform-n8-t85-o20-s10005__cap32000__Qwen-Qwen3-32B-AWQ,uniform-n8-t85-o20-s10005,c2_verify_revise,32000,9,react_step,816,9241,46,stop,False,18577,18577,290.2417363449931
c2_verify_revise__uniform-n8-t85-o20-s10005__cap32000__Qwen-Qwen3-32B-AWQ,uniform-n8-t85-o20-s10005,c2_verify_revise,32000,10,react_step,882,867,56,stop,False,8408,8408,27.74665598385036
c2_verify_revise__uniform-n8-t85-o20-s10005__cap32000__Qwen-Qwen3-32B-AWQ,uniform-n8-t85-o20-s10005,c2_verify_revise,32000,11,react_step,988,326,10,stop,False,6497,6497,10.488530688919127
c2_verify_revise__uniform-n8-t85-o20-s10005__cap32000__Qwen-Qwen3-32B-AWQ,uniform-n8-t85-o20-s10005,c2_verify_revise,32000,12,react_step,1047,2819,42,stop,False,5114,5114,86.46568860579282
c2_verify_revise__uniform-n8-t85-o20-s10005__cap32000__Qwen-Qwen3-32B-AWQ,uniform-n8-t85-o20-s10005,c2_verify_revise,32000,13,react_step,1139,1114,0,length,False,1114,1114,33.74437430873513
c2_verify_revise__uniform-n8-t85-o20-s10005__cap32000__Qwen-Qwen3-32B-AWQ,uniform-n8-t85-o20-s10005,c2_verify_revise,32000,14,finalize,93,0,7,stop,False,163,163,0.2641873713582754
c2_verify_revise__uniform-n8-t85-o20-s10005__cap64000__Qwen-Qwen3-32B-AWQ,uniform-n8-t85-o20-s10005,c2_verify_revise,64000,0,react_step,225,1177,7,stop,True,63519,32543,34.654239509254694
c2_verify_revise__uniform-n8-t85-o20-s10005__cap64000__Qwen-Qwen3-32B-AWQ,uniform-n8-t85-o20-s10005,c2_verify_revise,64000,1,react_step,268,1172,10,stop,True,62067,32500,34.67257705051452
c2_verify_revise__uniform-n8-t85-o20-s10005__cap64000__Qwen-Qwen3-32B-AWQ,uniform-n8-t85-o20-s10005,c2_verify_revise,64000,2,react_step,328,394,13,stop,True,60557,32440,12.055634691379964
c2_verify_revise__uniform-n8-t85-o20-s10005__cap64000__Qwen-Qwen3-32B-AWQ,uniform-n8-t85-o20-s10005,c2_verify_revise,64000,3,react_step,365,531,37,stop,True,59785,32403,16.768698504194617
c2_verify_revise__uniform-n8-t85-o20-s10005__cap64000__Qwen-Qwen3-32B-AWQ,uniform-n8-t85-o20-s10005,c2_verify_revise,64000,4,react_step,452,795,44,stop,True,58765,32316,24.769908546470106
c2_verify_revise__uniform-n8-t85-o20-s10005__cap64000__Qwen-Qwen3-32B-AWQ,uniform-n8-t85-o20-s10005,c2_verify_revise,64000,5,react_step,520,1015,57,stop,True,57406,32248,31.7327213389799
c2_verify_revise__uniform-n8-t85-o20-s10005__cap64000__Qwen-Qwen3-32B-AWQ,uniform-n8-t85-o20-s10005,c2_verify_revise,64000,6,react_step,626,900,38,stop,True,55708,32142,27.888691308908165
c2_verify_revise__uniform-n8-t85-o20-s10005__cap64000__Qwen-Qwen3-32B-AWQ,uniform-n8-t85-o20-s10005,c2_verify_revise,64000,7,react_step,714,1138,41,stop,True,54056,32054,35.13554276153445
c2_verify_revise__uniform-n8-t85-o20-s10005__cap64000__Qwen-Qwen3-32B-AWQ,uniform-n8-t85-o20-s10005,c2_verify_revise,64000,8,react_step,779,692,13,stop,True,52098,31989,21.176070764660835
c2_verify_revise__uniform-n8-t85-o20-s10005__cap64000__Qwen-Qwen3-32B-AWQ,uniform-n8-t85-o20-s10005,c2_verify_revise,64000,9,react_step,816,9241,46,stop,True,50577,31952,289.92364615481347
c2_verify_revise__uniform-n8-t85-o20-s10005__cap64000__Qwen-Qwen3-32B-AWQ,uniform-n8-t85-o20-s10005,c2_verify_revise,64000,10,react_step,882,867,56,stop,True,40408,31886,27.735432021319866
c2_verify_revise__uniform-n8-t85-o20-s10005__cap64000__Qwen-Qwen3-32B-AWQ,uniform-n8-t85-o20-s10005,c2_verify_revise,64000,11,react_step,988,326,10,stop,True,38497,31780,10.48254815209657
c2_verify_revise__uniform-n8-t85-o20-s10005__cap64000__Qwen-Qwen3-32B-AWQ,uniform-n8-t85-o20-s10005,c2_verify_revise,64000,12,react_step,1047,2819,42,stop,True,37114,31721,86.41636361461133
c2_verify_revise__uniform-n8-t85-o20-s10005__cap64000__Qwen-Qwen3-32B-AWQ,uniform-n8-t85-o20-s10005,c2_verify_revise,64000,13,react_step,1139,2856,10,stop,True,33114,31629,86.74784509465098
c2_verify_revise__uniform-n8-t85-o20-s10005__cap64000__Qwen-Qwen3-32B-AWQ,uniform-n8-t85-o20-s10005,c2_verify_revise,64000,14,react_step,1199,4953,52,stop,False,29049,29049,153.3261400302872
c2_verify_revise__uniform-n8-t85-o20-s10005__cap64000__Qwen-Qwen3-32B-AWQ,uniform-n8-t85-o20-s10005,c2_verify_revise,64000,15,react_step,1271,1244,49,stop,False,22773,22773,39.230109627358615
c2_verify_revise__uniform-n8-t85-o20-s10005__cap64000__Qwen-Qwen3-32B-AWQ,uniform-n8-t85-o20-s10005,c2_verify_revise,64000,16,react_step,1344,820,15,stop,False,20136,20136,25.644525729119778
c2_verify_revise__uniform-n8-t85-o20-s10005__cap64000__Qwen-Qwen3-32B-AWQ,uniform-n8-t85-o20-s10005,c2_verify_revise,64000,17,react_step,1385,1359,15,stop,False,17916,17916,41.83312059100717
c2_verify_revise__uniform-n8-t85-o20-s10005__cap64000__Qwen-Qwen3-32B-AWQ,uniform-n8-t85-o20-s10005,c2_verify_revise,64000,18,react_step,1426,3210,15,stop,False,15116,15116,98.32964214961976
c2_verify_revise__uniform-n8-t85-o20-s10005__cap64000__Qwen-Qwen3-32B-AWQ,uniform-n8-t85-o20-s10005,c2_verify_revise,64000,19,react_step,1467,2165,121,stop,False,10424,10424,69.64041929133236
c2_verify_revise__uniform-n8-t85-o20-s10005__cap64000__Qwen-Qwen3-32B-AWQ,uniform-n8-t85-o20-s10005,c2_verify_revise,64000,20,react_step,1614,888,15,stop,False,6524,6524,27.93381500337273
c2_verify_revise__uniform-n8-t85-o20-s10005__cap64000__Qwen-Qwen3-32B-AWQ,uniform-n8-t85-o20-s10005,c2_verify_revise,64000,21,react_step,1655,3966,0,length,False,3966,3966,121.96678442880511
c2_verify_revise__uniform-n8-t85-o20-s10005__cap64000__Qwen-Qwen3-32B-AWQ,uniform-n8-t85-o20-s10005,c2_verify_revise,64000,22,finalize,93,0,7,stop,False,163,163,0.263551227748394
c2_verify_revise__uniform-n8-t85-o20-s10005__cap8000__Qwen-Qwen3-32B-AWQ,uniform-n8-t85-o20-s10005,c2_verify_revise,8000,0,react_step,225,1177,7,stop,False,7519,7519,34.730329755693674
c2_verify_revise__uniform-n8-t85-o20-s10005__cap8000__Qwen-Qwen3-32B-AWQ,uniform-n8-t85-o20-s10005,c2_verify_revise,8000,1,react_step,268,1172,10,stop,False,6067,6067,34.75033708103001
c2_verify_revise__uniform-n8-t85-o20-s10005__cap8000__Qwen-Qwen3-32B-AWQ,uniform-n8-t85-o20-s10005,c2_verify_revise,8000,2,react_step,328,394,13,stop,False,4557,4557,12.08419915754348
c2_verify_revise__uniform-n8-t85-o20-s10005__cap8000__Qwen-Qwen3-32B-AWQ,uniform-n8-t85-o20-s10005,c2_verify_revise,8000,3,react_step,365,531,37,stop,False,3785,3785,16.80170424003154
c2_verify_revise__uniform-n8-t85-o20-s10005__cap8000__Qwen-Qwen3-32B-AWQ,uniform-n8-t85-o20-s10005,c2_verify_revise,8000,4,react_step,452,795,44,stop,False,2765,2765,24.814920580014586
c2_verify_revise__uniform-n8-t85-o20-s10005__cap8000__Qwen-Qwen3-32B-AWQ,uniform-n8-t85-o20-s10005,c2_verify_revise,8000,5,react_step,520,1015,57,stop,False,1406,1406,31.804361943155527
c2_verify_revise__uniform-n8-t85-o20-s10005__cap8000__Qwen-Qwen3-32B-AWQ,uniform-n8-t85-o20-s10005,c2_verify_revise,8000,6,finalize,93,0,7,stop,False,497,497,0.28023243229836226
c3_mas__clustered-n4-t100-o20-s10005__cap16000__Qwen-Qwen3-32B-AWQ,clustered-n4-t100-o20-s10005,c3_mas,16000,0,worker_a,225,1177,7,stop,False,5679,5679,40.509982857853174
c3_mas__clustered-n4-t100-o20-s10005__cap16000__Qwen-Qwen3-32B-AWQ,clustered-n4-t100-o20-s10005,c3_mas,16000,1,worker_a,250,564,10,stop,False,4245,4245,19.869895587675273
c3_mas__clustered-n4-t100-o20-s10005__cap16000__Qwen-Qwen3-32B-AWQ,clustered-n4-t100-o20-s10005,c3_mas,16000,2,worker_a,310,480,10,stop,False,3361,3361,17.15248031448573
c3_mas__clustered-n4-t100-o20-s10005__cap16000__Qwen-Qwen3-32B-AWQ,clustered-n4-t100-o20-s10005,c3_mas,16000,3,worker_a,370,1090,42,stop,False,2501,2501,38.949590743519366
c3_mas__clustered-n4-t100-o20-s10005__cap16000__Qwen-Qwen3-32B-AWQ,clustered-n4-t100-o20-s10005,c3_mas,16000,4,worker_a,436,732,15,stop,False,933,933,23.13573767710477
c3_mas__clustered-n4-t100-o20-s10005__cap16000__Qwen-Qwen3-32B-AWQ,clustered-n4-t100-o20-s10005,c3_mas,16000,5,worker_b,225,1177,7,stop,False,5679,5679,37.102042625658214
c3_mas__clustered-n4-t100-o20-s10005__cap16000__Qwen-Qwen3-32B-AWQ,clustered-n4-t100-o20-s10005,c3_mas,16000,6,worker_b,250,458,10,stop,False,4245,4245,15.225293072871864
c3_mas__clustered-n4-t100-o20-s10005__cap16000__Qwen-Qwen3-32B-AWQ,clustered-n4-t100-o20-s10005,c3_mas,16000,7,worker_b,310,149,10,stop,False,3467,3467,5.058713792823255
c3_mas__clustered-n4-t100-o20-s10005__cap16000__Qwen-Qwen3-32B-AWQ,clustered-n4-t100-o20-s10005,c3_mas,16000,8,worker_b,369,689,13,stop,False,2939,2939,21.691342491656542
c3_mas__clustered-n4-t100-o20-s10005__cap16000__Qwen-Qwen3-32B-AWQ,clustered-n4-t100-o20-s10005,c3_mas,16000,9,worker_b,406,771,15,stop,False,1831,1831,25.091098356992006
c3_mas__clustered-n4-t100-o20-s10005__cap16000__Qwen-Qwen3-32B-AWQ,clustered-n4-t100-o20-s10005,c3_mas,16000,10,worker_b,447,598,0,length,False,598,598,18.673040246590972
c3_mas__clustered-n4-t100-o20-s10005__cap16000__Qwen-Qwen3-32B-AWQ,clustered-n4-t100-o20-s10005,c3_mas,16000,11,finalize,93,0,7,stop,False,4285,4285,0.32371457666158676
c3_mas__clustered-n4-t100-o20-s10005__cap32000__Qwen-Qwen3-32B-AWQ,clustered-n4-t100-o20-s10005,c3_mas,32000,0,worker_a,225,1177,7,stop,False,11679,11679,36.675241372548044
c3_mas__clustered-n4-t100-o20-s10005__cap32000__Qwen-Qwen3-32B-AWQ,clustered-n4-t100-o20-s10005,c3_mas,32000,1,worker_a,250,422,30,stop,False,10245,10245,13.860841394402087
c3_mas__clustered-n4-t100-o20-s10005__cap32000__Qwen-Qwen3-32B-AWQ,clustered-n4-t100-o20-s10005,c3_mas,32000,2,worker_a,330,279,29,stop,False,9463,9463,9.513599370606244
c3_mas__clustered-n4-t100-o20-s10005__cap32000__Qwen-Qwen3-32B-AWQ,clustered-n4-t100-o20-s10005,c3_mas,32000,3,worker_a,409,774,45,stop,False,8746,8746,25.28649728000164
c3_mas__clustered-n4-t100-o20-s10005__cap32000__Qwen-Qwen3-32B-AWQ,clustered-n4-t100-o20-s10005,c3_mas,32000,4,worker_a,478,266,15,stop,False,7449,7449,8.78317407798022
c3_mas__clustered-n4-t100-o20-s10005__cap32000__Qwen-Qwen3-32B-AWQ,clustered-n4-t100-o20-s10005,c3_mas,32000,5,worker_a,519,468,19,stop,False,6649,6649,15.52090019453317
c3_mas__clustered-n4-t100-o20-s10005__cap32000__Qwen-Qwen3-32B-AWQ,clustered-n4-t100-o20-s10005,c3_mas,32000,6,worker_a,558,432,5,stop,False,5604,5604,13.787344479933381
c3_mas__clustered-n4-t100-o20-s10005__cap32000__Qwen-Qwen3-32B-AWQ,clustered-n4-t100-o20-s10005,c3_mas,32000,7,worker_b,225,1177,7,stop,False,11679,11679,36.56973394751549
c3_mas__clustered-n4-t100-o20-s10005__cap32000__Qwen-Qwen3-32B-AWQ,clustered-n4-t100-o20-s10005,c3_mas,32000,8,worker_b,250,458,10,stop,False,10245,10245,14.375099748373032
c3_mas__clustered-n4-t100-o20-s10005__cap32000__Qwen-Qwen3-32B-AWQ,clustered-n4-t100-o20-s10005,c3_mas,32000,9,worker_b,310,149,10,stop,False,9467,9467,5.027249756269157
c3_mas__clustered-n4-t100-o20-s10005__cap32000__Qwen-Qwen3-32B-AWQ,clustered-n4-t100-o20-s10005,c3_mas,32000,10,worker_b,369,689,13,stop,False,8939,8939,21.706673258915544
c3_mas__clustered-n4-t100-o20-s10005__cap32000__Qwen-Qwen3-32B-AWQ,clustered-n4-t100-o20-s10005,c3_mas,32000,11,worker_b,406,842,15,stop,False,7831,7831,26.785529929213226
c3_mas__clustered-n4-t100-o20-s10005__cap32000__Qwen-Qwen3-32B-AWQ,clustered-n4-t100-o20-s10005,c3_mas,32000,12,worker_b,447,1782,18,stop,False,6527,6527,56.10004892852157
c3_mas__clustered-n4-t100-o20-s10005__cap32000__Qwen-Qwen3-32B-AWQ,clustered-n4-t100-o20-s10005,c3_mas,32000,13,worker_b,485,547,5,stop,False,4242,4242,17.020762625150383
c3_mas__clustered-n4-t100-o20-s10005__cap32000__Qwen-Qwen3-32B-AWQ,clustered-n4-t100-o20-s10005,c3_mas,32000,14,critic,550,6320,26,stop,False,16243,16243,201.63135029003024
c3_mas__clustered-n4-t100-o20-s10005__cap32000__Qwen-Qwen3-32B-AWQ,clustered-n4-t100-o20-s10005,c3_mas,32000,15,finalize,111,0,57,stop,False,10042,10042,1.8375641666352749
c3_mas__clustered-n4-t100-o20-s10005__cap64000__Qwen-Qwen3-32B-AWQ,clustered-n4-t100-o20-s10005,c3_mas,64000,0,worker_a,225,1177,7,stop,False,23679,23679,36.27342143189162
c3_mas__clustered-n4-t100-o20-s10005__cap64000__Qwen-Qwen3-32B-AWQ,clustered-n4-t100-o20-s10005,c3_mas,64000,1,worker_a,250,422,30,stop,False,22245,22245,14.133384134620428
c3_mas__clustered-n4-t100-o20-s10005__cap64000__Qwen-Qwen3-32B-AWQ,clustered-n4-t100-o20-s10005,c3_mas,64000,2,worker_a,330,279,29,stop,False,21463,21463,9.90885765105486
c3_mas__clustered-n4-t100-o20-s10005__cap64000__Qwen-Qwen3-32B-AWQ,clustered-n4-t100-o20-s10005,c3_mas,64000,3,worker_a,409,743,37,stop,False,20746,20746,24.364718819968402
c3_mas__clustered-n4-t100-o20-s10005__cap64000__Qwen-Qwen3-32B-AWQ,clustered-n4-t100-o20-s10005,c3_mas,64000,4,worker_a,470,366,45,stop,False,19496,19496,12.811750929802656
c3_mas__clustered-n4-t100-o20-s10005__cap64000__Qwen-Qwen3-32B-AWQ,clustered-n4-t100-o20-s10005,c3_mas,64000,5,worker_a,541,1320,19,stop,False,18544,18544,42.388903924264014
c3_mas__clustered-n4-t100-o20-s10005__cap64000__Qwen-Qwen3-32B-AWQ,clustered-n4-t100-o20-s10005,c3_mas,64000,6,worker_a,580,457,5,stop,False,16625,16625,14.5210245186463
c3_mas__clustered-n4-t100-o20-s10005__cap64000__Qwen-Qwen3-32B-AWQ,clustered-n4-t100-o20-s10005,c3_mas,64000,7,worker_b,225,1177,7,stop,False,23679,23679,36.35908954124898
c3_mas__clustered-n4-t100-o20-s10005__cap64000__Qwen-Qwen3-32B-AWQ,clustered-n4-t100-o20-s10005,c3_mas,64000,8,worker_b,250,458,10,stop,False,22245,22245,14.430812339298427
c3_mas__clustered-n4-t100-o20-s10005__cap64000__Qwen-Qwen3-32B-AWQ,clustered-n4-t100-o20-s10005,c3_mas,64000,9,worker_b,310,149,10,stop,False,21467,21467,5.245696138590574
c3_mas__clustered-n4-t100-o20-s10005__cap64000__Qwen-Qwen3-32B-AWQ,clustered-n4-t100-o20-s10005,c3_mas,64000,10,worker_b,369,689,13,stop,False,20939,20939,21.787167305126786
c3_mas__clustered-n4-t100-o20-s10005__cap64000__Qwen-Qwen3-32B-AWQ,clustered-n4-t100-o20-s10005,c3_mas,64000,11,worker_b,406,941,15,stop,False,19831,19831,29.377573376521468
c3_mas__clustered-n4-t100-o20-s10005__cap64000__Qwen-Qwen3-32B-AWQ,clustered-n4-t100-o20-s10005,c3_mas,64000,12,worker_b,447,1565,18,stop,False,18428,18428,49.47020377125591
c3_mas__clustered-n4-t100-o20-s10005__cap64000__Qwen-Qwen3-32B-AWQ,clustered-n4-t100-o20-s10005,c3_mas,64000,13,worker_b,485,547,5,stop,False,16360,16360,17.6105489237234
c3_mas__clustered-n4-t100-o20-s10005__cap64000__Qwen-Qwen3-32B-AWQ,clustered-n4-t100-o20-s10005,c3_mas,64000,14,critic,550,5333,25,stop,True,47357,32218,170.1079108528793
c3_mas__clustered-n4-t100-o20-s10005__cap64000__Qwen-Qwen3-32B-AWQ,clustered-n4-t100-o20-s10005,c3_mas,64000,15,finalize,110,0,56,stop,True,42145,32658,2.0646267905831337
c3_mas__clustered-n4-t100-o20-s10005__cap8000__Qwen-Qwen3-32B-AWQ,clustered-n4-t100-o20-s10005,c3_mas,8000,0,worker_a,225,1177,7,stop,False,2679,2679,37.65574143268168
c3_mas__clustered-n4-t100-o20-s10005__cap8000__Qwen-Qwen3-32B-AWQ,clustered-n4-t100-o20-s10005,c3_mas,8000,1,worker_a,250,564,10,stop,False,1245,1245,17.767278385348618
c3_mas__clustered-n4-t100-o20-s10005__cap8000__Qwen-Qwen3-32B-AWQ,clustered-n4-t100-o20-s10005,c3_mas,8000,2,worker_a,310,361,0,length,False,361,361,11.337760463356972
c3_mas__clustered-n4-t100-o20-s10005__cap8000__Qwen-Qwen3-32B-AWQ,clustered-n4-t100-o20-s10005,c3_mas,8000,3,worker_b,225,1177,7,stop,False,2679,2679,37.11452522780746
c3_mas__clustered-n4-t100-o20-s10005__cap8000__Qwen-Qwen3-32B-AWQ,clustered-n4-t100-o20-s10005,c3_mas,8000,4,worker_b,250,458,10,stop,False,1245,1245,14.88058987352997
c3_mas__clustered-n4-t100-o20-s10005__cap8000__Qwen-Qwen3-32B-AWQ,clustered-n4-t100-o20-s10005,c3_mas,8000,5,worker_b,310,149,10,stop,False,467,467,5.256248824298382
c3_mas__clustered-n4-t100-o20-s10005__cap8000__Qwen-Qwen3-32B-AWQ,clustered-n4-t100-o20-s10005,c3_mas,8000,6,finalize,93,0,7,stop,False,2407,2407,0.3378128493204713
c3_mas__clustered-n4-t100-o80-s10005__cap16000__Qwen-Qwen3-32B-AWQ,clustered-n4-t100-o80-s10005,c3_mas,16000,0,worker_a,225,1177,7,stop,False,5679,5679,37.22776721883565
c3_mas__clustered-n4-t100-o80-s10005__cap16000__Qwen-Qwen3-32B-AWQ,clustered-n4-t100-o80-s10005,c3_mas,16000,1,worker_a,250,564,10,stop,False,4245,4245,18.203169889748096
c3_mas__clustered-n4-t100-o80-s10005__cap16000__Qwen-Qwen3-32B-AWQ,clustered-n4-t100-o80-s10005,c3_mas,16000,2,worker_a,310,385,10,stop,False,3361,3361,12.221573953516781
c3_mas__clustered-n4-t100-o80-s10005__cap16000__Qwen-Qwen3-32B-AWQ,clustered-n4-t100-o80-s10005,c3_mas,16000,3,worker_a,370,2347,13,stop,False,2596,2596,74.8109533265233
c3_mas__clustered-n4-t100-o80-s10005__cap16000__Qwen-Qwen3-32B-AWQ,clustered-n4-t100-o80-s10005,c3_mas,16000,4,worker_b,225,1177,7,stop,False,5679,5679,36.561454319395125
c3_mas__clustered-n4-t100-o80-s10005__cap16000__Qwen-Qwen3-32B-AWQ,clustered-n4-t100-o80-s10005,c3_mas,16000,5,worker_b,250,458,10,stop,False,4245,4245,15.149098201654851
c3_mas__clustered-n4-t100-o80-s10005__cap16000__Qwen-Qwen3-32B-AWQ,clustered-n4-t100-o80-s10005,c3_mas,16000,6,worker_b,310,92,27,stop,False,3467,3467,3.8610495384782553
c3_mas__clustered-n4-t100-o80-s10005__cap16000__Qwen-Qwen3-32B-AWQ,clustered-n4-t100-o80-s10005,c3_mas,16000,7,worker_b,387,691,13,stop,False,2961,2961,21.89348309021443
c3_mas__clustered-n4-t100-o80-s10005__cap16000__Qwen-Qwen3-32B-AWQ,clustered-n4-t100-o80-s10005,c3_mas,16000,8,worker_b,424,1193,46,stop,False,1833,1833,38.955989236943424
c3_mas__clustered-n4-t100-o80-s10005__cap16000__Qwen-Qwen3-32B-AWQ,clustered-n4-t100-o80-s10005,c3_mas,16000,9,worker_b,496,98,0,length,False,98,98,3.426714756526053
c3_mas__clustered-n4-t100-o80-s10005__cap16000__Qwen-Qwen3-32B-AWQ,clustered-n4-t100-o80-s10005,c3_mas,16000,10,finalize,93,0,7,stop,False,4335,4335,0.33250381890684366
c3_mas__clustered-n4-t100-o80-s10005__cap32000__Qwen-Qwen3-32B-AWQ,clustered-n4-t100-o80-s10005,c3_mas,32000,0,worker_a,225,1177,7,stop,False,11679,11679,36.28430822119117
c3_mas__clustered-n4-t100-o80-s10005__cap32000__Qwen-Qwen3-32B-AWQ,clustered-n4-t100-o80-s10005,c3_mas,32000,1,worker_a,250,422,30,stop,False,10245,10245,14.043328550644219
c3_mas__clustered-n4-t100-o80-s10005__cap32000__Qwen-Qwen3-32B-AWQ,clustered-n4-t100-o80-s10005,c3_mas,32000,2,worker_a,330,206,29,stop,False,9463,9463,7.3663468630984426
c3_mas__clustered-n4-t100-o80-s10005__cap32000__Qwen-Qwen3-32B-AWQ,clustered-n4-t100-o80-s10005,c3_mas,32000,3,worker_a,409,260,51,stop,False,8819,8819,9.889679389074445
c3_mas__clustered-n4-t100-o80-s10005__cap32000__Qwen-Qwen3-32B-AWQ,clustered-n4-t100-o80-s10005,c3_mas,32000,4,worker_a,484,3654,13,stop,False,8024,8024,114.83746652957052
c3_mas__clustered-n4-t100-o80-s10005__cap32000__Qwen-Qwen3-32B-AWQ,clustered-n4-t100-o80-s10005,c3_mas,32000,5,worker_a,521,414,15,stop,False,3836,3836,13.2729920623824
c3_mas__clustered-n4-t100-o80-s10005__cap32000__Qwen-Qwen3-32B-AWQ,clustered-n4-t100-o80-s10005,c3_mas,32000,6,worker_a,562,2504,12,stop,False,2845,2845,78.32271631900221
c3_mas__clustered-n4-t100-o80-s10005__cap32000__Qwen-Qwen3-32B-AWQ,clustered-n4-t100-o80-s10005,c3_mas,32000,7,worker_b,225,1177,7,stop,False,11679,11679,36.47768049594015
c3_mas__clustered-n4-t100-o80-s10005__cap32000__Qwen-Qwen3-32B-AWQ,clustered-n4-t100-o80-s10005,c3_mas,32000,8,worker_b,250,458,10,stop,False,10245,10245,14.309417921118438
c3_mas__clustered-n4-t100-o80-s10005__cap32000__Qwen-Qwen3-32B-AWQ,clustered-n4-t100-o80-s10005,c3_mas,32000,9,worker_b,310,92,27,stop,False,9467,9467,3.8419989198446274
c3_mas__clustered-n4-t100-o80-s10005__cap32000__Qwen-Qwen3-32B-AWQ,clustered-n4-t100-o80-s10005,c3_mas,32000,10,worker_b,387,1326,13,stop,False,8961,8961,41.691816688515246
c3_mas__clustered-n4-t100-o80-s10005__cap32000__Qwen-Qwen3-32B-AWQ,clustered-n4-t100-o80-s10005,c3_mas,32000,11,worker_b,424,1344,15,stop,False,7198,7198,42.18045502901077
c3_mas__clustered-n4-t100-o80-s10005__cap32000__Qwen-Qwen3-32B-AWQ,clustered-n4-t100-o80-s10005,c3_mas,32000,12,worker_b,465,2152,19,stop,False,5374,5374,67.26766911894083
c3_mas__clustered-n4-t100-o80-s10005__cap32000__Qwen-Qwen3-32B-AWQ,clustered-n4-t100-o80-s10005,c3_mas,32000,13,worker_b,504,700,102,stop,False,2699,2699,25.090390562079847
c3_mas__clustered-n4-t100-o80-s10005__cap32000__Qwen-Qwen3-32B-AWQ,clustered-n4-t100-o80-s10005,c3_mas,32000,14,critic,464,2023,19,stop,False,9698,9698,63.28956946823746
c3_mas__clustered-n4-t100-o80-s10005__cap32000__Qwen-Qwen3-32B-AWQ,clustered-n4-t100-o80-s10005,c3_mas,32000,15,finalize,104,0,7,stop,False,7808,7808,0.32905593141913414
c3_mas__clustered-n4-t100-o80-s10005__cap64000__Qwen-Qwen3-32B-AWQ,clustered-n4-t100-o80-s10005,c3_mas,64000,0,worker_a,225,1177,7,stop,False,23679,23679,36.49409804213792
c3_mas__clustered-n4-t100-o80-s10005__cap64000__Qwen-Qwen3-32B-AWQ,clustered-n4-t100-o80-s10005,c3_mas,64000,1,worker_a,250,564,10,stop,False,22245,22245,17.630908359773457
c3_mas__clustered-n4-t100-o80-s10005__cap64000__Qwen-Qwen3-32B-AWQ,clustered-n4-t100-o80-s10005,c3_mas,64000,2,worker_a,310,385,10,stop,False,21361,21361,12.489111369475722
c3_mas__clustered-n4-t100-o80-s10005__cap64000__Qwen-Qwen3-32B-AWQ,clustered-n4-t100-o80-s10005,c3_mas,64000,3,worker_a,370,3172,13,stop,False,20596,20596,99.19091445952654
c3_mas__clustered-n4-t100-o80-s10005__cap64000__Qwen-Qwen3-32B-AWQ,clustered-n4-t100-o80-s10005,c3_mas,64000,4,worker_a,407,2400,13,stop,False,17004,17004,75.49613516964018
c3_mas__clustered-n4-t100-o80-s10005__cap64000__Qwen-Qwen3-32B-AWQ,clustered-n4-t100-o80-s10005,c3_mas,64000,5,worker_a,444,3094,206,stop,False,14147,14147,103.63384321704507
c3_mas__clustered-n4-t100-o80-s10005__cap64000__Qwen-Qwen3-32B-AWQ,clustered-n4-t100-o80-s10005,c3_mas,64000,6,worker_a,676,705,5,stop,False,10171,10171,23.124151221476495
c3_mas__clustered-n4-t100-o80-s10005__cap64000__Qwen-Qwen3-32B-AWQ,clustered-n4-t100-o80-s10005,c3_mas,64000,7,worker_b,225,1532,7,stop,False,23679,23679,46.98038394656032
c3_mas__clustered-n4-t100-o80-s10005__cap64000__Qwen-Qwen3-32B-AWQ,clustered-n4-t100-o80-s10005,c3_mas,64000,8,worker_b,250,458,10,stop,False,21890,21890,14.439526229165494
c3_mas__clustered-n4-t100-o80-s10005__cap64000__Qwen-Qwen3-32B-AWQ,clustered-n4-t100-o80-s10005,c3_mas,64000,9,worker_b,310,92,27,stop,False,21112,21112,3.8012770395725965
c3_mas__clustered-n4-t100-o80-s10005__cap64000__Qwen-Qwen3-32B-AWQ,clustered-n4-t100-o80-s10005,c3_mas,64000,10,worker_b,387,691,13,stop,False,20606,20606,21.693917558528483
c3_mas__clustered-n4-t100-o80-s10005__cap64000__Qwen-Qwen3-32B-AWQ,clustered-n4-t100-o80-s10005,c3_mas,64000,11,worker_b,424,1193,46,stop,False,19478,19478,38.64135250635445
c3_mas__clustered-n4-t100-o80-s10005__cap64000__Qwen-Qwen3-32B-AWQ,clustered-n4-t100-o80-s10005,c3_mas,64000,12,worker_b,496,491,19,stop,False,17743,17743,16.18534346483648
c3_mas__clustered-n4-t100-o80-s10005__cap64000__Qwen-Qwen3-32B-AWQ,clustered-n4-t100-o80-s10005,c3_mas,64000,13,worker_b,535,447,5,stop,False,16698,16698,14.506429249420762
c3_mas__clustered-n4-t100-o80-s10005__cap64000__Qwen-Qwen3-32B-AWQ,clustered-n4-t100-o80-s10005,c3_mas,64000,14,critic,390,847,19,stop,True,41253,32378,26.713007256388664
c3_mas__clustered-n4-t100-o80-s10005__cap64000__Qwen-Qwen3-32B-AWQ,clustered-n4-t100-o80-s10005,c3_mas,64000,15,finalize,104,0,7,stop,True,40539,32664,0.3312756670638919
c3_mas__clustered-n4-t100-o80-s10005__cap8000__Qwen-Qwen3-32B-AWQ,clustered-n4-t100-o80-s10005,c3_mas,8000,0,worker_a,225,1177,7,stop,False,2679,2679,37.300136934034526
c3_mas__clustered-n4-t100-o80-s10005__cap8000__Qwen-Qwen3-32B-AWQ,clustered-n4-t100-o80-s10005,c3_mas,8000,1,worker_a,250,422,30,stop,False,1245,1245,16.343681040219963
c3_mas__clustered-n4-t100-o80-s10005__cap8000__Qwen-Qwen3-32B-AWQ,clustered-n4-t100-o80-s10005,c3_mas,8000,2,worker_a,330,206,29,stop,False,463,463,7.59145597089082
c3_mas__clustered-n4-t100-o80-s10005__cap8000__Qwen-Qwen3-32B-AWQ,clustered-n4-t100-o80-s10005,c3_mas,8000,3,worker_b,225,1177,7,stop,False,2679,2679,37.52568251080811
c3_mas__clustered-n4-t100-o80-s10005__cap8000__Qwen-Qwen3-32B-AWQ,clustered-n4-t100-o80-s10005,c3_mas,8000,4,worker_b,250,458,10,stop,False,1245,1245,15.036013360135257
c3_mas__clustered-n4-t100-o80-s10005__cap8000__Qwen-Qwen3-32B-AWQ,clustered-n4-t100-o80-s10005,c3_mas,8000,5,worker_b,310,92,27,stop,False,467,467,4.038088655099273
c3_mas__clustered-n4-t100-o80-s10005__cap8000__Qwen-Qwen3-32B-AWQ,clustered-n4-t100-o80-s10005,c3_mas,8000,6,finalize,93,0,7,stop,False,2675,2675,0.33707637898623943
c3_mas__clustered-n4-t20-o20-s10005__cap16000__Qwen-Qwen3-32B-AWQ,clustered-n4-t20-o20-s10005,c3_mas,16000,0,worker_a,225,1177,7,stop,False,5679,5679,38.2746553234756
c3_mas__clustered-n4-t20-o20-s10005__cap16000__Qwen-Qwen3-32B-AWQ,clustered-n4-t20-o20-s10005,c3_mas,16000,1,worker_a,250,564,10,stop,False,4245,4245,17.76201868057251
c3_mas__clustered-n4-t20-o20-s10005__cap16000__Qwen-Qwen3-32B-AWQ,clustered-n4-t20-o20-s10005,c3_mas,16000,2,worker_a,309,179,10,stop,False,3362,3362,6.048631248995662
c3_mas__clustered-n4-t20-o20-s10005__cap16000__Qwen-Qwen3-32B-AWQ,clustered-n4-t20-o20-s10005,c3_mas,16000,3,worker_a,368,996,53,stop,False,2805,2805,34.033513551577926
c3_mas__clustered-n4-t20-o20-s10005__cap16000__Qwen-Qwen3-32B-AWQ,clustered-n4-t20-o20-s10005,c3_mas,16000,4,worker_a,445,935,42,stop,False,1311,1311,32.062634421512485
c3_mas__clustered-n4-t20-o20-s10005__cap16000__Qwen-Qwen3-32B-AWQ,clustered-n4-t20-o20-s10005,c3_mas,16000,5,worker_b,225,1177,7,stop,False,5679,5679,36.90920891799033
c3_mas__clustered-n4-t20-o20-s10005__cap16000__Qwen-Qwen3-32B-AWQ,clustered-n4-t20-o20-s10005,c3_mas,16000,6,worker_b,250,458,10,stop,False,4245,4245,16.435872485861182
c3_mas__clustered-n4-t20-o20-s10005__cap16000__Qwen-Qwen3-32B-AWQ,clustered-n4-t20-o20-s10005,c3_mas,16000,7,worker_b,309,354,10,stop,False,3468,3468,11.529606197029352
c3_mas__clustered-n4-t20-o20-s10005__cap16000__Qwen-Qwen3-32B-AWQ,clustered-n4-t20-o20-s10005,c3_mas,16000,8,worker_b,368,1673,13,stop,False,2736,2736,53.755660771392286
c3_mas__clustered-n4-t20-o20-s10005__cap16000__Qwen-Qwen3-32B-AWQ,clustered-n4-t20-o20-s10005,c3_mas,16000,9,worker_b,405,608,15,stop,False,645,645,20.164799919351935
c3_mas__clustered-n4-t20-o20-s10005__cap16000__Qwen-Qwen3-32B-AWQ,clustered-n4-t20-o20-s10005,c3_mas,16000,10,finalize,93,0,7,stop,False,4455,4455,0.3395603559911251
c3_mas__clustered-n4-t20-o20-s10005__cap32000__Qwen-Qwen3-32B-AWQ,clustered-n4-t20-o20-s10005,c3_mas,32000,0,worker_a,225,1177,7,stop,False,11679,11679,36.229501497000456
c3_mas__clustered-n4-t20-o20-s10005__cap32000__Qwen-Qwen3-32B-AWQ,clustered-n4-t20-o20-s10005,c3_mas,32000,1,worker_a,250,564,10,stop,False,10245,10245,17.612377444282174
c3_mas__clustered-n4-t20-o20-s10005__cap32000__Qwen-Qwen3-32B-AWQ,clustered-n4-t20-o20-s10005,c3_mas,32000,2,worker_a,309,179,10,stop,False,9362,9362,5.885408906266093
c3_mas__clustered-n4-t20-o20-s10005__cap32000__Qwen-Qwen3-32B-AWQ,clustered-n4-t20-o20-s10005,c3_mas,32000,3,worker_a,368,898,47,stop,False,8805,8805,29.1064481055364
c3_mas__clustered-n4-t20-o20-s10005__cap32000__Qwen-Qwen3-32B-AWQ,clustered-n4-t20-o20-s10005,c3_mas,32000,4,worker_a,439,610,13,stop,False,7421,7421,19.143720293417573
c3_mas__clustered-n4-t20-o20-s10005__cap32000__Qwen-Qwen3-32B-AWQ,clustered-n4-t20-o20-s10005,c3_mas,32000,5,worker_a,476,618,44,stop,False,6322,6322,20.468976427800953
c3_mas__clustered-n4-t20-o20-s10005__cap32000__Qwen-Qwen3-32B-AWQ,clustered-n4-t20-o20-s10005,c3_mas,32000,6,worker_a,546,1110,17,stop,False,5114,5114,34.85138567909598
c3_mas__clustered-n4-t20-o20-s10005__cap32000__Qwen-Qwen3-32B-AWQ,clustered-n4-t20-o20-s10005,c3_mas,32000,7,worker_a,583,1258,5,stop,False,3404,3404,39.11557212751359
c3_mas__clustered-n4-t20-o20-s10005__cap32000__Qwen-Qwen3-32B-AWQ,clustered-n4-t20-o20-s10005,c3_mas,32000,8,worker_b,225,754,24,stop,False,11679,11679,23.675644633360207
c3_mas__clustered-n4-t20-o20-s10005__cap32000__Qwen-Qwen3-32B-AWQ,clustered-n4-t20-o20-s10005,c3_mas,32000,9,worker_b,267,317,38,stop,False,10634,10634,10.955873286351562
c3_mas__clustered-n4-t20-o20-s10005__cap32000__Qwen-Qwen3-32B-AWQ,clustered-n4-t20-o20-s10005,c3_mas,32000,10,worker_b,354,389,10,stop,False,9925,9925,12.426161218434572
c3_mas__clustered-n4-t20-o20-s10005__cap32000__Qwen-Qwen3-32B-AWQ,clustered-n4-t20-o20-s10005,c3_mas,32000,11,worker_b,413,324,52,stop,False,9113,9113,11.758641515858471
c3_mas__clustered-n4-t20-o20-s10005__cap32000__Qwen-Qwen3-32B-AWQ,clustered-n4-t20-o20-s10005,c3_mas,32000,12,worker_b,489,879,45,stop,False,8248,8248,28.43722582049668
c3_mas__clustered-n4-t20-o20-s10005__cap32000__Qwen-Qwen3-32B-AWQ,clustered-n4-t20-o20-s10005,c3_mas,32000,13,worker_b,558,1803,15,stop,False,6766,6766,56.19974487274885
c3_mas__clustered-n4-t20-o20-s10005__cap32000__Qwen-Qwen3-32B-AWQ,clustered-n4-t20-o20-s10005,c3_mas,32000,14,worker_b,599,1307,17,stop,False,4349,4349,40.829972294159234
c3_mas__clustered-n4-t20-o20-s10005__cap32000__Qwen-Qwen3-32B-AWQ,clustered-n4-t20-o20-s10005,c3_mas,32000,15,worker_b,636,677,5,stop,False,2389,2389,21.38558095227927
c3_mas__clustered-n4-t20-o20-s10005__cap32000__Qwen-Qwen3-32B-AWQ,clustered-n4-t20-o20-s10005,c3_mas,32000,16,critic,544,3242,31,stop,False,11240,11240,101.8623710880056
c3_mas__clustered-n4-t20-o20-s10005__cap32000__Qwen-Qwen3-32B-AWQ,clustered-n4-t20-o20-s10005,c3_mas,32000,17,finalize,116,0,72,stop,False,8107,8107,2.269082495942712
c3_mas__clustered-n4-t20-o20-s10005__cap64000__Qwen-Qwen3-32B-AWQ,clustered-n4-t20-o20-s10005,c3_mas,64000,0,worker_a,225,754,24,stop,False,23679,23679,24.89452912658453
c3_mas__clustered-n4-t20-o20-s10005__cap64000__Qwen-Qwen3-32B-AWQ,clustered-n4-t20-o20-s10005,c3_mas,64000,1,worker_a,267,831,30,stop,False,22634,22634,26.209526918828487
c3_mas__clustered-n4-t20-o20-s10005__cap64000__Qwen-Qwen3-32B-AWQ,clustered-n4-t20-o20-s10005,c3_mas,64000,2,worker_a,346,505,10,stop,False,21427,21427,15.890484458766878
c3_mas__clustered-n4-t20-o20-s10005__cap64000__Qwen-Qwen3-32B-AWQ,clustered-n4-t20-o20-s10005,c3_mas,64000,3,worker_a,405,548,52,stop,False,20507,20507,18.590106929652393
c3_mas__clustered-n4-t20-o20-s10005__cap64000__Qwen-Qwen3-32B-AWQ,clustered-n4-t20-o20-s10005,c3_mas,64000,4,worker_a,481,489,13,stop,False,19426,19426,15.666144287213683
c3_mas__clustered-n4-t20-o20-s10005__cap64000__Qwen-Qwen3-32B-AWQ,clustered-n4-t20-o20-s10005,c3_mas,64000,5,worker_a,518,1821,63,stop,False,18406,18406,58.84723270870745
c3_mas__clustered-n4-t20-o20-s10005__cap64000__Qwen-Qwen3-32B-AWQ,clustered-n4-t20-o20-s10005,c3_mas,64000,6,worker_a,607,945,17,stop,False,15915,15915,29.77926215250045
c3_mas__clustered-n4-t20-o20-s10005__cap64000__Qwen-Qwen3-32B-AWQ,clustered-n4-t20-o20-s10005,c3_mas,64000,7,worker_a,644,429,38,stop,False,14309,14309,14.9878807971254
c3_mas__clustered-n4-t20-o20-s10005__cap64000__Qwen-Qwen3-32B-AWQ,clustered-n4-t20-o20-s10005,c3_mas,64000,8,worker_b,225,1177,7,stop,False,23679,23679,36.589916807599366
c3_mas__clustered-n4-t20-o20-s10005__cap64000__Qwen-Qwen3-32B-AWQ,clustered-n4-t20-o20-s10005,c3_mas,64000,9,worker_b,250,458,10,stop,False,22245,22245,14.775185080245137
c3_mas__clustered-n4-t20-o20-s10005__cap64000__Qwen-Qwen3-32B-AWQ,clustered-n4-t20-o20-s10005,c3_mas,64000,10,worker_b,309,354,10,stop,False,21468,21468,11.49023356474936
c3_mas__clustered-n4-t20-o20-s10005__cap64000__Qwen-Qwen3-32B-AWQ,clustered-n4-t20-o20-s10005,c3_mas,64000,11,worker_b,368,1756,47,stop,False,20736,20736,55.66919325385243
c3_mas__clustered-n4-t20-o20-s10005__cap64000__Qwen-Qwen3-32B-AWQ,clustered-n4-t20-o20-s10005,c3_mas,64000,12,worker_b,439,378,13,stop,False,18494,18494,12.172689254395664
c3_mas__clustered-n4-t20-o20-s10005__cap64000__Qwen-Qwen3-32B-AWQ,clustered-n4-t20-o20-s10005,c3_mas,64000,13,worker_b,476,184,15,stop,False,17627,17627,6.449137908406556
c3_mas__clustered-n4-t20-o20-s10005__cap64000__Qwen-Qwen3-32B-AWQ,clustered-n4-t20-o20-s10005,c3_mas,64000,14,worker_b,517,1169,67,stop,False,16911,16911,38.537491446360946
c3_mas__clustered-n4-t20-o20-s10005__cap64000__Qwen-Qwen3-32B-AWQ,clustered-n4-t20-o20-s10005,c3_mas,64000,15,worker_b,604,824,5,stop,False,15071,15071,25.694377752952278
c3_mas__clustered-n4-t20-o20-s10005__cap64000__Qwen-Qwen3-32B-AWQ,clustered-n4-t20-o20-s10005,c3_mas,64000,16,critic,544,3461,31,stop,True,43476,32224,109.8200529422611
c3_mas__clustered-n4-t20-o20-s10005__cap64000__Qwen-Qwen3-32B-AWQ,clustered-n4-t20-o20-s10005,c3_mas,64000,17,finalize,116,0,72,stop,True,40124,32652,2.287366731092334
c3_mas__clustered-n4-t20-o20-s10005__cap8000__Qwen-Qwen3-32B-AWQ,clustered-n4-t20-o20-s10005,c3_mas,8000,0,worker_a,225,1177,7,stop,False,2679,2679,35.985474748536944
c3_mas__clustered-n4-t20-o20-s10005__cap8000__Qwen-Qwen3-32B-AWQ,clustered-n4-t20-o20-s10005,c3_mas,8000,1,worker_a,250,564,10,stop,False,1245,1245,17.58498476166278
c3_mas__clustered-n4-t20-o20-s10005__cap8000__Qwen-Qwen3-32B-AWQ,clustered-n4-t20-o20-s10005,c3_mas,8000,2,worker_a,309,179,10,stop,False,362,362,5.929626349359751
c3_mas__clustered-n4-t20-o20-s10005__cap8000__Qwen-Qwen3-32B-AWQ,clustered-n4-t20-o20-s10005,c3_mas,8000,3,worker_b,225,1177,7,stop,False,2679,2679,36.21528518293053
c3_mas__clustered-n4-t20-o20-s10005__cap8000__Qwen-Qwen3-32B-AWQ,clustered-n4-t20-o20-s10005,c3_mas,8000,4,worker_b,250,458,10,stop,False,1245,1245,14.66921151522547
c3_mas__clustered-n4-t20-o20-s10005__cap8000__Qwen-Qwen3-32B-AWQ,clustered-n4-t20-o20-s10005,c3_mas,8000,5,worker_b,309,354,10,stop,False,468,468,11.172882836312056
c3_mas__clustered-n4-t20-o20-s10005__cap8000__Qwen-Qwen3-32B-AWQ,clustered-n4-t20-o20-s10005,c3_mas,8000,6,finalize,93,0,7,stop,False,2376,2376,0.3923966232687235
c3_mas__clustered-n4-t20-o80-s10005__cap16000__Qwen-Qwen3-32B-AWQ,clustered-n4-t20-o80-s10005,c3_mas,16000,0,worker_a,225,1177,7,stop,False,5679,5679,38.11176699399948
c3_mas__clustered-n4-t20-o80-s10005__cap16000__Qwen-Qwen3-32B-AWQ,clustered-n4-t20-o80-s10005,c3_mas,16000,1,worker_a,250,564,10,stop,False,4245,4245,18.704295161180198
c3_mas__clustered-n4-t20-o80-s10005__cap16000__Qwen-Qwen3-32B-AWQ,clustered-n4-t20-o80-s10005,c3_mas,16000,2,worker_a,309,226,10,stop,False,3362,3362,8.112299389205873
c3_mas__clustered-n4-t20-o80-s10005__cap16000__Qwen-Qwen3-32B-AWQ,clustered-n4-t20-o80-s10005,c3_mas,16000,3,worker_a,368,839,48,stop,False,2758,2758,27.317027144134045
c3_mas__clustered-n4-t20-o80-s10005__cap16000__Qwen-Qwen3-32B-AWQ,clustered-n4-t20-o80-s10005,c3_mas,16000,4,worker_a,440,1094,42,stop,False,1431,1431,35.457612270489335
c3_mas__clustered-n4-t20-o80-s10005__cap16000__Qwen-Qwen3-32B-AWQ,clustered-n4-t20-o80-s10005,c3_mas,16000,5,worker_b,225,1177,7,stop,False,5679,5679,36.930560692213476
c3_mas__clustered-n4-t20-o80-s10005__cap16000__Qwen-Qwen3-32B-AWQ,clustered-n4-t20-o80-s10005,c3_mas,16000,6,worker_b,250,458,10,stop,False,4245,4245,14.504713356494904
c3_mas__clustered-n4-t20-o80-s10005__cap16000__Qwen-Qwen3-32B-AWQ,clustered-n4-t20-o80-s10005,c3_mas,16000,7,worker_b,309,231,10,stop,False,3468,3468,7.639930175617337
c3_mas__clustered-n4-t20-o80-s10005__cap16000__Qwen-Qwen3-32B-AWQ,clustered-n4-t20-o80-s10005,c3_mas,16000,8,worker_b,368,1183,17,stop,False,2859,2859,37.699287245981395
c3_mas__clustered-n4-t20-o80-s10005__cap16000__Qwen-Qwen3-32B-AWQ,clustered-n4-t20-o80-s10005,c3_mas,16000,9,worker_b,405,1254,0,length,False,1254,1254,39.03506796248257
c3_mas__clustered-n4-t20-o80-s10005__cap16000__Qwen-Qwen3-32B-AWQ,clustered-n4-t20-o80-s10005,c3_mas,16000,10,finalize,93,0,7,stop,False,4394,4394,0.32717954833060503
c3_mas__clustered-n4-t20-o80-s10005__cap32000__Qwen-Qwen3-32B-AWQ,clustered-n4-t20-o80-s10005,c3_mas,32000,0,worker_a,225,1177,7,stop,False,11679,11679,36.72968037053943
c3_mas__clustered-n4-t20-o80-s10005__cap32000__Qwen-Qwen3-32B-AWQ,clustered-n4-t20-o80-s10005,c3_mas,32000,1,worker_a,250,564,10,stop,False,10245,10245,17.67859274893999
c3_mas__clustered-n4-t20-o80-s10005__cap32000__Qwen-Qwen3-32B-AWQ,clustered-n4-t20-o80-s10005,c3_mas,32000,2,worker_a,309,226,10,stop,False,9362,9362,7.436841834336519
c3_mas__clustered-n4-t20-o80-s10005__cap32000__Qwen-Qwen3-32B-AWQ,clustered-n4-t20-o80-s10005,c3_mas,32000,3,worker_a,368,839,48,stop,False,8758,8758,27.948589951731265
c3_mas__clustered-n4-t20-o80-s10005__cap32000__Qwen-Qwen3-32B-AWQ,clustered-n4-t20-o80-s10005,c3_mas,32000,4,worker_a,440,1326,45,stop,False,7431,7431,42.68653707206249
c3_mas__clustered-n4-t20-o80-s10005__cap32000__Qwen-Qwen3-32B-AWQ,clustered-n4-t20-o80-s10005,c3_mas,32000,5,worker_a,511,1647,38,stop,False,5549,5549,52.580979043617845
c3_mas__clustered-n4-t20-o80-s10005__cap32000__Qwen-Qwen3-32B-AWQ,clustered-n4-t20-o80-s10005,c3_mas,32000,6,worker_a,573,1671,17,stop,False,3291,3291,52.833592880517244
c3_mas__clustered-n4-t20-o80-s10005__cap32000__Qwen-Qwen3-32B-AWQ,clustered-n4-t20-o80-s10005,c3_mas,32000,7,worker_a,610,993,0,length,False,993,993,31.077834490686655
c3_mas__clustered-n4-t20-o80-s10005__cap32000__Qwen-Qwen3-32B-AWQ,clustered-n4-t20-o80-s10005,c3_mas,32000,8,worker_b,225,1532,7,stop,False,11679,11679,47.74403363093734
c3_mas__clustered-n4-t20-o80-s10005__cap32000__Qwen-Qwen3-32B-AWQ,clustered-n4-t20-o80-s10005,c3_mas,32000,9,worker_b,250,458,10,stop,False,9890,9890,14.254244332201779
c3_mas__clustered-n4-t20-o80-s10005__cap32000__Qwen-Qwen3-32B-AWQ,clustered-n4-t20-o80-s10005,c3_mas,32000,10,worker_b,309,231,10,stop,False,9113,9113,7.754913690499961
c3_mas__clustered-n4-t20-o80-s10005__cap32000__Qwen-Qwen3-32B-AWQ,clustered-n4-t20-o80-s10005,c3_mas,32000,11,worker_b,368,1302,17,stop,False,8504,8504,40.98228023014963
c3_mas__clustered-n4-t20-o80-s10005__cap32000__Qwen-Qwen3-32B-AWQ,clustered-n4-t20-o80-s10005,c3_mas,32000,12,worker_b,405,1325,46,stop,False,6780,6780,42.84222194738686
c3_mas__clustered-n4-t20-o80-s10005__cap32000__Qwen-Qwen3-32B-AWQ,clustered-n4-t20-o80-s10005,c3_mas,32000,13,worker_b,475,916,118,stop,False,4934,4934,32.1284549748525
c3_mas__clustered-n4-t20-o80-s10005__cap32000__Qwen-Qwen3-32B-AWQ,clustered-n4-t20-o80-s10005,c3_mas,32000,14,worker_b,619,707,124,stop,False,3281,3281,26.02295821532607
c3_mas__clustered-n4-t20-o80-s10005__cap32000__Qwen-Qwen3-32B-AWQ,clustered-n4-t20-o80-s10005,c3_mas,32000,15,worker_b,763,372,5,stop,False,1687,1687,12.260665188543499
c3_mas__clustered-n4-t20-o80-s10005__cap32000__Qwen-Qwen3-32B-AWQ,clustered-n4-t20-o80-s10005,c3_mas,32000,16,critic,544,2984,31,stop,False,8702,8702,94.72186004277319
c3_mas__clustered-n4-t20-o80-s10005__cap32000__Qwen-Qwen3-32B-AWQ,clustered-n4-t20-o80-s10005,c3_mas,32000,17,finalize,102,0,38,stop,False,5841,5841,1.2400439698249102
c3_mas__clustered-n4-t20-o80-s10005__cap64000__Qwen-Qwen3-32B-AWQ,clustered-n4-t20-o80-s10005,c3_mas,64000,0,worker_a,225,1177,7,stop,False,23679,23679,37.20999732706696
c3_mas__clustered-n4-t20-o80-s10005__cap64000__Qwen-Qwen3-32B-AWQ,clustered-n4-t20-o80-s10005,c3_mas,64000,1,worker_a,250,564,10,stop,False,22245,22245,17.46166744083166
c3_mas__clustered-n4-t20-o80-s10005__cap64000__Qwen-Qwen3-32B-AWQ,clustered-n4-t20-o80-s10005,c3_mas,64000,2,worker_a,309,226,10,stop,False,21362,21362,7.451691458933055
c3_mas__clustered-n4-t20-o80-s10005__cap64000__Qwen-Qwen3-32B-AWQ,clustered-n4-t20-o80-s10005,c3_mas,64000,3,worker_a,368,1278,285,stop,False,20758,20758,48.45283806603402
c3_mas__clustered-n4-t20-o80-s10005__cap64000__Qwen-Qwen3-32B-AWQ,clustered-n4-t20-o80-s10005,c3_mas,64000,4,worker_a,677,557,21,stop,False,18518,18518,18.389905725605786
c3_mas__clustered-n4-t20-o80-s10005__cap64000__Qwen-Qwen3-32B-AWQ,clustered-n4-t20-o80-s10005,c3_mas,64000,5,worker_a,718,574,104,stop,False,17222,17222,21.560892313718796
c3_mas__clustered-n4-t20-o80-s10005__cap64000__Qwen-Qwen3-32B-AWQ,clustered-n4-t20-o80-s10005,c3_mas,64000,6,worker_b,225,1177,7,stop,False,23679,23679,36.34166860114783
c3_mas__clustered-n4-t20-o80-s10005__cap64000__Qwen-Qwen3-32B-AWQ,clustered-n4-t20-o80-s10005,c3_mas,64000,7,worker_b,250,458,10,stop,False,22245,22245,14.565319796092808
c3_mas__clustered-n4-t20-o80-s10005__cap64000__Qwen-Qwen3-32B-AWQ,clustered-n4-t20-o80-s10005,c3_mas,64000,8,worker_b,309,231,10,stop,False,21468,21468,7.670111943036318
c3_mas__clustered-n4-t20-o80-s10005__cap64000__Qwen-Qwen3-32B-AWQ,clustered-n4-t20-o80-s10005,c3_mas,64000,9,worker_b,368,1248,17,stop,False,20859,20859,39.68358224723488
c3_mas__clustered-n4-t20-o80-s10005__cap64000__Qwen-Qwen3-32B-AWQ,clustered-n4-t20-o80-s10005,c3_mas,64000,10,worker_b,405,1421,48,stop,False,19189,19189,45.655488467775285
c3_mas__clustered-n4-t20-o80-s10005__cap64000__Qwen-Qwen3-32B-AWQ,clustered-n4-t20-o80-s10005,c3_mas,64000,11,worker_b,477,452,172,stop,False,17243,17243,19.26340484805405
c3_mas__clustered-n4-t20-o80-s10005__cap64000__Qwen-Qwen3-32B-AWQ,clustered-n4-t20-o80-s10005,c3_mas,64000,12,worker_b,675,706,108,stop,False,15944,15944,25.696390151046216
c3_mas__clustered-n4-t20-o80-s10005__cap64000__Qwen-Qwen3-32B-AWQ,clustered-n4-t20-o80-s10005,c3_mas,64000,13,worker_b,803,382,40,stop,False,14327,14327,13.363749261945486
c3_mas__clustered-n4-t20-o80-s10005__cap64000__Qwen-Qwen3-32B-AWQ,clustered-n4-t20-o80-s10005,c3_mas,64000,14,critic,386,1084,17,stop,True,45999,32382,34.04276117775589
c3_mas__clustered-n4-t20-o80-s10005__cap64000__Qwen-Qwen3-32B-AWQ,clustered-n4-t20-o80-s10005,c3_mas,64000,15,finalize,102,0,7,stop,True,45052,32666,0.328855587169528
c3_mas__clustered-n4-t20-o80-s10005__cap8000__Qwen-Qwen3-32B-AWQ,clustered-n4-t20-o80-s10005,c3_mas,8000,0,worker_a,225,1177,7,stop,False,2679,2679,37.53761627431959
c3_mas__clustered-n4-t20-o80-s10005__cap8000__Qwen-Qwen3-32B-AWQ,clustered-n4-t20-o80-s10005,c3_mas,8000,1,worker_a,250,564,10,stop,False,1245,1245,18.43161647580564
c3_mas__clustered-n4-t20-o80-s10005__cap8000__Qwen-Qwen3-32B-AWQ,clustered-n4-t20-o80-s10005,c3_mas,8000,2,worker_a,309,226,10,stop,False,362,362,7.782078453339636
c3_mas__clustered-n4-t20-o80-s10005__cap8000__Qwen-Qwen3-32B-AWQ,clustered-n4-t20-o80-s10005,c3_mas,8000,3,worker_b,225,1177,7,stop,False,2679,2679,38.43631454370916
c3_mas__clustered-n4-t20-o80-s10005__cap8000__Qwen-Qwen3-32B-AWQ,clustered-n4-t20-o80-s10005,c3_mas,8000,4,worker_b,250,458,10,stop,False,1245,1245,15.402974453754723
c3_mas__clustered-n4-t20-o80-s10005__cap8000__Qwen-Qwen3-32B-AWQ,clustered-n4-t20-o80-s10005,c3_mas,8000,5,worker_b,309,231,10,stop,False,468,468,8.113767941482365
c3_mas__clustered-n4-t20-o80-s10005__cap8000__Qwen-Qwen3-32B-AWQ,clustered-n4-t20-o80-s10005,c3_mas,8000,6,finalize,93,0,7,stop,False,2452,2452,0.34710957761853933
c3_mas__clustered-n6-t100-o20-s10005__cap16000__Qwen-Qwen3-32B-AWQ,clustered-n6-t100-o20-s10005,c3_mas,16000,0,worker_a,225,1177,7,stop,False,5679,5679,37.26952204853296
c3_mas__clustered-n6-t100-o20-s10005__cap16000__Qwen-Qwen3-32B-AWQ,clustered-n6-t100-o20-s10005,c3_mas,16000,1,worker_a,253,614,30,stop,False,4242,4242,20.021474631503224
c3_mas__clustered-n6-t100-o20-s10005__cap16000__Qwen-Qwen3-32B-AWQ,clustered-n6-t100-o20-s10005,c3_mas,16000,2,worker_a,333,388,45,stop,False,3265,3265,13.696002012118697
c3_mas__clustered-n6-t100-o20-s10005__cap16000__Qwen-Qwen3-32B-AWQ,clustered-n6-t100-o20-s10005,c3_mas,16000,3,worker_a,402,508,36,stop,False,2430,2430,17.298667355440557
c3_mas__clustered-n6-t100-o20-s10005__cap16000__Qwen-Qwen3-32B-AWQ,clustered-n6-t100-o20-s10005,c3_mas,16000,4,worker_a,488,578,15,stop,False,1398,1398,19.043408359400928
c3_mas__clustered-n6-t100-o20-s10005__cap16000__Qwen-Qwen3-32B-AWQ,clustered-n6-t100-o20-s10005,c3_mas,16000,5,worker_a,529,276,0,length,False,276,276,9.13485867716372
c3_mas__clustered-n6-t100-o20-s10005__cap16000__Qwen-Qwen3-32B-AWQ,clustered-n6-t100-o20-s10005,c3_mas,16000,6,worker_b,225,1177,7,stop,False,5679,5679,38.053343549370766
c3_mas__clustered-n6-t100-o20-s10005__cap16000__Qwen-Qwen3-32B-AWQ,clustered-n6-t100-o20-s10005,c3_mas,16000,7,worker_b,253,499,32,stop,False,4242,4242,17.274910785257816
c3_mas__clustered-n6-t100-o20-s10005__cap16000__Qwen-Qwen3-32B-AWQ,clustered-n6-t100-o20-s10005,c3_mas,16000,8,worker_b,335,696,24,stop,False,3376,3376,23.64974355418235
c3_mas__clustered-n6-t100-o20-s10005__cap16000__Qwen-Qwen3-32B-AWQ,clustered-n6-t100-o20-s10005,c3_mas,16000,9,worker_b,409,758,10,stop,False,2247,2247,25.489756393246353
c3_mas__clustered-n6-t100-o20-s10005__cap16000__Qwen-Qwen3-32B-AWQ,clustered-n6-t100-o20-s10005,c3_mas,16000,10,worker_b,469,348,13,stop,False,1010,1010,12.25503711309284
c3_mas__clustered-n6-t100-o20-s10005__cap16000__Qwen-Qwen3-32B-AWQ,clustered-n6-t100-o20-s10005,c3_mas,16000,11,worker_b,506,143,0,length,False,143,143,5.622314426116645
c3_mas__clustered-n6-t100-o20-s10005__cap16000__Qwen-Qwen3-32B-AWQ,clustered-n6-t100-o20-s10005,c3_mas,16000,12,finalize,93,0,7,stop,False,4099,4099,0.3182088444009423
c3_mas__clustered-n6-t100-o20-s10005__cap32000__Qwen-Qwen3-32B-AWQ,clustered-n6-t100-o20-s10005,c3_mas,32000,0,worker_a,225,1177,7,stop,False,11679,11679,36.14541228674352
c3_mas__clustered-n6-t100-o20-s10005__cap32000__Qwen-Qwen3-32B-AWQ,clustered-n6-t100-o20-s10005,c3_mas,32000,1,worker_a,253,614,30,stop,False,10242,10242,19.783729819580913
c3_mas__clustered-n6-t100-o20-s10005__cap32000__Qwen-Qwen3-32B-AWQ,clustered-n6-t100-o20-s10005,c3_mas,32000,2,worker_a,333,388,45,stop,False,9265,9265,13.272750489413738
c3_mas__clustered-n6-t100-o20-s10005__cap32000__Qwen-Qwen3-32B-AWQ,clustered-n6-t100-o20-s10005,c3_mas,32000,3,worker_a,402,508,36,stop,False,8430,8430,16.795647428371012
c3_mas__clustered-n6-t100-o20-s10005__cap32000__Qwen-Qwen3-32B-AWQ,clustered-n6-t100-o20-s10005,c3_mas,32000,4,worker_a,488,578,15,stop,False,7398,7398,18.62225015182048
c3_mas__clustered-n6-t100-o20-s10005__cap32000__Qwen-Qwen3-32B-AWQ,clustered-n6-t100-o20-s10005,c3_mas,32000,5,worker_a,529,762,30,stop,False,6276,6276,24.854187784716487
c3_mas__clustered-n6-t100-o20-s10005__cap32000__Qwen-Qwen3-32B-AWQ,clustered-n6-t100-o20-s10005,c3_mas,32000,6,worker_a,609,4875,0,length,False,4875,4875,153.84331069979817
c3_mas__clustered-n6-t100-o20-s10005__cap32000__Qwen-Qwen3-32B-AWQ,clustered-n6-t100-o20-s10005,c3_mas,32000,7,worker_b,225,1177,7,stop,False,11679,11679,36.49165191035718
c3_mas__clustered-n6-t100-o20-s10005__cap32000__Qwen-Qwen3-32B-AWQ,clustered-n6-t100-o20-s10005,c3_mas,32000,8,worker_b,253,499,32,stop,False,10242,10242,16.456738562323153
c3_mas__clustered-n6-t100-o20-s10005__cap32000__Qwen-Qwen3-32B-AWQ,clustered-n6-t100-o20-s10005,c3_mas,32000,9,worker_b,335,696,24,stop,False,9376,9376,22.601469363085926
c3_mas__clustered-n6-t100-o20-s10005__cap32000__Qwen-Qwen3-32B-AWQ,clustered-n6-t100-o20-s10005,c3_mas,32000,10,worker_b,409,758,10,stop,False,8247,8247,23.76656959205866
c3_mas__clustered-n6-t100-o20-s10005__cap32000__Qwen-Qwen3-32B-AWQ,clustered-n6-t100-o20-s10005,c3_mas,32000,11,worker_b,469,348,13,stop,False,7010,7010,11.366322233341634
c3_mas__clustered-n6-t100-o20-s10005__cap32000__Qwen-Qwen3-32B-AWQ,clustered-n6-t100-o20-s10005,c3_mas,32000,12,worker_b,506,918,49,stop,False,6143,6143,30.140703571029007
c3_mas__clustered-n6-t100-o20-s10005__cap32000__Qwen-Qwen3-32B-AWQ,clustered-n6-t100-o20-s10005,c3_mas,32000,13,worker_b,581,4595,0,length,False,4595,4595,145.65730754565448
c3_mas__clustered-n6-t100-o20-s10005__cap32000__Qwen-Qwen3-32B-AWQ,clustered-n6-t100-o20-s10005,c3_mas,32000,14,finalize,93,0,7,stop,False,8099,8099,0.32279603462666273
c3_mas__clustered-n6-t100-o20-s10005__cap64000__Qwen-Qwen3-32B-AWQ,clustered-n6-t100-o20-s10005,c3_mas,64000,0,worker_a,225,1177,7,stop,False,23679,23679,36.40716835670173
c3_mas__clustered-n6-t100-o20-s10005__cap64000__Qwen-Qwen3-32B-AWQ,clustered-n6-t100-o20-s10005,c3_mas,64000,1,worker_a,253,614,30,stop,False,22242,22242,19.611307897605002
c3_mas__clustered-n6-t100-o20-s10005__cap64000__Qwen-Qwen3-32B-AWQ,clustered-n6-t100-o20-s10005,c3_mas,64000,2,worker_a,333,388,45,stop,False,21265,21265,13.680798711255193
c3_mas__clustered-n6-t100-o20-s10005__cap64000__Qwen-Qwen3-32B-AWQ,clustered-n6-t100-o20-s10005,c3_mas,64000,3,worker_a,402,508,36,stop,False,20430,20430,16.803204208612442
c3_mas__clustered-n6-t100-o20-s10005__cap64000__Qwen-Qwen3-32B-AWQ,clustered-n6-t100-o20-s10005,c3_mas,64000,4,worker_a,488,578,15,stop,False,19398,19398,18.70877166185528
c3_mas__clustered-n6-t100-o20-s10005__cap64000__Qwen-Qwen3-32B-AWQ,clustered-n6-t100-o20-s10005,c3_mas,64000,5,worker_a,529,767,36,stop,False,18276,18276,25.19880880229175
c3_mas__clustered-n6-t100-o20-s10005__cap64000__Qwen-Qwen3-32B-AWQ,clustered-n6-t100-o20-s10005,c3_mas,64000,6,worker_a,615,920,26,stop,False,16858,16858,29.62420207541436
c3_mas__clustered-n6-t100-o20-s10005__cap64000__Qwen-Qwen3-32B-AWQ,clustered-n6-t100-o20-s10005,c3_mas,64000,7,worker_a,661,1362,5,stop,False,15251,15251,42.142230950295925
c3_mas__clustered-n6-t100-o20-s10005__cap64000__Qwen-Qwen3-32B-AWQ,clustered-n6-t100-o20-s10005,c3_mas,64000,8,worker_b,225,1177,7,stop,False,23679,23679,36.27731296978891
c3_mas__clustered-n6-t100-o20-s10005__cap64000__Qwen-Qwen3-32B-AWQ,clustered-n6-t100-o20-s10005,c3_mas,64000,9,worker_b,253,499,32,stop,False,22242,22242,16.359484137035906
c3_mas__clustered-n6-t100-o20-s10005__cap64000__Qwen-Qwen3-32B-AWQ,clustered-n6-t100-o20-s10005,c3_mas,64000,10,worker_b,335,696,24,stop,False,21376,21376,22.111281223595142
c3_mas__clustered-n6-t100-o20-s10005__cap64000__Qwen-Qwen3-32B-AWQ,clustered-n6-t100-o20-s10005,c3_mas,64000,11,worker_b,409,758,10,stop,False,20247,20247,24.143466660752892
c3_mas__clustered-n6-t100-o20-s10005__cap64000__Qwen-Qwen3-32B-AWQ,clustered-n6-t100-o20-s10005,c3_mas,64000,12,worker_b,469,348,13,stop,False,19010,19010,11.262939975596964
c3_mas__clustered-n6-t100-o20-s10005__cap64000__Qwen-Qwen3-32B-AWQ,clustered-n6-t100-o20-s10005,c3_mas,64000,13,worker_b,506,918,49,stop,False,18143,18143,30.29750115890056
c3_mas__clustered-n6-t100-o20-s10005__cap64000__Qwen-Qwen3-32B-AWQ,clustered-n6-t100-o20-s10005,c3_mas,64000,14,worker_b,581,4203,19,stop,False,16595,16595,132.47370597999543
c3_mas__clustered-n6-t100-o20-s10005__cap64000__Qwen-Qwen3-32B-AWQ,clustered-n6-t100-o20-s10005,c3_mas,64000,15,worker_b,620,1714,5,stop,False,11753,11753,53.55256619490683
c3_mas__clustered-n6-t100-o20-s10005__cap64000__Qwen-Qwen3-32B-AWQ,clustered-n6-t100-o20-s10005,c3_mas,64000,16,critic,390,786,19,stop,True,39464,32378,25.020341699011624
c3_mas__clustered-n6-t100-o20-s10005__cap64000__Qwen-Qwen3-32B-AWQ,clustered-n6-t100-o20-s10005,c3_mas,64000,17,finalize,104,0,40,stop,True,38811,32664,1.2962077790871263
c3_mas__clustered-n6-t100-o20-s10005__cap8000__Qwen-Qwen3-32B-AWQ,clustered-n6-t100-o20-s10005,c3_mas,8000,0,worker_a,225,1177,7,stop,False,2679,2679,37.98430079501122
c3_mas__clustered-n6-t100-o20-s10005__cap8000__Qwen-Qwen3-32B-AWQ,clustered-n6-t100-o20-s10005,c3_mas,8000,1,worker_a,253,614,30,stop,False,1242,1242,20.893724634312093
c3_mas__clustered-n6-t100-o20-s10005__cap8000__Qwen-Qwen3-32B-AWQ,clustered-n6-t100-o20-s10005,c3_mas,8000,2,worker_a,333,265,0,length,False,265,265,9.752831077203155
c3_mas__clustered-n6-t100-o20-s10005__cap8000__Qwen-Qwen3-32B-AWQ,clustered-n6-t100-o20-s10005,c3_mas,8000,3,worker_b,225,1177,7,stop,False,2679,2679,36.756561659276485
c3_mas__clustered-n6-t100-o20-s10005__cap8000__Qwen-Qwen3-32B-AWQ,clustered-n6-t100-o20-s10005,c3_mas,8000,4,worker_b,253,499,32,stop,False,1242,1242,16.7090961644426
c3_mas__clustered-n6-t100-o20-s10005__cap8000__Qwen-Qwen3-32B-AWQ,clustered-n6-t100-o20-s10005,c3_mas,8000,5,worker_b,335,376,0,length,False,376,376,12.028029025532305
c3_mas__clustered-n6-t100-o20-s10005__cap8000__Qwen-Qwen3-32B-AWQ,clustered-n6-t100-o20-s10005,c3_mas,8000,6,finalize,93,0,7,stop,False,2099,2099,0.3326868023723364
c3_mas__clustered-n6-t100-o20-s10007__cap16000__Qwen-Qwen3-32B-AWQ,clustered-n6-t100-o20-s10007,c3_mas,16000,0,worker_a,225,1177,7,stop,False,5679,5679,36.0948450518772
c3_mas__clustered-n6-t100-o20-s10007__cap16000__Qwen-Qwen3-32B-AWQ,clustered-n6-t100-o20-s10007,c3_mas,16000,1,worker_a,253,499,32,stop,False,4242,4242,16.27701072860509
c3_mas__clustered-n6-t100-o20-s10007__cap16000__Qwen-Qwen3-32B-AWQ,clustered-n6-t100-o20-s10007,c3_mas,16000,2,worker_a,335,630,46,stop,False,3376,3376,20.691108715720475
c3_mas__clustered-n6-t100-o20-s10007__cap16000__Qwen-Qwen3-32B-AWQ,clustered-n6-t100-o20-s10007,c3_mas,16000,3,worker_a,405,333,10,stop,False,2295,2295,10.811208063736558
c3_mas__clustered-n6-t100-o20-s10007__cap16000__Qwen-Qwen3-32B-AWQ,clustered-n6-t100-o20-s10007,c3_mas,16000,4,worker_a,465,1287,10,stop,False,1487,1487,40.02536522131413
c3_mas__clustered-n6-t100-o20-s10007__cap16000__Qwen-Qwen3-32B-AWQ,clustered-n6-t100-o20-s10007,c3_mas,16000,5,worker_b,225,1177,7,stop,False,5679,5679,36.09441335592419
c3_mas__clustered-n6-t100-o20-s10007__cap16000__Qwen-Qwen3-32B-AWQ,clustered-n6-t100-o20-s10007,c3_mas,16000,6,worker_b,253,614,30,stop,False,4242,4242,19.696659572422504
c3_mas__clustered-n6-t100-o20-s10007__cap16000__Qwen-Qwen3-32B-AWQ,clustered-n6-t100-o20-s10007,c3_mas,16000,7,worker_b,332,355,56,stop,False,3266,3266,12.687637160532176
c3_mas__clustered-n6-t100-o20-s10007__cap16000__Qwen-Qwen3-32B-AWQ,clustered-n6-t100-o20-s10007,c3_mas,16000,8,worker_b,412,434,99,stop,False,2443,2443,16.345938431099057
c3_mas__clustered-n6-t100-o20-s10007__cap16000__Qwen-Qwen3-32B-AWQ,clustered-n6-t100-o20-s10007,c3_mas,16000,9,worker_b,561,115,126,stop,False,1349,1349,7.713588296435773
c3_mas__clustered-n6-t100-o20-s10007__cap16000__Qwen-Qwen3-32B-AWQ,clustered-n6-t100-o20-s10007,c3_mas,16000,10,worker_b,737,371,0,length,False,371,371,11.914953781291842
c3_mas__clustered-n6-t100-o20-s10007__cap16000__Qwen-Qwen3-32B-AWQ,clustered-n6-t100-o20-s10007,c3_mas,16000,11,finalize,93,0,7,stop,False,4289,4289,0.314803839661181
c3_mas__clustered-n6-t100-o20-s10007__cap32000__Qwen-Qwen3-32B-AWQ,clustered-n6-t100-o20-s10007,c3_mas,32000,0,worker_a,225,1177,7,stop,False,11679,11679,36.618484483100474
c3_mas__clustered-n6-t100-o20-s10007__cap32000__Qwen-Qwen3-32B-AWQ,clustered-n6-t100-o20-s10007,c3_mas,32000,1,worker_a,253,551,10,stop,False,10242,10242,17.560187556780875
c3_mas__clustered-n6-t100-o20-s10007__cap32000__Qwen-Qwen3-32B-AWQ,clustered-n6-t100-o20-s10007,c3_mas,32000,2,worker_a,313,267,45,stop,False,9368,9368,10.147435397841036
c3_mas__clustered-n6-t100-o20-s10007__cap32000__Qwen-Qwen3-32B-AWQ,clustered-n6-t100-o20-s10007,c3_mas,32000,3,worker_a,382,412,10,stop,False,8674,8674,13.075762588530779
c3_mas__clustered-n6-t100-o20-s10007__cap32000__Qwen-Qwen3-32B-AWQ,clustered-n6-t100-o20-s10007,c3_mas,32000,4,worker_a,442,906,26,stop,False,7810,7810,28.995510614477098
c3_mas__clustered-n6-t100-o20-s10007__cap32000__Qwen-Qwen3-32B-AWQ,clustered-n6-t100-o20-s10007,c3_mas,32000,5,worker_a,488,924,43,stop,False,6390,6390,29.99551838915795
c3_mas__clustered-n6-t100-o20-s10007__cap32000__Qwen-Qwen3-32B-AWQ,clustered-n6-t100-o20-s10007,c3_mas,32000,6,worker_a,580,1581,13,stop,False,4843,4843,50.65572530310601
c3_mas__clustered-n6-t100-o20-s10007__cap32000__Qwen-Qwen3-32B-AWQ,clustered-n6-t100-o20-s10007,c3_mas,32000,7,worker_a,617,1480,65,stop,False,2632,2632,49.85115431621671
c3_mas__clustered-n6-t100-o20-s10007__cap32000__Qwen-Qwen3-32B-AWQ,clustered-n6-t100-o20-s10007,c3_mas,32000,8,worker_a,707,380,0,length,False,380,380,12.690343990921974
c3_mas__clustered-n6-t100-o20-s10007__cap32000__Qwen-Qwen3-32B-AWQ,clustered-n6-t100-o20-s10007,c3_mas,32000,9,worker_b,225,1177,7,stop,False,11679,11679,38.05067459587008
c3_mas__clustered-n6-t100-o20-s10007__cap32000__Qwen-Qwen3-32B-AWQ,clustered-n6-t100-o20-s10007,c3_mas,32000,10,worker_b,253,614,30,stop,False,10242,10242,19.614677097648382
c3_mas__clustered-n6-t100-o20-s10007__cap32000__Qwen-Qwen3-32B-AWQ,clustered-n6-t100-o20-s10007,c3_mas,32000,11,worker_b,332,355,56,stop,False,9266,9266,12.775291013531387
c3_mas__clustered-n6-t100-o20-s10007__cap32000__Qwen-Qwen3-32B-AWQ,clustered-n6-t100-o20-s10007,c3_mas,32000,12,worker_b,412,381,10,stop,False,8443,8443,12.220924491994083
c3_mas__clustered-n6-t100-o20-s10007__cap32000__Qwen-Qwen3-32B-AWQ,clustered-n6-t100-o20-s10007,c3_mas,32000,13,worker_b,472,559,58,stop,False,7580,7580,19.234802255406976
c3_mas__clustered-n6-t100-o20-s10007__cap32000__Qwen-Qwen3-32B-AWQ,clustered-n6-t100-o20-s10007,c3_mas,32000,14,worker_b,556,456,10,stop,False,6407,6407,14.83390243537724
c3_mas__clustered-n6-t100-o20-s10007__cap32000__Qwen-Qwen3-32B-AWQ,clustered-n6-t100-o20-s10007,c3_mas,32000,15,worker_b,616,1390,15,stop,False,5325,5325,44.11723898630589
c3_mas__clustered-n6-t100-o20-s10007__cap32000__Qwen-Qwen3-32B-AWQ,clustered-n6-t100-o20-s10007,c3_mas,32000,16,worker_b,657,3263,0,length,False,3263,3263,103.84399206656963
c3_mas__clustered-n6-t100-o20-s10007__cap32000__Qwen-Qwen3-32B-AWQ,clustered-n6-t100-o20-s10007,c3_mas,32000,17,finalize,93,0,7,stop,False,8099,8099,0.3336421875283122
c3_mas__clustered-n6-t100-o20-s10007__cap64000__Qwen-Qwen3-32B-AWQ,clustered-n6-t100-o20-s10007,c3_mas,64000,0,worker_a,225,1177,7,stop,False,23679,23679,36.30360357649624
c3_mas__clustered-n6-t100-o20-s10007__cap64000__Qwen-Qwen3-32B-AWQ,clustered-n6-t100-o20-s10007,c3_mas,64000,1,worker_a,253,499,32,stop,False,22242,22242,16.42868872359395
c3_mas__clustered-n6-t100-o20-s10007__cap64000__Qwen-Qwen3-32B-AWQ,clustered-n6-t100-o20-s10007,c3_mas,64000,2,worker_a,335,629,49,stop,False,21376,21376,21.099424241110682
c3_mas__clustered-n6-t100-o20-s10007__cap64000__Qwen-Qwen3-32B-AWQ,clustered-n6-t100-o20-s10007,c3_mas,64000,3,worker_a,408,452,25,stop,False,20290,20290,15.144818015396595
c3_mas__clustered-n6-t100-o20-s10007__cap64000__Qwen-Qwen3-32B-AWQ,clustered-n6-t100-o20-s10007,c3_mas,64000,4,worker_a,483,492,51,stop,False,19330,19330,16.804305400699377
c3_mas__clustered-n6-t100-o20-s10007__cap64000__Qwen-Qwen3-32B-AWQ,clustered-n6-t100-o20-s10007,c3_mas,64000,5,worker_a,560,433,29,stop,False,18227,18227,14.477465202100575
c3_mas__clustered-n6-t100-o20-s10007__cap64000__Qwen-Qwen3-32B-AWQ,clustered-n6-t100-o20-s10007,c3_mas,64000,6,worker_a,638,1185,44,stop,False,17127,17127,38.60409545619041
c3_mas__clustered-n6-t100-o20-s10007__cap64000__Qwen-Qwen3-32B-AWQ,clustered-n6-t100-o20-s10007,c3_mas,64000,7,worker_a,706,1405,61,stop,False,15192,15192,46.91767864860594
c3_mas__clustered-n6-t100-o20-s10007__cap64000__Qwen-Qwen3-32B-AWQ,clustered-n6-t100-o20-s10007,c3_mas,64000,8,worker_a,792,1048,25,stop,False,12934,12934,34.23861238267273
c3_mas__clustered-n6-t100-o20-s10007__cap64000__Qwen-Qwen3-32B-AWQ,clustered-n6-t100-o20-s10007,c3_mas,64000,9,worker_a,837,578,5,stop,False,11024,11024,18.478979573585093
c3_mas__clustered-n6-t100-o20-s10007__cap64000__Qwen-Qwen3-32B-AWQ,clustered-n6-t100-o20-s10007,c3_mas,64000,10,worker_b,225,1177,7,stop,False,23679,23679,36.6970175402239
c3_mas__clustered-n6-t100-o20-s10007__cap64000__Qwen-Qwen3-32B-AWQ,clustered-n6-t100-o20-s10007,c3_mas,64000,11,worker_b,253,614,30,stop,False,22242,22242,20.218376241624355
c3_mas__clustered-n6-t100-o20-s10007__cap64000__Qwen-Qwen3-32B-AWQ,clustered-n6-t100-o20-s10007,c3_mas,64000,12,worker_b,332,355,56,stop,False,21266,21266,13.113993767648935
c3_mas__clustered-n6-t100-o20-s10007__cap64000__Qwen-Qwen3-32B-AWQ,clustered-n6-t100-o20-s10007,c3_mas,64000,13,worker_b,412,434,99,stop,False,20443,20443,17.086626656353474
c3_mas__clustered-n6-t100-o20-s10007__cap64000__Qwen-Qwen3-32B-AWQ,clustered-n6-t100-o20-s10007,c3_mas,64000,14,worker_b,561,115,126,stop,False,19349,19349,8.058305879123509
c3_mas__clustered-n6-t100-o20-s10007__cap64000__Qwen-Qwen3-32B-AWQ,clustered-n6-t100-o20-s10007,c3_mas,64000,15,worker_b,737,3986,44,stop,False,18371,18371,135.11731503903866
c3_mas__clustered-n6-t100-o20-s10007__cap64000__Qwen-Qwen3-32B-AWQ,clustered-n6-t100-o20-s10007,c3_mas,64000,16,worker_b,807,2126,265,stop,False,13534,13534,76.48621799983084
c3_mas__clustered-n6-t100-o20-s10007__cap64000__Qwen-Qwen3-32B-AWQ,clustered-n6-t100-o20-s10007,c3_mas,64000,17,worker_b,1098,1010,5,stop,False,10045,10045,31.906169632449746
c3_mas__clustered-n6-t100-o20-s10007__cap64000__Qwen-Qwen3-32B-AWQ,clustered-n6-t100-o20-s10007,c3_mas,64000,18,critic,460,1978,25,stop,True,34947,32308,62.25926129333675
c3_mas__clustered-n6-t100-o20-s10007__cap64000__Qwen-Qwen3-32B-AWQ,clustered-n6-t100-o20-s10007,c3_mas,64000,19,finalize,110,0,56,stop,True,33090,32658,1.7770825494080782
c3_mas__clustered-n6-t100-o20-s10007__cap8000__Qwen-Qwen3-32B-AWQ,clustered-n6-t100-o20-s10007,c3_mas,8000,0,worker_a,225,1177,7,stop,False,2679,2679,37.18511881958693
c3_mas__clustered-n6-t100-o20-s10007__cap8000__Qwen-Qwen3-32B-AWQ,clustered-n6-t100-o20-s10007,c3_mas,8000,1,worker_a,253,499,32,stop,False,1242,1242,16.901846611872315
c3_mas__clustered-n6-t100-o20-s10007__cap8000__Qwen-Qwen3-32B-AWQ,clustered-n6-t100-o20-s10007,c3_mas,8000,2,worker_a,335,376,0,length,False,376,376,12.163439833559096
c3_mas__clustered-n6-t100-o20-s10007__cap8000__Qwen-Qwen3-32B-AWQ,clustered-n6-t100-o20-s10007,c3_mas,8000,3,worker_b,225,1177,7,stop,False,2679,2679,37.533769651316106
c3_mas__clustered-n6-t100-o20-s10007__cap8000__Qwen-Qwen3-32B-AWQ,clustered-n6-t100-o20-s10007,c3_mas,8000,4,worker_b,253,614,30,stop,False,1242,1242,20.123937701806426
c3_mas__clustered-n6-t100-o20-s10007__cap8000__Qwen-Qwen3-32B-AWQ,clustered-n6-t100-o20-s10007,c3_mas,8000,5,worker_b,332,266,0,length,False,266,266,8.556708987802267
c3_mas__clustered-n6-t100-o20-s10007__cap8000__Qwen-Qwen3-32B-AWQ,clustered-n6-t100-o20-s10007,c3_mas,8000,6,finalize,93,0,7,stop,False,2099,2099,0.3306305855512619
c3_mas__clustered-n6-t100-o80-s10005__cap16000__Qwen-Qwen3-32B-AWQ,clustered-n6-t100-o80-s10005,c3_mas,16000,0,worker_a,225,1177,7,stop,False,5679,5679,37.471882964484394
c3_mas__clustered-n6-t100-o80-s10005__cap16000__Qwen-Qwen3-32B-AWQ,clustered-n6-t100-o80-s10005,c3_mas,16000,1,worker_a,253,614,30,stop,False,4242,4242,20.596771302632987
c3_mas__clustered-n6-t100-o80-s10005__cap16000__Qwen-Qwen3-32B-AWQ,clustered-n6-t100-o80-s10005,c3_mas,16000,2,worker_a,333,436,54,stop,False,3265,3265,15.905700935982168
c3_mas__clustered-n6-t100-o80-s10005__cap16000__Qwen-Qwen3-32B-AWQ,clustered-n6-t100-o80-s10005,c3_mas,16000,3,worker_a,411,179,78,stop,False,2364,2364,8.541542064398527
c3_mas__clustered-n6-t100-o80-s10005__cap16000__Qwen-Qwen3-32B-AWQ,clustered-n6-t100-o80-s10005,c3_mas,16000,4,worker_a,539,1256,10,stop,False,1568,1568,41.65638270415366
c3_mas__clustered-n6-t100-o80-s10005__cap16000__Qwen-Qwen3-32B-AWQ,clustered-n6-t100-o80-s10005,c3_mas,16000,5,worker_b,225,1177,7,stop,False,5679,5679,39.10350703634322
c3_mas__clustered-n6-t100-o80-s10005__cap16000__Qwen-Qwen3-32B-AWQ,clustered-n6-t100-o80-s10005,c3_mas,16000,6,worker_b,253,499,32,stop,False,4242,4242,17.765631737187505
c3_mas__clustered-n6-t100-o80-s10005__cap16000__Qwen-Qwen3-32B-AWQ,clustered-n6-t100-o80-s10005,c3_mas,16000,7,worker_b,335,853,29,stop,False,3376,3376,29.795454149134457
c3_mas__clustered-n6-t100-o80-s10005__cap16000__Qwen-Qwen3-32B-AWQ,clustered-n6-t100-o80-s10005,c3_mas,16000,8,worker_b,414,488,10,stop,False,2080,2080,17.095277830027044
c3_mas__clustered-n6-t100-o80-s10005__cap16000__Qwen-Qwen3-32B-AWQ,clustered-n6-t100-o80-s10005,c3_mas,16000,9,worker_b,474,1108,0,length,False,1108,1108,35.83051157742739
c3_mas__clustered-n6-t100-o80-s10005__cap16000__Qwen-Qwen3-32B-AWQ,clustered-n6-t100-o80-s10005,c3_mas,16000,10,finalize,93,0,7,stop,False,4401,4401,0.3253609174862504
c3_mas__clustered-n6-t100-o80-s10005__cap32000__Qwen-Qwen3-32B-AWQ,clustered-n6-t100-o80-s10005,c3_mas,32000,0,worker_a,225,1177,7,stop,False,11679,11679,36.55830823536962
c3_mas__clustered-n6-t100-o80-s10005__cap32000__Qwen-Qwen3-32B-AWQ,clustered-n6-t100-o80-s10005,c3_mas,32000,1,worker_a,253,614,30,stop,False,10242,10242,19.671471637673676
c3_mas__clustered-n6-t100-o80-s10005__cap32000__Qwen-Qwen3-32B-AWQ,clustered-n6-t100-o80-s10005,c3_mas,32000,2,worker_a,333,436,54,stop,False,9265,9265,15.19664247892797
c3_mas__clustered-n6-t100-o80-s10005__cap32000__Qwen-Qwen3-32B-AWQ,clustered-n6-t100-o80-s10005,c3_mas,32000,3,worker_a,411,179,78,stop,False,8364,8364,8.173023051582277
c3_mas__clustered-n6-t100-o80-s10005__cap32000__Qwen-Qwen3-32B-AWQ,clustered-n6-t100-o80-s10005,c3_mas,32000,4,worker_a,539,1256,10,stop,False,7568,7568,40.19273598026484
c3_mas__clustered-n6-t100-o80-s10005__cap32000__Qwen-Qwen3-32B-AWQ,clustered-n6-t100-o80-s10005,c3_mas,32000,5,worker_a,599,4521,45,stop,False,5703,5703,144.53592782840133
c3_mas__clustered-n6-t100-o80-s10005__cap32000__Qwen-Qwen3-32B-AWQ,clustered-n6-t100-o80-s10005,c3_mas,32000,6,worker_a,664,473,0,length,False,473,473,14.940094366669655
c3_mas__clustered-n6-t100-o80-s10005__cap32000__Qwen-Qwen3-32B-AWQ,clustered-n6-t100-o80-s10005,c3_mas,32000,7,worker_b,225,1177,7,stop,False,11679,11679,36.351612117141485
c3_mas__clustered-n6-t100-o80-s10005__cap32000__Qwen-Qwen3-32B-AWQ,clustered-n6-t100-o80-s10005,c3_mas,32000,8,worker_b,253,499,32,stop,False,10242,10242,16.324651383794844
c3_mas__clustered-n6-t100-o80-s10005__cap32000__Qwen-Qwen3-32B-AWQ,clustered-n6-t100-o80-s10005,c3_mas,32000,9,worker_b,335,853,29,stop,False,9376,9376,27.27389433886856
c3_mas__clustered-n6-t100-o80-s10005__cap32000__Qwen-Qwen3-32B-AWQ,clustered-n6-t100-o80-s10005,c3_mas,32000,10,worker_b,414,488,10,stop,False,8080,8080,15.683511680923402
c3_mas__clustered-n6-t100-o80-s10005__cap32000__Qwen-Qwen3-32B-AWQ,clustered-n6-t100-o80-s10005,c3_mas,32000,11,worker_b,474,3642,49,stop,False,7108,7108,116.2839206662029
c3_mas__clustered-n6-t100-o80-s10005__cap32000__Qwen-Qwen3-32B-AWQ,clustered-n6-t100-o80-s10005,c3_mas,32000,12,worker_b,547,667,60,stop,False,2870,2870,22.469954574480653
c3_mas__clustered-n6-t100-o80-s10005__cap32000__Qwen-Qwen3-32B-AWQ,clustered-n6-t100-o80-s10005,c3_mas,32000,13,worker_b,632,1511,0,length,False,1511,1511,47.03620226867497
c3_mas__clustered-n6-t100-o80-s10005__cap32000__Qwen-Qwen3-32B-AWQ,clustered-n6-t100-o80-s10005,c3_mas,32000,14,critic,330,672,12,stop,False,7606,7606,21.76545045617968
c3_mas__clustered-n6-t100-o80-s10005__cap32000__Qwen-Qwen3-32B-AWQ,clustered-n6-t100-o80-s10005,c3_mas,32000,15,finalize,97,0,7,stop,False,7081,7081,0.32491839304566383
c3_mas__clustered-n6-t100-o80-s10005__cap64000__Qwen-Qwen3-32B-AWQ,clustered-n6-t100-o80-s10005,c3_mas,64000,0,worker_a,225,1177,7,stop,False,23679,23679,36.60495688486844
c3_mas__clustered-n6-t100-o80-s10005__cap64000__Qwen-Qwen3-32B-AWQ,clustered-n6-t100-o80-s10005,c3_mas,64000,1,worker_a,253,614,30,stop,False,22242,22242,20.279012113809586
c3_mas__clustered-n6-t100-o80-s10005__cap64000__Qwen-Qwen3-32B-AWQ,clustered-n6-t100-o80-s10005,c3_mas,64000,2,worker_a,333,436,54,stop,False,21265,21265,15.096080327406526
c3_mas__clustered-n6-t100-o80-s10005__cap64000__Qwen-Qwen3-32B-AWQ,clustered-n6-t100-o80-s10005,c3_mas,64000,3,worker_a,411,179,78,stop,False,20364,20364,8.086977531202137
c3_mas__clustered-n6-t100-o80-s10005__cap64000__Qwen-Qwen3-32B-AWQ,clustered-n6-t100-o80-s10005,c3_mas,64000,4,worker_a,539,1256,10,stop,False,19568,19568,39.10757354646921
c3_mas__clustered-n6-t100-o80-s10005__cap64000__Qwen-Qwen3-32B-AWQ,clustered-n6-t100-o80-s10005,c3_mas,64000,5,worker_a,599,1749,15,stop,False,17703,17703,54.805454396642745
c3_mas__clustered-n6-t100-o80-s10005__cap64000__Qwen-Qwen3-32B-AWQ,clustered-n6-t100-o80-s10005,c3_mas,64000,6,worker_a,640,1782,13,stop,False,15299,15299,55.89692276157439
c3_mas__clustered-n6-t100-o80-s10005__cap64000__Qwen-Qwen3-32B-AWQ,clustered-n6-t100-o80-s10005,c3_mas,64000,7,worker_a,677,2764,13,stop,False,12827,12827,87.14893559645861
c3_mas__clustered-n6-t100-o80-s10005__cap64000__Qwen-Qwen3-32B-AWQ,clustered-n6-t100-o80-s10005,c3_mas,64000,8,worker_a,714,4205,57,stop,False,9336,9336,136.36917620431632
c3_mas__clustered-n6-t100-o80-s10005__cap64000__Qwen-Qwen3-32B-AWQ,clustered-n6-t100-o80-s10005,c3_mas,64000,9,worker_a,791,1604,61,stop,False,4283,4283,53.024719001725316
c3_mas__clustered-n6-t100-o80-s10005__cap64000__Qwen-Qwen3-32B-AWQ,clustered-n6-t100-o80-s10005,c3_mas,64000,10,worker_a,878,1740,0,length,False,1740,1740,54.666972348466516
c3_mas__clustered-n6-t100-o80-s10005__cap64000__Qwen-Qwen3-32B-AWQ,clustered-n6-t100-o80-s10005,c3_mas,64000,11,worker_b,225,1177,7,stop,False,23679,23679,36.706399322487414
c3_mas__clustered-n6-t100-o80-s10005__cap64000__Qwen-Qwen3-32B-AWQ,clustered-n6-t100-o80-s10005,c3_mas,64000,12,worker_b,253,499,32,stop,False,22242,22242,16.21586481947452
c3_mas__clustered-n6-t100-o80-s10005__cap64000__Qwen-Qwen3-32B-AWQ,clustered-n6-t100-o80-s10005,c3_mas,64000,13,worker_b,335,853,29,stop,False,21376,21376,27.19967043865472
c3_mas__clustered-n6-t100-o80-s10005__cap64000__Qwen-Qwen3-32B-AWQ,clustered-n6-t100-o80-s10005,c3_mas,64000,14,worker_b,414,488,10,stop,False,20080,20080,15.617692979052663
c3_mas__clustered-n6-t100-o80-s10005__cap64000__Qwen-Qwen3-32B-AWQ,clustered-n6-t100-o80-s10005,c3_mas,64000,15,worker_b,474,3167,70,stop,False,19108,19108,102.37346519064158
c3_mas__clustered-n6-t100-o80-s10005__cap64000__Qwen-Qwen3-32B-AWQ,clustered-n6-t100-o80-s10005,c3_mas,64000,16,worker_b,564,1564,5,stop,False,15307,15307,49.25522667914629
c3_mas__clustered-n6-t100-o80-s10005__cap64000__Qwen-Qwen3-32B-AWQ,clustered-n6-t100-o80-s10005,c3_mas,64000,17,critic,462,4471,19,stop,False,29212,29212,141.48208999913186
c3_mas__clustered-n6-t100-o80-s10005__cap64000__Qwen-Qwen3-32B-AWQ,clustered-n6-t100-o80-s10005,c3_mas,64000,18,finalize,104,0,7,stop,False,24874,24874,0.32449155766516924
c3_mas__clustered-n6-t100-o80-s10005__cap8000__Qwen-Qwen3-32B-AWQ,clustered-n6-t100-o80-s10005,c3_mas,8000,0,worker_a,225,1177,7,stop,False,2679,2679,36.24451225344092
c3_mas__clustered-n6-t100-o80-s10005__cap8000__Qwen-Qwen3-32B-AWQ,clustered-n6-t100-o80-s10005,c3_mas,8000,1,worker_a,253,614,30,stop,False,1242,1242,19.660885887220502
c3_mas__clustered-n6-t100-o80-s10005__cap8000__Qwen-Qwen3-32B-AWQ,clustered-n6-t100-o80-s10005,c3_mas,8000,2,worker_a,333,265,0,length,False,265,265,8.298263472504914
c3_mas__clustered-n6-t100-o80-s10005__cap8000__Qwen-Qwen3-32B-AWQ,clustered-n6-t100-o80-s10005,c3_mas,8000,3,worker_b,225,1177,7,stop,False,2679,2679,36.655908243730664
c3_mas__clustered-n6-t100-o80-s10005__cap8000__Qwen-Qwen3-32B-AWQ,clustered-n6-t100-o80-s10005,c3_mas,8000,4,worker_b,253,499,32,stop,False,1242,1242,16.209104547277093
c3_mas__clustered-n6-t100-o80-s10005__cap8000__Qwen-Qwen3-32B-AWQ,clustered-n6-t100-o80-s10005,c3_mas,8000,5,worker_b,335,376,0,length,False,376,376,11.658115038648248
c3_mas__clustered-n6-t100-o80-s10005__cap8000__Qwen-Qwen3-32B-AWQ,clustered-n6-t100-o80-s10005,c3_mas,8000,6,finalize,93,0,7,stop,False,2099,2099,0.319812985137105
c3_mas__clustered-n6-t100-o80-s10006__cap16000__Qwen-Qwen3-32B-AWQ,clustered-n6-t100-o80-s10006,c3_mas,16000,0,worker_a,225,754,24,stop,False,5679,5679,23.928189269267023
c3_mas__clustered-n6-t100-o80-s10006__cap16000__Qwen-Qwen3-32B-AWQ,clustered-n6-t100-o80-s10006,c3_mas,16000,1,worker_a,270,440,34,stop,False,4631,4631,14.513965344056487
c3_mas__clustered-n6-t100-o80-s10006__cap16000__Qwen-Qwen3-32B-AWQ,clustered-n6-t100-o80-s10006,c3_mas,16000,2,worker_a,354,261,41,stop,False,3803,3803,9.338984873145819
c3_mas__clustered-n6-t100-o80-s10006__cap16000__Qwen-Qwen3-32B-AWQ,clustered-n6-t100-o80-s10006,c3_mas,16000,3,worker_a,419,568,37,stop,False,3082,3082,18.67738393507898
c3_mas__clustered-n6-t100-o80-s10006__cap16000__Qwen-Qwen3-32B-AWQ,clustered-n6-t100-o80-s10006,c3_mas,16000,4,worker_a,506,532,36,stop,False,1971,1971,17.76971265114844
c3_mas__clustered-n6-t100-o80-s10006__cap16000__Qwen-Qwen3-32B-AWQ,clustered-n6-t100-o80-s10006,c3_mas,16000,5,worker_a,566,240,34,stop,False,837,837,8.659902564249933
c3_mas__clustered-n6-t100-o80-s10006__cap16000__Qwen-Qwen3-32B-AWQ,clustered-n6-t100-o80-s10006,c3_mas,16000,6,worker_b,225,1177,7,stop,False,5679,5679,36.083348570391536
c3_mas__clustered-n6-t100-o80-s10006__cap16000__Qwen-Qwen3-32B-AWQ,clustered-n6-t100-o80-s10006,c3_mas,16000,7,worker_b,253,614,30,stop,False,4242,4242,19.895543782040477
c3_mas__clustered-n6-t100-o80-s10006__cap16000__Qwen-Qwen3-32B-AWQ,clustered-n6-t100-o80-s10006,c3_mas,16000,8,worker_b,333,449,45,stop,False,3265,3265,15.230184819549322
c3_mas__clustered-n6-t100-o80-s10006__cap16000__Qwen-Qwen3-32B-AWQ,clustered-n6-t100-o80-s10006,c3_mas,16000,9,worker_b,402,261,53,stop,False,2369,2369,9.6947692791
c3_mas__clustered-n6-t100-o80-s10006__cap16000__Qwen-Qwen3-32B-AWQ,clustered-n6-t100-o80-s10006,c3_mas,16000,10,worker_b,505,835,13,stop,False,1550,1550,26.245545679703355
c3_mas__clustered-n6-t100-o80-s10006__cap16000__Qwen-Qwen3-32B-AWQ,clustered-n6-t100-o80-s10006,c3_mas,16000,11,worker_b,542,160,0,length,False,160,160,5.1688272673636675
c3_mas__clustered-n6-t100-o80-s10006__cap16000__Qwen-Qwen3-32B-AWQ,clustered-n6-t100-o80-s10006,c3_mas,16000,12,finalize,93,0,7,stop,False,4662,4662,0.31635955441743135
c3_mas__clustered-n6-t100-o80-s10006__cap32000__Qwen-Qwen3-32B-AWQ,clustered-n6-t100-o80-s10006,c3_mas,32000,0,worker_a,225,1177,7,stop,False,11679,11679,36.463478432036936
c3_mas__clustered-n6-t100-o80-s10006__cap32000__Qwen-Qwen3-32B-AWQ,clustered-n6-t100-o80-s10006,c3_mas,32000,1,worker_a,253,499,32,stop,False,10242,10242,16.33501413371414
c3_mas__clustered-n6-t100-o80-s10006__cap32000__Qwen-Qwen3-32B-AWQ,clustered-n6-t100-o80-s10006,c3_mas,32000,2,worker_a,335,853,29,stop,False,9376,9376,27.66081923060119
c3_mas__clustered-n6-t100-o80-s10006__cap32000__Qwen-Qwen3-32B-AWQ,clustered-n6-t100-o80-s10006,c3_mas,32000,3,worker_a,414,413,29,stop,False,8080,8080,14.049216071143746
c3_mas__clustered-n6-t100-o80-s10006__cap32000__Qwen-Qwen3-32B-AWQ,clustered-n6-t100-o80-s10006,c3_mas,32000,4,worker_a,493,985,13,stop,False,7145,7145,30.82355474960059
c3_mas__clustered-n6-t100-o80-s10006__cap32000__Qwen-Qwen3-32B-AWQ,clustered-n6-t100-o80-s10006,c3_mas,32000,5,worker_a,530,5617,0,length,False,5617,5617,180.83012569788843
c3_mas__clustered-n6-t100-o80-s10006__cap32000__Qwen-Qwen3-32B-AWQ,clustered-n6-t100-o80-s10006,c3_mas,32000,6,worker_b,225,1177,7,stop,False,11679,11679,36.407545880414546
c3_mas__clustered-n6-t100-o80-s10006__cap32000__Qwen-Qwen3-32B-AWQ,clustered-n6-t100-o80-s10006,c3_mas,32000,7,worker_b,253,614,30,stop,False,10242,10242,19.969589435495436
c3_mas__clustered-n6-t100-o80-s10006__cap32000__Qwen-Qwen3-32B-AWQ,clustered-n6-t100-o80-s10006,c3_mas,32000,8,worker_b,333,449,45,stop,False,9265,9265,15.617514888755977
c3_mas__clustered-n6-t100-o80-s10006__cap32000__Qwen-Qwen3-32B-AWQ,clustered-n6-t100-o80-s10006,c3_mas,32000,9,worker_b,402,261,53,stop,False,8369,8369,9.758814330212772
c3_mas__clustered-n6-t100-o80-s10006__cap32000__Qwen-Qwen3-32B-AWQ,clustered-n6-t100-o80-s10006,c3_mas,32000,10,worker_b,505,981,46,stop,False,7550,7550,32.044694188050926
c3_mas__clustered-n6-t100-o80-s10006__cap32000__Qwen-Qwen3-32B-AWQ,clustered-n6-t100-o80-s10006,c3_mas,32000,11,worker_b,575,533,42,stop,False,5948,5948,18.330020839348435
c3_mas__clustered-n6-t100-o80-s10006__cap32000__Qwen-Qwen3-32B-AWQ,clustered-n6-t100-o80-s10006,c3_mas,32000,12,worker_b,667,807,15,stop,False,4706,4706,25.64853290747851
c3_mas__clustered-n6-t100-o80-s10006__cap32000__Qwen-Qwen3-32B-AWQ,clustered-n6-t100-o80-s10006,c3_mas,32000,13,worker_b,708,3176,0,length,False,3176,3176,99.57197047118098
c3_mas__clustered-n6-t100-o80-s10006__cap32000__Qwen-Qwen3-32B-AWQ,clustered-n6-t100-o80-s10006,c3_mas,32000,14,finalize,93,0,7,stop,False,8099,8099,0.31647810991853476
c3_mas__clustered-n6-t100-o80-s10006__cap64000__Qwen-Qwen3-32B-AWQ,clustered-n6-t100-o80-s10006,c3_mas,64000,0,worker_a,225,754,24,stop,False,23679,23679,24.18941537849605
c3_mas__clustered-n6-t100-o80-s10006__cap64000__Qwen-Qwen3-32B-AWQ,clustered-n6-t100-o80-s10006,c3_mas,64000,1,worker_a,270,440,34,stop,False,22631,22631,14.49750486202538
c3_mas__clustered-n6-t100-o80-s10006__cap64000__Qwen-Qwen3-32B-AWQ,clustered-n6-t100-o80-s10006,c3_mas,64000,2,worker_a,354,261,41,stop,False,21803,21803,9.423650795593858
c3_mas__clustered-n6-t100-o80-s10006__cap64000__Qwen-Qwen3-32B-AWQ,clustered-n6-t100-o80-s10006,c3_mas,64000,3,worker_a,419,568,37,stop,False,21082,21082,18.993122809566557
c3_mas__clustered-n6-t100-o80-s10006__cap64000__Qwen-Qwen3-32B-AWQ,clustered-n6-t100-o80-s10006,c3_mas,64000,4,worker_a,506,532,36,stop,False,19971,19971,17.643568988889456
c3_mas__clustered-n6-t100-o80-s10006__cap64000__Qwen-Qwen3-32B-AWQ,clustered-n6-t100-o80-s10006,c3_mas,64000,5,worker_a,566,240,34,stop,False,18837,18837,8.790783477947116
c3_mas__clustered-n6-t100-o80-s10006__cap64000__Qwen-Qwen3-32B-AWQ,clustered-n6-t100-o80-s10006,c3_mas,64000,6,worker_a,650,4912,36,stop,False,17913,17913,158.45539920404553
c3_mas__clustered-n6-t100-o80-s10006__cap64000__Qwen-Qwen3-32B-AWQ,clustered-n6-t100-o80-s10006,c3_mas,64000,7,worker_a,710,5892,45,stop,False,12255,12255,199.8849464021623
c3_mas__clustered-n6-t100-o80-s10006__cap64000__Qwen-Qwen3-32B-AWQ,clustered-n6-t100-o80-s10006,c3_mas,64000,8,worker_a,781,3845,44,stop,False,5537,5537,122.46128375455737
c3_mas__clustered-n6-t100-o80-s10006__cap64000__Qwen-Qwen3-32B-AWQ,clustered-n6-t100-o80-s10006,c3_mas,64000,9,worker_a,851,797,0,length,False,797,797,25.411694375798106
c3_mas__clustered-n6-t100-o80-s10006__cap64000__Qwen-Qwen3-32B-AWQ,clustered-n6-t100-o80-s10006,c3_mas,64000,10,worker_b,225,1177,7,stop,False,23679,23679,36.64842111058533
c3_mas__clustered-n6-t100-o80-s10006__cap64000__Qwen-Qwen3-32B-AWQ,clustered-n6-t100-o80-s10006,c3_mas,64000,11,worker_b,253,614,30,stop,False,22242,22242,19.67342592868954
c3_mas__clustered-n6-t100-o80-s10006__cap64000__Qwen-Qwen3-32B-AWQ,clustered-n6-t100-o80-s10006,c3_mas,64000,12,worker_b,333,449,45,stop,False,21265,21265,15.312967294827104
c3_mas__clustered-n6-t100-o80-s10006__cap64000__Qwen-Qwen3-32B-AWQ,clustered-n6-t100-o80-s10006,c3_mas,64000,13,worker_b,402,303,30,stop,False,20369,20369,10.822634978219867
c3_mas__clustered-n6-t100-o80-s10006__cap64000__Qwen-Qwen3-32B-AWQ,clustered-n6-t100-o80-s10006,c3_mas,64000,14,worker_b,482,645,13,stop,False,19554,19554,20.348808703012764
c3_mas__clustered-n6-t100-o80-s10006__cap64000__Qwen-Qwen3-32B-AWQ,clustered-n6-t100-o80-s10006,c3_mas,64000,15,worker_b,519,761,15,stop,False,18377,18377,23.97046368010342
c3_mas__clustered-n6-t100-o80-s10006__cap64000__Qwen-Qwen3-32B-AWQ,clustered-n6-t100-o80-s10006,c3_mas,64000,16,worker_b,559,678,31,stop,False,17042,17042,22.137989631853998
c3_mas__clustered-n6-t100-o80-s10006__cap64000__Qwen-Qwen3-32B-AWQ,clustered-n6-t100-o80-s10006,c3_mas,64000,17,worker_b,640,6255,19,stop,False,15693,15693,201.91046398784965
c3_mas__clustered-n6-t100-o80-s10006__cap64000__Qwen-Qwen3-32B-AWQ,clustered-n6-t100-o80-s10006,c3_mas,64000,18,worker_b,679,2210,5,stop,False,8740,8740,69.17584845703095
c3_mas__clustered-n6-t100-o80-s10006__cap64000__Qwen-Qwen3-32B-AWQ,clustered-n6-t100-o80-s10006,c3_mas,64000,19,critic,388,634,19,stop,False,22073,22073,20.02886013314128
c3_mas__clustered-n6-t100-o80-s10006__cap64000__Qwen-Qwen3-32B-AWQ,clustered-n6-t100-o80-s10006,c3_mas,64000,20,finalize,104,0,7,stop,False,21572,21572,0.32644475623965263
c3_mas__clustered-n6-t100-o80-s10006__cap8000__Qwen-Qwen3-32B-AWQ,clustered-n6-t100-o80-s10006,c3_mas,8000,0,worker_a,225,1177,7,stop,False,2679,2679,37.631721251644194
c3_mas__clustered-n6-t100-o80-s10006__cap8000__Qwen-Qwen3-32B-AWQ,clustered-n6-t100-o80-s10006,c3_mas,8000,1,worker_a,253,499,32,stop,False,1242,1242,17.086453353986144
c3_mas__clustered-n6-t100-o80-s10006__cap8000__Qwen-Qwen3-32B-AWQ,clustered-n6-t100-o80-s10006,c3_mas,8000,2,worker_a,335,376,0,length,False,376,376,12.305079109035432
c3_mas__clustered-n6-t100-o80-s10006__cap8000__Qwen-Qwen3-32B-AWQ,clustered-n6-t100-o80-s10006,c3_mas,8000,3,worker_b,225,1177,7,stop,False,2679,2679,37.57731700874865
c3_mas__clustered-n6-t100-o80-s10006__cap8000__Qwen-Qwen3-32B-AWQ,clustered-n6-t100-o80-s10006,c3_mas,8000,4,worker_b,253,614,30,stop,False,1242,1242,20.3390621971339
c3_mas__clustered-n6-t100-o80-s10006__cap8000__Qwen-Qwen3-32B-AWQ,clustered-n6-t100-o80-s10006,c3_mas,8000,5,worker_b,333,265,0,length,False,265,265,8.336873745545745
c3_mas__clustered-n6-t100-o80-s10006__cap8000__Qwen-Qwen3-32B-AWQ,clustered-n6-t100-o80-s10006,c3_mas,8000,6,finalize,93,0,7,stop,False,2099,2099,0.32475332729518414
c3_mas__clustered-n6-t20-o20-s10005__cap16000__Qwen-Qwen3-32B-AWQ,clustered-n6-t20-o20-s10005,c3_mas,16000,0,worker_a,225,1177,7,stop,False,5679,5679,36.43255625292659
c3_mas__clustered-n6-t20-o20-s10005__cap16000__Qwen-Qwen3-32B-AWQ,clustered-n6-t20-o20-s10005,c3_mas,16000,1,worker_a,253,614,30,stop,False,4242,4242,19.722925764508545
c3_mas__clustered-n6-t20-o20-s10005__cap16000__Qwen-Qwen3-32B-AWQ,clustered-n6-t20-o20-s10005,c3_mas,16000,2,worker_a,332,516,48,stop,False,3266,3266,17.327096982859075
c3_mas__clustered-n6-t20-o20-s10005__cap16000__Qwen-Qwen3-32B-AWQ,clustered-n6-t20-o20-s10005,c3_mas,16000,3,worker_a,404,244,45,stop,False,2298,2298,9.207605235278606
c3_mas__clustered-n6-t20-o20-s10005__cap16000__Qwen-Qwen3-32B-AWQ,clustered-n6-t20-o20-s10005,c3_mas,16000,4,worker_a,498,813,58,stop,False,1511,1511,26.899332652799785
c3_mas__clustered-n6-t20-o20-s10005__cap16000__Qwen-Qwen3-32B-AWQ,clustered-n6-t20-o20-s10005,c3_mas,16000,5,worker_a,582,58,0,length,False,58,58,2.1892452957108617
c3_mas__clustered-n6-t20-o20-s10005__cap16000__Qwen-Qwen3-32B-AWQ,clustered-n6-t20-o20-s10005,c3_mas,16000,6,worker_b,225,1177,7,stop,False,5679,5679,36.45828313007951
c3_mas__clustered-n6-t20-o20-s10005__cap16000__Qwen-Qwen3-32B-AWQ,clustered-n6-t20-o20-s10005,c3_mas,16000,7,worker_b,253,499,32,stop,False,4242,4242,16.51192341092974
c3_mas__clustered-n6-t20-o20-s10005__cap16000__Qwen-Qwen3-32B-AWQ,clustered-n6-t20-o20-s10005,c3_mas,16000,8,worker_b,334,536,30,stop,False,3377,3377,17.427050820551813
c3_mas__clustered-n6-t20-o20-s10005__cap16000__Qwen-Qwen3-32B-AWQ,clustered-n6-t20-o20-s10005,c3_mas,16000,9,worker_b,413,385,10,stop,False,2398,2398,12.335190485231578
c3_mas__clustered-n6-t20-o20-s10005__cap16000__Qwen-Qwen3-32B-AWQ,clustered-n6-t20-o20-s10005,c3_mas,16000,10,worker_b,472,785,13,stop,False,1531,1531,25.10126534756273
c3_mas__clustered-n6-t20-o20-s10005__cap16000__Qwen-Qwen3-32B-AWQ,clustered-n6-t20-o20-s10005,c3_mas,16000,11,worker_b,509,224,0,length,False,224,224,7.140195535495877
c3_mas__clustered-n6-t20-o20-s10005__cap16000__Qwen-Qwen3-32B-AWQ,clustered-n6-t20-o20-s10005,c3_mas,16000,12,finalize,93,0,7,stop,False,4099,4099,0.3167165545746684
c3_mas__clustered-n6-t20-o20-s10005__cap32000__Qwen-Qwen3-32B-AWQ,clustered-n6-t20-o20-s10005,c3_mas,32000,0,worker_a,225,736,7,stop,False,11679,11679,22.84579662885517
c3_mas__clustered-n6-t20-o20-s10005__cap32000__Qwen-Qwen3-32B-AWQ,clustered-n6-t20-o20-s10005,c3_mas,32000,1,worker_a,253,614,30,stop,False,10683,10683,19.559234092012048
c3_mas__clustered-n6-t20-o20-s10005__cap32000__Qwen-Qwen3-32B-AWQ,clustered-n6-t20-o20-s10005,c3_mas,32000,2,worker_a,332,557,54,stop,False,9707,9707,18.855087309144437
c3_mas__clustered-n6-t20-o20-s10005__cap32000__Qwen-Qwen3-32B-AWQ,clustered-n6-t20-o20-s10005,c3_mas,32000,3,worker_a,410,373,78,stop,False,8686,8686,14.038575304672122
c3_mas__clustered-n6-t20-o20-s10005__cap32000__Qwen-Qwen3-32B-AWQ,clustered-n6-t20-o20-s10005,c3_mas,32000,4,worker_a,537,1110,15,stop,False,7698,7698,34.615483045578
c3_mas__clustered-n6-t20-o20-s10005__cap32000__Qwen-Qwen3-32B-AWQ,clustered-n6-t20-o20-s10005,c3_mas,32000,5,worker_a,578,970,129,stop,False,5995,5995,34.044720561243594
c3_mas__clustered-n6-t20-o20-s10005__cap32000__Qwen-Qwen3-32B-AWQ,clustered-n6-t20-o20-s10005,c3_mas,32000,6,worker_a,756,342,15,stop,False,4140,4140,11.454370206221938
c3_mas__clustered-n6-t20-o20-s10005__cap32000__Qwen-Qwen3-32B-AWQ,clustered-n6-t20-o20-s10005,c3_mas,32000,7,worker_a,796,531,24,stop,False,2987,2987,17.42276969924569
c3_mas__clustered-n6-t20-o20-s10005__cap32000__Qwen-Qwen3-32B-AWQ,clustered-n6-t20-o20-s10005,c3_mas,32000,8,worker_a,840,198,5,stop,False,1592,1592,6.7668562745675445
c3_mas__clustered-n6-t20-o20-s10005__cap32000__Qwen-Qwen3-32B-AWQ,clustered-n6-t20-o20-s10005,c3_mas,32000,9,worker_b,225,1532,7,stop,False,11679,11679,47.105559919029474
c3_mas__clustered-n6-t20-o20-s10005__cap32000__Qwen-Qwen3-32B-AWQ,clustered-n6-t20-o20-s10005,c3_mas,32000,10,worker_b,253,499,32,stop,False,9887,9887,16.360682100988925
c3_mas__clustered-n6-t20-o20-s10005__cap32000__Qwen-Qwen3-32B-AWQ,clustered-n6-t20-o20-s10005,c3_mas,32000,11,worker_b,334,536,30,stop,False,9022,9022,17.413708900101483
c3_mas__clustered-n6-t20-o20-s10005__cap32000__Qwen-Qwen3-32B-AWQ,clustered-n6-t20-o20-s10005,c3_mas,32000,12,worker_b,413,385,10,stop,False,8043,8043,12.294176443479955
c3_mas__clustered-n6-t20-o20-s10005__cap32000__Qwen-Qwen3-32B-AWQ,clustered-n6-t20-o20-s10005,c3_mas,32000,13,worker_b,472,785,13,stop,False,7176,7176,24.50086035579443
c3_mas__clustered-n6-t20-o20-s10005__cap32000__Qwen-Qwen3-32B-AWQ,clustered-n6-t20-o20-s10005,c3_mas,32000,14,worker_b,509,443,46,stop,False,5869,5869,15.441439257003367
c3_mas__clustered-n6-t20-o20-s10005__cap32000__Qwen-Qwen3-32B-AWQ,clustered-n6-t20-o20-s10005,c3_mas,32000,15,worker_b,580,2715,24,stop,False,4800,4800,84.93773071281612
c3_mas__clustered-n6-t20-o20-s10005__cap32000__Qwen-Qwen3-32B-AWQ,clustered-n6-t20-o20-s10005,c3_mas,32000,16,worker_b,624,1094,224,stop,False,1437,1437,40.863035627640784
c3_mas__clustered-n6-t20-o20-s10005__cap32000__Qwen-Qwen3-32B-AWQ,clustered-n6-t20-o20-s10005,c3_mas,32000,17,critic,457,1332,24,stop,False,8987,8987,41.596138258464634
c3_mas__clustered-n6-t20-o20-s10005__cap32000__Qwen-Qwen3-32B-AWQ,clustered-n6-t20-o20-s10005,c3_mas,32000,18,finalize,109,0,55,stop,False,7778,7778,1.7716405680403113
c3_mas__clustered-n6-t20-o20-s10005__cap64000__Qwen-Qwen3-32B-AWQ,clustered-n6-t20-o20-s10005,c3_mas,64000,0,worker_a,225,1177,7,stop,False,23679,23679,36.693136972375214
c3_mas__clustered-n6-t20-o20-s10005__cap64000__Qwen-Qwen3-32B-AWQ,clustered-n6-t20-o20-s10005,c3_mas,64000,1,worker_a,253,614,30,stop,False,22242,22242,19.65184215735644
c3_mas__clustered-n6-t20-o20-s10005__cap64000__Qwen-Qwen3-32B-AWQ,clustered-n6-t20-o20-s10005,c3_mas,64000,2,worker_a,332,499,40,stop,False,21266,21266,16.8154026735574
c3_mas__clustered-n6-t20-o20-s10005__cap64000__Qwen-Qwen3-32B-AWQ,clustered-n6-t20-o20-s10005,c3_mas,64000,3,worker_a,396,367,10,stop,False,20331,20331,11.638826763257384
c3_mas__clustered-n6-t20-o20-s10005__cap64000__Qwen-Qwen3-32B-AWQ,clustered-n6-t20-o20-s10005,c3_mas,64000,4,worker_a,455,489,10,stop,False,19499,19499,15.691675420850515
c3_mas__clustered-n6-t20-o20-s10005__cap64000__Qwen-Qwen3-32B-AWQ,clustered-n6-t20-o20-s10005,c3_mas,64000,5,worker_a,514,1702,13,stop,False,18486,18486,53.79514855891466
c3_mas__clustered-n6-t20-o20-s10005__cap64000__Qwen-Qwen3-32B-AWQ,clustered-n6-t20-o20-s10005,c3_mas,64000,6,worker_a,551,788,13,stop,False,16220,16220,25.28148926422
c3_mas__clustered-n6-t20-o20-s10005__cap64000__Qwen-Qwen3-32B-AWQ,clustered-n6-t20-o20-s10005,c3_mas,64000,7,worker_a,588,2166,15,stop,False,14831,14831,68.68756294902414
c3_mas__clustered-n6-t20-o20-s10005__cap64000__Qwen-Qwen3-32B-AWQ,clustered-n6-t20-o20-s10005,c3_mas,64000,8,worker_a,629,1764,15,stop,False,12021,12021,56.14060023520142
c3_mas__clustered-n6-t20-o20-s10005__cap64000__Qwen-Qwen3-32B-AWQ,clustered-n6-t20-o20-s10005,c3_mas,64000,9,worker_a,670,2980,15,stop,False,9572,9572,93.6372537240386
c3_mas__clustered-n6-t20-o20-s10005__cap64000__Qwen-Qwen3-32B-AWQ,clustered-n6-t20-o20-s10005,c3_mas,64000,10,worker_a,710,3971,66,stop,False,5867,5867,127.8601659340784
c3_mas__clustered-n6-t20-o20-s10005__cap64000__Qwen-Qwen3-32B-AWQ,clustered-n6-t20-o20-s10005,c3_mas,64000,11,worker_a,796,668,98,stop,False,1034,1034,24.48211761377752
c3_mas__clustered-n6-t20-o20-s10005__cap64000__Qwen-Qwen3-32B-AWQ,clustered-n6-t20-o20-s10005,c3_mas,64000,12,worker_b,225,1177,7,stop,False,23679,23679,36.086468832567334
c3_mas__clustered-n6-t20-o20-s10005__cap64000__Qwen-Qwen3-32B-AWQ,clustered-n6-t20-o20-s10005,c3_mas,64000,13,worker_b,253,499,32,stop,False,22242,22242,16.300593334250152
c3_mas__clustered-n6-t20-o20-s10005__cap64000__Qwen-Qwen3-32B-AWQ,clustered-n6-t20-o20-s10005,c3_mas,64000,14,worker_b,334,536,30,stop,False,21377,21377,17.521817276254296
c3_mas__clustered-n6-t20-o20-s10005__cap64000__Qwen-Qwen3-32B-AWQ,clustered-n6-t20-o20-s10005,c3_mas,64000,15,worker_b,413,385,10,stop,False,20398,20398,12.371772083453834
c3_mas__clustered-n6-t20-o20-s10005__cap64000__Qwen-Qwen3-32B-AWQ,clustered-n6-t20-o20-s10005,c3_mas,64000,16,worker_b,472,785,13,stop,False,19531,19531,24.582951549440622
c3_mas__clustered-n6-t20-o20-s10005__cap64000__Qwen-Qwen3-32B-AWQ,clustered-n6-t20-o20-s10005,c3_mas,64000,17,worker_b,509,1358,24,stop,False,18224,18224,43.217381523922086
c3_mas__clustered-n6-t20-o20-s10005__cap64000__Qwen-Qwen3-32B-AWQ,clustered-n6-t20-o20-s10005,c3_mas,64000,18,worker_b,553,1009,59,stop,False,16289,16289,33.0659154523164
c3_mas__clustered-n6-t20-o20-s10005__cap64000__Qwen-Qwen3-32B-AWQ,clustered-n6-t20-o20-s10005,c3_mas,64000,19,worker_b,637,523,51,stop,False,14584,14584,18.28015792556107
c3_mas__clustered-n6-t20-o20-s10005__cap64000__Qwen-Qwen3-32B-AWQ,clustered-n6-t20-o20-s10005,c3_mas,64000,20,worker_b,714,967,74,stop,False,13296,13296,32.56563448626548
c3_mas__clustered-n6-t20-o20-s10005__cap64000__Qwen-Qwen3-32B-AWQ,clustered-n6-t20-o20-s10005,c3_mas,64000,21,worker_b,808,2978,5,stop,False,11447,11447,94.55139220971614
c3_mas__clustered-n6-t20-o20-s10005__cap64000__Qwen-Qwen3-32B-AWQ,clustered-n6-t20-o20-s10005,c3_mas,64000,22,critic,756,5798,45,stop,False,23912,23912,186.42265351023525
c3_mas__clustered-n6-t20-o20-s10005__cap64000__Qwen-Qwen3-32B-AWQ,clustered-n6-t20-o20-s10005,c3_mas,64000,23,finalize,130,0,106,stop,False,18195,18195,3.355477960780263
c3_mas__clustered-n6-t20-o20-s10005__cap8000__Qwen-Qwen3-32B-AWQ,clustered-n6-t20-o20-s10005,c3_mas,8000,0,worker_a,225,1177,7,stop,False,2679,2679,36.607038801535964
c3_mas__clustered-n6-t20-o20-s10005__cap8000__Qwen-Qwen3-32B-AWQ,clustered-n6-t20-o20-s10005,c3_mas,8000,1,worker_a,253,614,30,stop,False,1242,1242,19.646355172619224
c3_mas__clustered-n6-t20-o20-s10005__cap8000__Qwen-Qwen3-32B-AWQ,clustered-n6-t20-o20-s10005,c3_mas,8000,2,worker_a,332,266,0,length,False,266,266,8.629126203246415
c3_mas__clustered-n6-t20-o20-s10005__cap8000__Qwen-Qwen3-32B-AWQ,clustered-n6-t20-o20-s10005,c3_mas,8000,3,worker_b,225,1177,7,stop,False,2679,2679,36.50560235232115
c3_mas__clustered-n6-t20-o20-s10005__cap8000__Qwen-Qwen3-32B-AWQ,clustered-n6-t20-o20-s10005,c3_mas,8000,4,worker_b,253,499,32,stop,False,1242,1242,16.38972999341786
c3_mas__clustered-n6-t20-o20-s10005__cap8000__Qwen-Qwen3-32B-AWQ,clustered-n6-t20-o20-s10005,c3_mas,8000,5,worker_b,334,377,0,length,False,377,377,12.079468629322946
c3_mas__clustered-n6-t20-o20-s10005__cap8000__Qwen-Qwen3-32B-AWQ,clustered-n6-t20-o20-s10005,c3_mas,8000,6,finalize,93,0,7,stop,False,2099,2099,0.31528325472027063
c3_mas__clustered-n6-t20-o80-s10005__cap16000__Qwen-Qwen3-32B-AWQ,clustered-n6-t20-o80-s10005,c3_mas,16000,0,worker_a,225,1177,7,stop,False,5679,5679,37.17435448151082
c3_mas__clustered-n6-t20-o80-s10005__cap16000__Qwen-Qwen3-32B-AWQ,clustered-n6-t20-o80-s10005,c3_mas,16000,1,worker_a,253,614,30,stop,False,4242,4242,20.50323332194239
c3_mas__clustered-n6-t20-o80-s10005__cap16000__Qwen-Qwen3-32B-AWQ,clustered-n6-t20-o80-s10005,c3_mas,16000,2,worker_a,332,414,42,stop,False,3266,3266,14.734854020178318
c3_mas__clustered-n6-t20-o80-s10005__cap16000__Qwen-Qwen3-32B-AWQ,clustered-n6-t20-o80-s10005,c3_mas,16000,3,worker_a,398,239,36,stop,False,2412,2412,9.060214154422283
c3_mas__clustered-n6-t20-o80-s10005__cap16000__Qwen-Qwen3-32B-AWQ,clustered-n6-t20-o80-s10005,c3_mas,16000,4,worker_a,483,618,33,stop,False,1654,1654,21.265346727333963
c3_mas__clustered-n6-t20-o80-s10005__cap16000__Qwen-Qwen3-32B-AWQ,clustered-n6-t20-o80-s10005,c3_mas,16000,5,worker_a,565,438,0,length,False,438,438,14.56897632125765
c3_mas__clustered-n6-t20-o80-s10005__cap16000__Qwen-Qwen3-32B-AWQ,clustered-n6-t20-o80-s10005,c3_mas,16000,6,worker_b,225,1177,7,stop,False,5679,5679,38.816428342834115
c3_mas__clustered-n6-t20-o80-s10005__cap16000__Qwen-Qwen3-32B-AWQ,clustered-n6-t20-o80-s10005,c3_mas,16000,7,worker_b,253,499,32,stop,False,4242,4242,17.641780937090516
c3_mas__clustered-n6-t20-o80-s10005__cap16000__Qwen-Qwen3-32B-AWQ,clustered-n6-t20-o80-s10005,c3_mas,16000,8,worker_b,334,631,10,stop,False,3377,3377,21.501193339005113
c3_mas__clustered-n6-t20-o80-s10005__cap16000__Qwen-Qwen3-32B-AWQ,clustered-n6-t20-o80-s10005,c3_mas,16000,9,worker_b,393,467,10,stop,False,2343,2343,16.201670224778354
c3_mas__clustered-n6-t20-o80-s10005__cap16000__Qwen-Qwen3-32B-AWQ,clustered-n6-t20-o80-s10005,c3_mas,16000,10,worker_b,452,472,43,stop,False,1414,1414,17.630562945269048
c3_mas__clustered-n6-t20-o80-s10005__cap16000__Qwen-Qwen3-32B-AWQ,clustered-n6-t20-o80-s10005,c3_mas,16000,11,worker_b,519,380,0,length,False,380,380,13.21478710602969
c3_mas__clustered-n6-t20-o80-s10005__cap16000__Qwen-Qwen3-32B-AWQ,clustered-n6-t20-o80-s10005,c3_mas,16000,12,finalize,93,0,7,stop,False,4099,4099,0.36440348997712135
c3_mas__clustered-n6-t20-o80-s10005__cap32000__Qwen-Qwen3-32B-AWQ,clustered-n6-t20-o80-s10005,c3_mas,32000,0,worker_a,225,1177,7,stop,False,11679,11679,36.82609127741307
c3_mas__clustered-n6-t20-o80-s10005__cap32000__Qwen-Qwen3-32B-AWQ,clustered-n6-t20-o80-s10005,c3_mas,32000,1,worker_a,253,614,30,stop,False,10242,10242,20.114544991403818
c3_mas__clustered-n6-t20-o80-s10005__cap32000__Qwen-Qwen3-32B-AWQ,clustered-n6-t20-o80-s10005,c3_mas,32000,2,worker_a,332,414,42,stop,False,9266,9266,14.08240594342351
c3_mas__clustered-n6-t20-o80-s10005__cap32000__Qwen-Qwen3-32B-AWQ,clustered-n6-t20-o80-s10005,c3_mas,32000,3,worker_a,398,239,36,stop,False,8412,8412,8.681255026720464
c3_mas__clustered-n6-t20-o80-s10005__cap32000__Qwen-Qwen3-32B-AWQ,clustered-n6-t20-o80-s10005,c3_mas,32000,4,worker_a,483,618,33,stop,False,7654,7654,20.149902840144932
c3_mas__clustered-n6-t20-o80-s10005__cap32000__Qwen-Qwen3-32B-AWQ,clustered-n6-t20-o80-s10005,c3_mas,32000,5,worker_a,565,935,15,stop,False,6438,6438,29.710418959148228
c3_mas__clustered-n6-t20-o80-s10005__cap32000__Qwen-Qwen3-32B-AWQ,clustered-n6-t20-o80-s10005,c3_mas,32000,6,worker_a,606,848,15,stop,False,4882,4882,27.24959925096482
c3_mas__clustered-n6-t20-o80-s10005__cap32000__Qwen-Qwen3-32B-AWQ,clustered-n6-t20-o80-s10005,c3_mas,32000,7,worker_a,646,830,24,stop,False,3373,3373,26.982198246754706
c3_mas__clustered-n6-t20-o80-s10005__cap32000__Qwen-Qwen3-32B-AWQ,clustered-n6-t20-o80-s10005,c3_mas,32000,8,worker_a,690,834,5,stop,False,1829,1829,26.233602561987936
c3_mas__clustered-n6-t20-o80-s10005__cap32000__Qwen-Qwen3-32B-AWQ,clustered-n6-t20-o80-s10005,c3_mas,32000,9,worker_b,225,1177,7,stop,False,11679,11679,36.67725103907287
c3_mas__clustered-n6-t20-o80-s10005__cap32000__Qwen-Qwen3-32B-AWQ,clustered-n6-t20-o80-s10005,c3_mas,32000,10,worker_b,253,499,32,stop,False,10242,10242,16.647369645535946
c3_mas__clustered-n6-t20-o80-s10005__cap32000__Qwen-Qwen3-32B-AWQ,clustered-n6-t20-o80-s10005,c3_mas,32000,11,worker_b,334,631,10,stop,False,9377,9377,19.831354510970414
c3_mas__clustered-n6-t20-o80-s10005__cap32000__Qwen-Qwen3-32B-AWQ,clustered-n6-t20-o80-s10005,c3_mas,32000,12,worker_b,393,467,10,stop,False,8343,8343,15.032242762856185
c3_mas__clustered-n6-t20-o80-s10005__cap32000__Qwen-Qwen3-32B-AWQ,clustered-n6-t20-o80-s10005,c3_mas,32000,13,worker_b,452,472,43,stop,False,7414,7414,15.97265792824328
c3_mas__clustered-n6-t20-o80-s10005__cap32000__Qwen-Qwen3-32B-AWQ,clustered-n6-t20-o80-s10005,c3_mas,32000,14,worker_b,519,736,13,stop,False,6380,6380,23.328823043964803
c3_mas__clustered-n6-t20-o80-s10005__cap32000__Qwen-Qwen3-32B-AWQ,clustered-n6-t20-o80-s10005,c3_mas,32000,15,worker_b,556,437,13,stop,False,5075,5075,14.16673391778022
c3_mas__clustered-n6-t20-o80-s10005__cap32000__Qwen-Qwen3-32B-AWQ,clustered-n6-t20-o80-s10005,c3_mas,32000,16,worker_b,593,675,15,stop,False,4032,4032,21.37304555159062
c3_mas__clustered-n6-t20-o80-s10005__cap32000__Qwen-Qwen3-32B-AWQ,clustered-n6-t20-o80-s10005,c3_mas,32000,17,worker_b,634,714,53,stop,False,2708,2708,24.093795247375965
c3_mas__clustered-n6-t20-o80-s10005__cap32000__Qwen-Qwen3-32B-AWQ,clustered-n6-t20-o80-s10005,c3_mas,32000,18,worker_b,712,1229,0,length,False,1229,1229,38.41428920440376
c3_mas__clustered-n6-t20-o80-s10005__cap32000__Qwen-Qwen3-32B-AWQ,clustered-n6-t20-o80-s10005,c3_mas,32000,19,critic,457,1935,24,stop,False,8469,8469,60.6582362446934
c3_mas__clustered-n6-t20-o80-s10005__cap32000__Qwen-Qwen3-32B-AWQ,clustered-n6-t20-o80-s10005,c3_mas,32000,20,finalize,109,0,55,stop,False,6657,6657,1.752518029883504
c3_mas__clustered-n6-t20-o80-s10005__cap64000__Qwen-Qwen3-32B-AWQ,clustered-n6-t20-o80-s10005,c3_mas,64000,0,worker_a,225,1177,7,stop,False,23679,23679,36.82267412636429
c3_mas__clustered-n6-t20-o80-s10005__cap64000__Qwen-Qwen3-32B-AWQ,clustered-n6-t20-o80-s10005,c3_mas,64000,1,worker_a,253,614,30,stop,False,22242,22242,19.67628420703113
c3_mas__clustered-n6-t20-o80-s10005__cap64000__Qwen-Qwen3-32B-AWQ,clustered-n6-t20-o80-s10005,c3_mas,64000,2,worker_a,332,414,42,stop,False,21266,21266,13.9978744443506
c3_mas__clustered-n6-t20-o80-s10005__cap64000__Qwen-Qwen3-32B-AWQ,clustered-n6-t20-o80-s10005,c3_mas,64000,3,worker_a,398,239,36,stop,False,20412,20412,8.691878790967166
c3_mas__clustered-n6-t20-o80-s10005__cap64000__Qwen-Qwen3-32B-AWQ,clustered-n6-t20-o80-s10005,c3_mas,64000,4,worker_a,483,618,33,stop,False,19654,19654,20.19200308341533
c3_mas__clustered-n6-t20-o80-s10005__cap64000__Qwen-Qwen3-32B-AWQ,clustered-n6-t20-o80-s10005,c3_mas,64000,5,worker_a,565,907,56,stop,False,18438,18438,30.169508445076644
c3_mas__clustered-n6-t20-o80-s10005__cap64000__Qwen-Qwen3-32B-AWQ,clustered-n6-t20-o80-s10005,c3_mas,64000,6,worker_a,647,776,57,stop,False,16828,16828,26.16107721813023
c3_mas__clustered-n6-t20-o80-s10005__cap64000__Qwen-Qwen3-32B-AWQ,clustered-n6-t20-o80-s10005,c3_mas,64000,7,worker_a,729,950,24,stop,False,15266,15266,30.705019369721413
c3_mas__clustered-n6-t20-o80-s10005__cap64000__Qwen-Qwen3-32B-AWQ,clustered-n6-t20-o80-s10005,c3_mas,64000,8,worker_a,773,562,5,stop,False,13519,13519,18.287911193445325
c3_mas__clustered-n6-t20-o80-s10005__cap64000__Qwen-Qwen3-32B-AWQ,clustered-n6-t20-o80-s10005,c3_mas,64000,9,worker_b,225,1177,7,stop,False,23679,23679,36.41718554403633
c3_mas__clustered-n6-t20-o80-s10005__cap64000__Qwen-Qwen3-32B-AWQ,clustered-n6-t20-o80-s10005,c3_mas,64000,10,worker_b,253,499,32,stop,False,22242,22242,16.541820758022368
c3_mas__clustered-n6-t20-o80-s10005__cap64000__Qwen-Qwen3-32B-AWQ,clustered-n6-t20-o80-s10005,c3_mas,64000,11,worker_b,334,631,10,stop,False,21377,21377,20.222601553425193
c3_mas__clustered-n6-t20-o80-s10005__cap64000__Qwen-Qwen3-32B-AWQ,clustered-n6-t20-o80-s10005,c3_mas,64000,12,worker_b,393,467,10,stop,False,20343,20343,15.234214608557522
c3_mas__clustered-n6-t20-o80-s10005__cap64000__Qwen-Qwen3-32B-AWQ,clustered-n6-t20-o80-s10005,c3_mas,64000,13,worker_b,452,472,43,stop,False,19414,19414,16.36429614573717
c3_mas__clustered-n6-t20-o80-s10005__cap64000__Qwen-Qwen3-32B-AWQ,clustered-n6-t20-o80-s10005,c3_mas,64000,14,worker_b,519,736,13,stop,False,18380,18380,23.303060989826918
c3_mas__clustered-n6-t20-o80-s10005__cap64000__Qwen-Qwen3-32B-AWQ,clustered-n6-t20-o80-s10005,c3_mas,64000,15,worker_b,556,484,13,stop,False,17075,17075,15.367929527536035
c3_mas__clustered-n6-t20-o80-s10005__cap64000__Qwen-Qwen3-32B-AWQ,clustered-n6-t20-o80-s10005,c3_mas,64000,16,worker_b,593,675,15,stop,False,15985,15985,21.536812372505665
c3_mas__clustered-n6-t20-o80-s10005__cap64000__Qwen-Qwen3-32B-AWQ,clustered-n6-t20-o80-s10005,c3_mas,64000,17,worker_b,634,1178,62,stop,False,14661,14661,38.502523384056985
c3_mas__clustered-n6-t20-o80-s10005__cap64000__Qwen-Qwen3-32B-AWQ,clustered-n6-t20-o80-s10005,c3_mas,64000,18,worker_b,721,1208,15,stop,False,12700,12700,38.142450225539505
c3_mas__clustered-n6-t20-o80-s10005__cap64000__Qwen-Qwen3-32B-AWQ,clustered-n6-t20-o80-s10005,c3_mas,64000,19,worker_b,762,2196,63,stop,False,10715,10715,71.4461674913764
c3_mas__clustered-n6-t20-o80-s10005__cap64000__Qwen-Qwen3-32B-AWQ,clustered-n6-t20-o80-s10005,c3_mas,64000,20,worker_b,845,608,5,stop,False,7611,7611,20.01396952010691
c3_mas__clustered-n6-t20-o80-s10005__cap64000__Qwen-Qwen3-32B-AWQ,clustered-n6-t20-o80-s10005,c3_mas,64000,21,critic,756,5353,45,stop,True,35130,32012,175.28479249589145
c3_mas__clustered-n6-t20-o80-s10005__cap64000__Qwen-Qwen3-32B-AWQ,clustered-n6-t20-o80-s10005,c3_mas,64000,22,finalize,130,0,7,stop,False,29858,29858,0.350242136977613
c3_mas__clustered-n6-t20-o80-s10005__cap8000__Qwen-Qwen3-32B-AWQ,clustered-n6-t20-o80-s10005,c3_mas,8000,0,worker_a,225,1177,7,stop,False,2679,2679,39.245496519841254
c3_mas__clustered-n6-t20-o80-s10005__cap8000__Qwen-Qwen3-32B-AWQ,clustered-n6-t20-o80-s10005,c3_mas,8000,1,worker_a,253,614,30,stop,False,1242,1242,21.61224201414734
c3_mas__clustered-n6-t20-o80-s10005__cap8000__Qwen-Qwen3-32B-AWQ,clustered-n6-t20-o80-s10005,c3_mas,8000,2,worker_a,332,266,0,length,False,266,266,9.165220635011792
c3_mas__clustered-n6-t20-o80-s10005__cap8000__Qwen-Qwen3-32B-AWQ,clustered-n6-t20-o80-s10005,c3_mas,8000,3,worker_b,225,1177,7,stop,False,2679,2679,37.54970801528543
c3_mas__clustered-n6-t20-o80-s10005__cap8000__Qwen-Qwen3-32B-AWQ,clustered-n6-t20-o80-s10005,c3_mas,8000,4,worker_b,253,499,32,stop,False,1242,1242,16.410884276032448
c3_mas__clustered-n6-t20-o80-s10005__cap8000__Qwen-Qwen3-32B-AWQ,clustered-n6-t20-o80-s10005,c3_mas,8000,5,worker_b,334,377,0,length,False,377,377,11.840412992052734
c3_mas__clustered-n6-t20-o80-s10005__cap8000__Qwen-Qwen3-32B-AWQ,clustered-n6-t20-o80-s10005,c3_mas,8000,6,finalize,93,0,7,stop,False,2099,2099,0.3241403354331851
c3_mas__clustered-n6-t85-o20-s10005__cap16000__Qwen-Qwen3-32B-AWQ,clustered-n6-t85-o20-s10005,c3_mas,16000,0,worker_a,225,1177,7,stop,False,5679,5679,37.605450510047376
c3_mas__clustered-n6-t85-o20-s10005__cap16000__Qwen-Qwen3-32B-AWQ,clustered-n6-t85-o20-s10005,c3_mas,16000,1,worker_a,253,614,30,stop,False,4242,4242,20.69322325102985
c3_mas__clustered-n6-t85-o20-s10005__cap16000__Qwen-Qwen3-32B-AWQ,clustered-n6-t85-o20-s10005,c3_mas,16000,2,worker_a,333,383,25,stop,False,3265,3265,13.327539425343275
c3_mas__clustered-n6-t85-o20-s10005__cap16000__Qwen-Qwen3-32B-AWQ,clustered-n6-t85-o20-s10005,c3_mas,16000,3,worker_a,408,429,25,stop,False,2449,2449,14.936186184175313
c3_mas__clustered-n6-t85-o20-s10005__cap16000__Qwen-Qwen3-32B-AWQ,clustered-n6-t85-o20-s10005,c3_mas,16000,4,worker_a,483,797,13,stop,False,1512,1512,26.5459723463282
c3_mas__clustered-n6-t85-o20-s10005__cap16000__Qwen-Qwen3-32B-AWQ,clustered-n6-t85-o20-s10005,c3_mas,16000,5,worker_a,520,182,0,length,False,182,182,5.948111029341817
c3_mas__clustered-n6-t85-o20-s10005__cap16000__Qwen-Qwen3-32B-AWQ,clustered-n6-t85-o20-s10005,c3_mas,16000,6,worker_b,225,1177,7,stop,False,5679,5679,36.76442739646882
c3_mas__clustered-n6-t85-o20-s10005__cap16000__Qwen-Qwen3-32B-AWQ,clustered-n6-t85-o20-s10005,c3_mas,16000,7,worker_b,253,499,32,stop,False,4242,4242,17.477342450991273
c3_mas__clustered-n6-t85-o20-s10005__cap16000__Qwen-Qwen3-32B-AWQ,clustered-n6-t85-o20-s10005,c3_mas,16000,8,worker_b,335,375,28,stop,False,3376,3376,12.524888946674764
c3_mas__clustered-n6-t85-o20-s10005__cap16000__Qwen-Qwen3-32B-AWQ,clustered-n6-t85-o20-s10005,c3_mas,16000,9,worker_b,413,554,29,stop,False,2560,2560,18.192295348271728
c3_mas__clustered-n6-t85-o20-s10005__cap16000__Qwen-Qwen3-32B-AWQ,clustered-n6-t85-o20-s10005,c3_mas,16000,10,worker_b,492,789,40,stop,False,1485,1485,26.097953282296658
c3_mas__clustered-n6-t85-o20-s10005__cap16000__Qwen-Qwen3-32B-AWQ,clustered-n6-t85-o20-s10005,c3_mas,16000,11,worker_b,556,100,0,length,False,100,100,3.523198922164738
c3_mas__clustered-n6-t85-o20-s10005__cap16000__Qwen-Qwen3-32B-AWQ,clustered-n6-t85-o20-s10005,c3_mas,16000,12,finalize,93,0,7,stop,False,4099,4099,0.3299305234104395
c3_mas__clustered-n6-t85-o20-s10005__cap32000__Qwen-Qwen3-32B-AWQ,clustered-n6-t85-o20-s10005,c3_mas,32000,0,worker_a,225,1177,7,stop,False,11679,11679,36.621272003278136
c3_mas__clustered-n6-t85-o20-s10005__cap32000__Qwen-Qwen3-32B-AWQ,clustered-n6-t85-o20-s10005,c3_mas,32000,1,worker_a,253,614,30,stop,False,10242,10242,19.769187413156033
c3_mas__clustered-n6-t85-o20-s10005__cap32000__Qwen-Qwen3-32B-AWQ,clustered-n6-t85-o20-s10005,c3_mas,32000,2,worker_a,333,383,25,stop,False,9265,9265,12.730666002258658
c3_mas__clustered-n6-t85-o20-s10005__cap32000__Qwen-Qwen3-32B-AWQ,clustered-n6-t85-o20-s10005,c3_mas,32000,3,worker_a,408,429,25,stop,False,8449,8449,14.298800219781697
c3_mas__clustered-n6-t85-o20-s10005__cap32000__Qwen-Qwen3-32B-AWQ,clustered-n6-t85-o20-s10005,c3_mas,32000,4,worker_a,483,624,13,stop,False,7512,7512,20.130903344601393
c3_mas__clustered-n6-t85-o20-s10005__cap32000__Qwen-Qwen3-32B-AWQ,clustered-n6-t85-o20-s10005,c3_mas,32000,5,worker_a,520,613,42,stop,False,6355,6355,20.736798862926662
c3_mas__clustered-n6-t85-o20-s10005__cap32000__Qwen-Qwen3-32B-AWQ,clustered-n6-t85-o20-s10005,c3_mas,32000,6,worker_a,588,1020,15,stop,False,5112,5112,32.42755153402686
c3_mas__clustered-n6-t85-o20-s10005__cap32000__Qwen-Qwen3-32B-AWQ,clustered-n6-t85-o20-s10005,c3_mas,32000,7,worker_a,628,1923,26,stop,False,3449,3449,61.244494684040546
c3_mas__clustered-n6-t85-o20-s10005__cap32000__Qwen-Qwen3-32B-AWQ,clustered-n6-t85-o20-s10005,c3_mas,32000,8,worker_a,674,751,5,stop,False,826,826,23.782470922917128
c3_mas__clustered-n6-t85-o20-s10005__cap32000__Qwen-Qwen3-32B-AWQ,clustered-n6-t85-o20-s10005,c3_mas,32000,9,worker_b,225,1177,7,stop,False,11679,11679,36.67757967952639
c3_mas__clustered-n6-t85-o20-s10005__cap32000__Qwen-Qwen3-32B-AWQ,clustered-n6-t85-o20-s10005,c3_mas,32000,10,worker_b,253,499,32,stop,False,10242,10242,16.380000258795917
c3_mas__clustered-n6-t85-o20-s10005__cap32000__Qwen-Qwen3-32B-AWQ,clustered-n6-t85-o20-s10005,c3_mas,32000,11,worker_b,335,375,28,stop,False,9376,9376,12.780987554229796
c3_mas__clustered-n6-t85-o20-s10005__cap32000__Qwen-Qwen3-32B-AWQ,clustered-n6-t85-o20-s10005,c3_mas,32000,12,worker_b,413,554,29,stop,False,8560,8560,18.121324356645346
c3_mas__clustered-n6-t85-o20-s10005__cap32000__Qwen-Qwen3-32B-AWQ,clustered-n6-t85-o20-s10005,c3_mas,32000,13,worker_b,492,789,40,stop,False,7485,7485,26.37066380586475
c3_mas__clustered-n6-t85-o20-s10005__cap32000__Qwen-Qwen3-32B-AWQ,clustered-n6-t85-o20-s10005,c3_mas,32000,14,worker_b,556,930,42,stop,False,6100,6100,30.357034573331475
c3_mas__clustered-n6-t85-o20-s10005__cap32000__Qwen-Qwen3-32B-AWQ,clustered-n6-t85-o20-s10005,c3_mas,32000,15,worker_b,623,436,15,stop,False,4505,4505,14.373412718065083
c3_mas__clustered-n6-t85-o20-s10005__cap32000__Qwen-Qwen3-32B-AWQ,clustered-n6-t85-o20-s10005,c3_mas,32000,16,worker_b,664,2735,26,stop,False,3390,3390,87.27280310727656
c3_mas__clustered-n6-t85-o20-s10005__cap32000__Qwen-Qwen3-32B-AWQ,clustered-n6-t85-o20-s10005,c3_mas,32000,17,critic,766,6998,40,stop,False,7869,7869,227.1150957616046
c3_mas__clustered-n6-t85-o20-s10005__cap32000__Qwen-Qwen3-32B-AWQ,clustered-n6-t85-o20-s10005,c3_mas,32000,18,finalize,125,0,91,stop,False,962,962,2.8263781620189548
c3_mas__clustered-n6-t85-o20-s10005__cap64000__Qwen-Qwen3-32B-AWQ,clustered-n6-t85-o20-s10005,c3_mas,64000,0,worker_a,225,1177,7,stop,False,23679,23679,36.79877266660333
c3_mas__clustered-n6-t85-o20-s10005__cap64000__Qwen-Qwen3-32B-AWQ,clustered-n6-t85-o20-s10005,c3_mas,64000,1,worker_a,253,614,30,stop,False,22242,22242,20.266559278592467
c3_mas__clustered-n6-t85-o20-s10005__cap64000__Qwen-Qwen3-32B-AWQ,clustered-n6-t85-o20-s10005,c3_mas,64000,2,worker_a,333,383,25,stop,False,21265,21265,13.055619467049837
c3_mas__clustered-n6-t85-o20-s10005__cap64000__Qwen-Qwen3-32B-AWQ,clustered-n6-t85-o20-s10005,c3_mas,64000,3,worker_a,408,429,25,stop,False,20449,20449,14.64169014338404
c3_mas__clustered-n6-t85-o20-s10005__cap64000__Qwen-Qwen3-32B-AWQ,clustered-n6-t85-o20-s10005,c3_mas,64000,4,worker_a,483,797,13,stop,False,19512,19512,26.22237603738904
c3_mas__clustered-n6-t85-o20-s10005__cap64000__Qwen-Qwen3-32B-AWQ,clustered-n6-t85-o20-s10005,c3_mas,64000,5,worker_a,520,869,15,stop,False,18182,18182,28.13717766944319
c3_mas__clustered-n6-t85-o20-s10005__cap64000__Qwen-Qwen3-32B-AWQ,clustered-n6-t85-o20-s10005,c3_mas,64000,6,worker_a,561,269,15,stop,False,16737,16737,9.068541441112757
c3_mas__clustered-n6-t85-o20-s10005__cap64000__Qwen-Qwen3-32B-AWQ,clustered-n6-t85-o20-s10005,c3_mas,64000,7,worker_a,601,1457,59,stop,False,15852,15852,48.16183802578598
c3_mas__clustered-n6-t85-o20-s10005__cap64000__Qwen-Qwen3-32B-AWQ,clustered-n6-t85-o20-s10005,c3_mas,64000,8,worker_a,680,540,92,stop,False,13656,13656,19.809299049898982
c3_mas__clustered-n6-t85-o20-s10005__cap64000__Qwen-Qwen3-32B-AWQ,clustered-n6-t85-o20-s10005,c3_mas,64000,9,worker_b,225,1177,7,stop,False,23679,23679,37.053251636214554
c3_mas__clustered-n6-t85-o20-s10005__cap64000__Qwen-Qwen3-32B-AWQ,clustered-n6-t85-o20-s10005,c3_mas,64000,10,worker_b,253,499,32,stop,False,22242,22242,16.37648279312998
c3_mas__clustered-n6-t85-o20-s10005__cap64000__Qwen-Qwen3-32B-AWQ,clustered-n6-t85-o20-s10005,c3_mas,64000,11,worker_b,335,375,28,stop,False,21376,21376,12.638333147391677
c3_mas__clustered-n6-t85-o20-s10005__cap64000__Qwen-Qwen3-32B-AWQ,clustered-n6-t85-o20-s10005,c3_mas,64000,12,worker_b,413,554,29,stop,False,20560,20560,18.75507785193622
c3_mas__clustered-n6-t85-o20-s10005__cap64000__Qwen-Qwen3-32B-AWQ,clustered-n6-t85-o20-s10005,c3_mas,64000,13,worker_b,492,789,40,stop,False,19485,19485,25.76571353711188
c3_mas__clustered-n6-t85-o20-s10005__cap64000__Qwen-Qwen3-32B-AWQ,clustered-n6-t85-o20-s10005,c3_mas,64000,14,worker_b,556,846,15,stop,False,18100,18100,26.969816418364644
c3_mas__clustered-n6-t85-o20-s10005__cap64000__Qwen-Qwen3-32B-AWQ,clustered-n6-t85-o20-s10005,c3_mas,64000,15,worker_b,596,1703,26,stop,False,16643,16643,53.40645800437778
c3_mas__clustered-n6-t85-o20-s10005__cap64000__Qwen-Qwen3-32B-AWQ,clustered-n6-t85-o20-s10005,c3_mas,64000,16,worker_b,642,1483,5,stop,False,14272,14272,46.37825072836131
c3_mas__clustered-n6-t85-o20-s10005__cap64000__Qwen-Qwen3-32B-AWQ,clustered-n6-t85-o20-s10005,c3_mas,64000,17,critic,462,754,26,stop,True,41282,32306,24.55520771536976
c3_mas__clustered-n6-t85-o20-s10005__cap64000__Qwen-Qwen3-32B-AWQ,clustered-n6-t85-o20-s10005,c3_mas,64000,18,finalize,111,0,57,stop,True,40647,32657,1.820060827769339
c3_mas__clustered-n6-t85-o20-s10005__cap8000__Qwen-Qwen3-32B-AWQ,clustered-n6-t85-o20-s10005,c3_mas,8000,0,worker_a,225,1177,7,stop,False,2679,2679,39.64553913846612
c3_mas__clustered-n6-t85-o20-s10005__cap8000__Qwen-Qwen3-32B-AWQ,clustered-n6-t85-o20-s10005,c3_mas,8000,1,worker_a,253,614,30,stop,False,1242,1242,22.608181044459343
c3_mas__clustered-n6-t85-o20-s10005__cap8000__Qwen-Qwen3-32B-AWQ,clustered-n6-t85-o20-s10005,c3_mas,8000,2,worker_a,333,265,0,length,False,265,265,8.535369921475649
c3_mas__clustered-n6-t85-o20-s10005__cap8000__Qwen-Qwen3-32B-AWQ,clustered-n6-t85-o20-s10005,c3_mas,8000,3,worker_b,225,1177,7,stop,False,2679,2679,37.52474517002702
c3_mas__clustered-n6-t85-o20-s10005__cap8000__Qwen-Qwen3-32B-AWQ,clustered-n6-t85-o20-s10005,c3_mas,8000,4,worker_b,253,499,32,stop,False,1242,1242,16.41051405481994
c3_mas__clustered-n6-t85-o20-s10005__cap8000__Qwen-Qwen3-32B-AWQ,clustered-n6-t85-o20-s10005,c3_mas,8000,5,worker_b,335,375,1,length,False,376,376,11.601265267468989
c3_mas__clustered-n6-t85-o20-s10005__cap8000__Qwen-Qwen3-32B-AWQ,clustered-n6-t85-o20-s10005,c3_mas,8000,6,finalize,93,0,7,stop,False,2099,2099,0.3187438379973173
c3_mas__clustered-n8-t100-o20-s10005__cap16000__Qwen-Qwen3-32B-AWQ,clustered-n8-t100-o20-s10005,c3_mas,16000,0,worker_a,225,1177,7,stop,False,5679,5679,38.09488862846047
c3_mas__clustered-n8-t100-o20-s10005__cap16000__Qwen-Qwen3-32B-AWQ,clustered-n8-t100-o20-s10005,c3_mas,16000,1,worker_a,256,394,10,stop,False,4239,4239,12.727735368534923
c3_mas__clustered-n8-t100-o20-s10005__cap16000__Qwen-Qwen3-32B-AWQ,clustered-n8-t100-o20-s10005,c3_mas,16000,2,worker_a,316,359,53,stop,False,3519,3519,13.090937649831176
c3_mas__clustered-n8-t100-o20-s10005__cap16000__Qwen-Qwen3-32B-AWQ,clustered-n8-t100-o20-s10005,c3_mas,16000,3,worker_a,393,205,10,stop,False,2714,2714,7.016296129673719
c3_mas__clustered-n8-t100-o20-s10005__cap16000__Qwen-Qwen3-32B-AWQ,clustered-n8-t100-o20-s10005,c3_mas,16000,4,worker_a,452,539,51,stop,False,2047,2047,18.935286491177976
c3_mas__clustered-n8-t100-o20-s10005__cap16000__Qwen-Qwen3-32B-AWQ,clustered-n8-t100-o20-s10005,c3_mas,16000,5,worker_a,527,380,10,stop,False,930,930,12.75869601033628
c3_mas__clustered-n8-t100-o20-s10005__cap16000__Qwen-Qwen3-32B-AWQ,clustered-n8-t100-o20-s10005,c3_mas,16000,6,worker_b,225,1177,7,stop,False,5679,5679,39.23511035274714
c3_mas__clustered-n8-t100-o20-s10005__cap16000__Qwen-Qwen3-32B-AWQ,clustered-n8-t100-o20-s10005,c3_mas,16000,7,worker_b,256,1108,31,stop,False,4239,4239,37.292231447063386
c3_mas__clustered-n8-t100-o20-s10005__cap16000__Qwen-Qwen3-32B-AWQ,clustered-n8-t100-o20-s10005,c3_mas,16000,8,worker_b,337,643,51,stop,False,2763,2763,21.54934857506305
c3_mas__clustered-n8-t100-o20-s10005__cap16000__Qwen-Qwen3-32B-AWQ,clustered-n8-t100-o20-s10005,c3_mas,16000,9,worker_b,412,416,84,stop,False,1657,1657,15.366334347985685
c3_mas__clustered-n8-t100-o20-s10005__cap16000__Qwen-Qwen3-32B-AWQ,clustered-n8-t100-o20-s10005,c3_mas,16000,10,worker_b,546,229,66,stop,False,611,611,9.355627699755132
c3_mas__clustered-n8-t100-o20-s10005__cap16000__Qwen-Qwen3-32B-AWQ,clustered-n8-t100-o20-s10005,c3_mas,16000,11,finalize,93,0,7,stop,False,4955,4955,0.3167145475745201
c3_mas__clustered-n8-t100-o20-s10005__cap32000__Qwen-Qwen3-32B-AWQ,clustered-n8-t100-o20-s10005,c3_mas,32000,0,worker_a,225,1177,7,stop,False,11679,11679,37.17390932608396
c3_mas__clustered-n8-t100-o20-s10005__cap32000__Qwen-Qwen3-32B-AWQ,clustered-n8-t100-o20-s10005,c3_mas,32000,1,worker_a,256,394,10,stop,False,10239,10239,12.459168720059097
c3_mas__clustered-n8-t100-o20-s10005__cap32000__Qwen-Qwen3-32B-AWQ,clustered-n8-t100-o20-s10005,c3_mas,32000,2,worker_a,316,359,53,stop,False,9519,9519,12.79139805212617
c3_mas__clustered-n8-t100-o20-s10005__cap32000__Qwen-Qwen3-32B-AWQ,clustered-n8-t100-o20-s10005,c3_mas,32000,3,worker_a,393,205,10,stop,False,8714,8714,6.875124050304294
c3_mas__clustered-n8-t100-o20-s10005__cap32000__Qwen-Qwen3-32B-AWQ,clustered-n8-t100-o20-s10005,c3_mas,32000,4,worker_a,452,539,51,stop,False,8047,8047,18.525992823764682
c3_mas__clustered-n8-t100-o20-s10005__cap32000__Qwen-Qwen3-32B-AWQ,clustered-n8-t100-o20-s10005,c3_mas,32000,5,worker_a,527,380,10,stop,False,6930,6930,12.474391862750053
c3_mas__clustered-n8-t100-o20-s10005__cap32000__Qwen-Qwen3-32B-AWQ,clustered-n8-t100-o20-s10005,c3_mas,32000,6,worker_a,587,681,35,stop,False,5953,5953,22.864656086079776
c3_mas__clustered-n8-t100-o20-s10005__cap32000__Qwen-Qwen3-32B-AWQ,clustered-n8-t100-o20-s10005,c3_mas,32000,7,worker_a,646,146,10,stop,False,4591,4591,5.363344899378717
c3_mas__clustered-n8-t100-o20-s10005__cap32000__Qwen-Qwen3-32B-AWQ,clustered-n8-t100-o20-s10005,c3_mas,32000,8,worker_a,706,3729,0,length,False,3729,3729,118.77040397375822
c3_mas__clustered-n8-t100-o20-s10005__cap32000__Qwen-Qwen3-32B-AWQ,clustered-n8-t100-o20-s10005,c3_mas,32000,9,worker_b,225,1177,7,stop,False,11679,11679,36.98050894308835
c3_mas__clustered-n8-t100-o20-s10005__cap32000__Qwen-Qwen3-32B-AWQ,clustered-n8-t100-o20-s10005,c3_mas,32000,10,worker_b,256,1108,31,stop,False,10239,10239,35.033432555384934
c3_mas__clustered-n8-t100-o20-s10005__cap32000__Qwen-Qwen3-32B-AWQ,clustered-n8-t100-o20-s10005,c3_mas,32000,11,worker_b,337,643,51,stop,False,8763,8763,21.820953090675175
c3_mas__clustered-n8-t100-o20-s10005__cap32000__Qwen-Qwen3-32B-AWQ,clustered-n8-t100-o20-s10005,c3_mas,32000,12,worker_b,412,416,84,stop,False,7657,7657,15.515180013142526
c3_mas__clustered-n8-t100-o20-s10005__cap32000__Qwen-Qwen3-32B-AWQ,clustered-n8-t100-o20-s10005,c3_mas,32000,13,worker_b,546,229,66,stop,False,6611,6611,9.440246547572315
c3_mas__clustered-n8-t100-o20-s10005__cap32000__Qwen-Qwen3-32B-AWQ,clustered-n8-t100-o20-s10005,c3_mas,32000,14,worker_b,638,195,10,stop,False,5678,5678,6.749645343050361
c3_mas__clustered-n8-t100-o20-s10005__cap32000__Qwen-Qwen3-32B-AWQ,clustered-n8-t100-o20-s10005,c3_mas,32000,15,worker_b,696,766,62,stop,False,4777,4777,25.69263582676649
c3_mas__clustered-n8-t100-o20-s10005__cap32000__Qwen-Qwen3-32B-AWQ,clustered-n8-t100-o20-s10005,c3_mas,32000,16,worker_b,782,1290,10,stop,False,3167,3167,40.69147757720202
c3_mas__clustered-n8-t100-o20-s10005__cap32000__Qwen-Qwen3-32B-AWQ,clustered-n8-t100-o20-s10005,c3_mas,32000,17,worker_b,842,1025,0,length,False,1025,1025,32.33276383113116
c3_mas__clustered-n8-t100-o20-s10005__cap32000__Qwen-Qwen3-32B-AWQ,clustered-n8-t100-o20-s10005,c3_mas,32000,18,finalize,93,0,7,stop,False,8099,8099,0.31723563373088837
c3_mas__clustered-n8-t100-o20-s10005__cap64000__Qwen-Qwen3-32B-AWQ,clustered-n8-t100-o20-s10005,c3_mas,64000,0,worker_a,225,1177,7,stop,False,23679,23679,36.54047200921923
c3_mas__clustered-n8-t100-o20-s10005__cap64000__Qwen-Qwen3-32B-AWQ,clustered-n8-t100-o20-s10005,c3_mas,64000,1,worker_a,256,394,10,stop,False,22239,22239,12.400421500205994
c3_mas__clustered-n8-t100-o20-s10005__cap64000__Qwen-Qwen3-32B-AWQ,clustered-n8-t100-o20-s10005,c3_mas,64000,2,worker_a,316,359,53,stop,False,21519,21519,13.121718333102763
c3_mas__clustered-n8-t100-o20-s10005__cap64000__Qwen-Qwen3-32B-AWQ,clustered-n8-t100-o20-s10005,c3_mas,64000,3,worker_a,393,205,10,stop,False,20714,20714,6.7734191147610545
c3_mas__clustered-n8-t100-o20-s10005__cap64000__Qwen-Qwen3-32B-AWQ,clustered-n8-t100-o20-s10005,c3_mas,64000,4,worker_a,452,539,51,stop,False,20047,20047,18.265922910533845
c3_mas__clustered-n8-t100-o20-s10005__cap64000__Qwen-Qwen3-32B-AWQ,clustered-n8-t100-o20-s10005,c3_mas,64000,5,worker_a,527,380,10,stop,False,18930,18930,12.314248511567712
c3_mas__clustered-n8-t100-o20-s10005__cap64000__Qwen-Qwen3-32B-AWQ,clustered-n8-t100-o20-s10005,c3_mas,64000,6,worker_a,587,681,35,stop,False,17953,17953,22.76396890450269
c3_mas__clustered-n8-t100-o20-s10005__cap64000__Qwen-Qwen3-32B-AWQ,clustered-n8-t100-o20-s10005,c3_mas,64000,7,worker_a,646,146,10,stop,False,16591,16591,5.1934443628415465
c3_mas__clustered-n8-t100-o20-s10005__cap64000__Qwen-Qwen3-32B-AWQ,clustered-n8-t100-o20-s10005,c3_mas,64000,8,worker_a,706,5907,41,stop,False,15729,15729,191.32605687249452
c3_mas__clustered-n8-t100-o20-s10005__cap64000__Qwen-Qwen3-32B-AWQ,clustered-n8-t100-o20-s10005,c3_mas,64000,9,worker_a,771,5468,25,stop,False,9010,9010,176.42727895546705
c3_mas__clustered-n8-t100-o20-s10005__cap64000__Qwen-Qwen3-32B-AWQ,clustered-n8-t100-o20-s10005,c3_mas,64000,10,worker_a,816,1672,720,stop,False,2701,2701,75.26124516595155
c3_mas__clustered-n8-t100-o20-s10005__cap64000__Qwen-Qwen3-32B-AWQ,clustered-n8-t100-o20-s10005,c3_mas,64000,11,worker_b,225,1177,7,stop,False,23679,23679,36.41287108976394
c3_mas__clustered-n8-t100-o20-s10005__cap64000__Qwen-Qwen3-32B-AWQ,clustered-n8-t100-o20-s10005,c3_mas,64000,12,worker_b,256,1108,31,stop,False,22239,22239,34.79040028806776
c3_mas__clustered-n8-t100-o20-s10005__cap64000__Qwen-Qwen3-32B-AWQ,clustered-n8-t100-o20-s10005,c3_mas,64000,13,worker_b,337,643,51,stop,False,20763,20763,21.40935669466853
c3_mas__clustered-n8-t100-o20-s10005__cap64000__Qwen-Qwen3-32B-AWQ,clustered-n8-t100-o20-s10005,c3_mas,64000,14,worker_b,412,416,84,stop,False,19657,19657,15.344130542129278
c3_mas__clustered-n8-t100-o20-s10005__cap64000__Qwen-Qwen3-32B-AWQ,clustered-n8-t100-o20-s10005,c3_mas,64000,15,worker_b,546,229,66,stop,False,18611,18611,9.345811468549073
c3_mas__clustered-n8-t100-o20-s10005__cap64000__Qwen-Qwen3-32B-AWQ,clustered-n8-t100-o20-s10005,c3_mas,64000,16,worker_b,638,195,10,stop,False,17678,17678,6.8173185512423515
c3_mas__clustered-n8-t100-o20-s10005__cap64000__Qwen-Qwen3-32B-AWQ,clustered-n8-t100-o20-s10005,c3_mas,64000,17,worker_b,696,541,59,stop,False,16777,16777,18.89015557896346
c3_mas__clustered-n8-t100-o20-s10005__cap64000__Qwen-Qwen3-32B-AWQ,clustered-n8-t100-o20-s10005,c3_mas,64000,18,worker_b,779,1084,10,stop,False,15398,15398,34.20215925388038
c3_mas__clustered-n8-t100-o20-s10005__cap64000__Qwen-Qwen3-32B-AWQ,clustered-n8-t100-o20-s10005,c3_mas,64000,19,worker_b,839,2097,50,stop,False,13465,13465,67.49590775649995
c3_mas__clustered-n8-t100-o20-s10005__cap64000__Qwen-Qwen3-32B-AWQ,clustered-n8-t100-o20-s10005,c3_mas,64000,20,worker_b,914,4111,25,stop,False,10404,10404,132.96569024957716
c3_mas__clustered-n8-t100-o20-s10005__cap64000__Qwen-Qwen3-32B-AWQ,clustered-n8-t100-o20-s10005,c3_mas,64000,21,worker_b,959,5233,5,stop,False,5309,5309,167.12456185836345
c3_mas__clustered-n8-t100-o20-s10005__cap64000__Qwen-Qwen3-32B-AWQ,clustered-n8-t100-o20-s10005,c3_mas,64000,22,critic,757,8537,32,stop,False,15559,15559,279.36905368231237
c3_mas__clustered-n8-t100-o20-s10005__cap64000__Qwen-Qwen3-32B-AWQ,clustered-n8-t100-o20-s10005,c3_mas,64000,23,finalize,117,0,73,stop,False,7129,7129,2.2964711990207434
c3_mas__clustered-n8-t100-o20-s10005__cap8000__Qwen-Qwen3-32B-AWQ,clustered-n8-t100-o20-s10005,c3_mas,8000,0,worker_a,225,1177,7,stop,False,2679,2679,36.791260497644544
c3_mas__clustered-n8-t100-o20-s10005__cap8000__Qwen-Qwen3-32B-AWQ,clustered-n8-t100-o20-s10005,c3_mas,8000,1,worker_a,256,394,10,stop,False,1239,1239,12.872367618605494
c3_mas__clustered-n8-t100-o20-s10005__cap8000__Qwen-Qwen3-32B-AWQ,clustered-n8-t100-o20-s10005,c3_mas,8000,2,worker_a,316,359,53,stop,False,519,519,12.715275161899626
c3_mas__clustered-n8-t100-o20-s10005__cap8000__Qwen-Qwen3-32B-AWQ,clustered-n8-t100-o20-s10005,c3_mas,8000,3,worker_b,225,1177,7,stop,False,2679,2679,36.53988475073129
c3_mas__clustered-n8-t100-o20-s10005__cap8000__Qwen-Qwen3-32B-AWQ,clustered-n8-t100-o20-s10005,c3_mas,8000,4,worker_b,256,1108,31,stop,False,1239,1239,35.70399369020015
c3_mas__clustered-n8-t100-o20-s10005__cap8000__Qwen-Qwen3-32B-AWQ,clustered-n8-t100-o20-s10005,c3_mas,8000,5,finalize,93,0,7,stop,False,2306,2306,0.3285112427547574
c3_mas__clustered-n8-t100-o80-s10005__cap16000__Qwen-Qwen3-32B-AWQ,clustered-n8-t100-o80-s10005,c3_mas,16000,0,worker_a,225,1177,7,stop,False,5679,5679,36.20912285801023
c3_mas__clustered-n8-t100-o80-s10005__cap16000__Qwen-Qwen3-32B-AWQ,clustered-n8-t100-o80-s10005,c3_mas,16000,1,worker_a,256,394,10,stop,False,4239,4239,12.394846675917506
c3_mas__clustered-n8-t100-o80-s10005__cap16000__Qwen-Qwen3-32B-AWQ,clustered-n8-t100-o80-s10005,c3_mas,16000,2,worker_a,316,1627,32,stop,False,3519,3519,51.22890911530703
c3_mas__clustered-n8-t100-o80-s10005__cap16000__Qwen-Qwen3-32B-AWQ,clustered-n8-t100-o80-s10005,c3_mas,16000,3,worker_a,398,540,30,stop,False,1462,1462,17.70504079107195
c3_mas__clustered-n8-t100-o80-s10005__cap16000__Qwen-Qwen3-32B-AWQ,clustered-n8-t100-o80-s10005,c3_mas,16000,4,worker_a,478,414,0,length,False,414,414,12.800667273811996
c3_mas__clustered-n8-t100-o80-s10005__cap16000__Qwen-Qwen3-32B-AWQ,clustered-n8-t100-o80-s10005,c3_mas,16000,5,worker_b,225,1532,7,stop,False,5679,5679,47.14663796965033
c3_mas__clustered-n8-t100-o80-s10005__cap16000__Qwen-Qwen3-32B-AWQ,clustered-n8-t100-o80-s10005,c3_mas,16000,6,worker_b,256,1108,31,stop,False,3884,3884,34.950636950321496
c3_mas__clustered-n8-t100-o80-s10005__cap16000__Qwen-Qwen3-32B-AWQ,clustered-n8-t100-o80-s10005,c3_mas,16000,7,worker_b,337,467,27,stop,False,2408,2408,15.159503786824644
c3_mas__clustered-n8-t100-o80-s10005__cap16000__Qwen-Qwen3-32B-AWQ,clustered-n8-t100-o80-s10005,c3_mas,16000,8,worker_b,414,1261,25,stop,False,1500,1500,39.744650525040925
c3_mas__clustered-n8-t100-o80-s10005__cap16000__Qwen-Qwen3-32B-AWQ,clustered-n8-t100-o80-s10005,c3_mas,16000,9,finalize,93,0,7,stop,False,4313,4313,0.3162491098046303
c3_mas__clustered-n8-t100-o80-s10005__cap32000__Qwen-Qwen3-32B-AWQ,clustered-n8-t100-o80-s10005,c3_mas,32000,0,worker_a,225,1177,7,stop,False,11679,11679,37.072276822291315
c3_mas__clustered-n8-t100-o80-s10005__cap32000__Qwen-Qwen3-32B-AWQ,clustered-n8-t100-o80-s10005,c3_mas,32000,1,worker_a,256,394,10,stop,False,10239,10239,12.69707475695759
c3_mas__clustered-n8-t100-o80-s10005__cap32000__Qwen-Qwen3-32B-AWQ,clustered-n8-t100-o80-s10005,c3_mas,32000,2,worker_a,316,1532,13,stop,False,9519,9519,47.79646925441921
c3_mas__clustered-n8-t100-o80-s10005__cap32000__Qwen-Qwen3-32B-AWQ,clustered-n8-t100-o80-s10005,c3_mas,32000,3,worker_a,353,297,10,stop,False,7621,7621,9.644693010486662
c3_mas__clustered-n8-t100-o80-s10005__cap32000__Qwen-Qwen3-32B-AWQ,clustered-n8-t100-o80-s10005,c3_mas,32000,4,worker_a,413,1681,13,stop,False,6901,6901,53.222037519328296
c3_mas__clustered-n8-t100-o80-s10005__cap32000__Qwen-Qwen3-32B-AWQ,clustered-n8-t100-o80-s10005,c3_mas,32000,5,worker_a,450,836,10,stop,False,4757,4757,25.887744885869324
c3_mas__clustered-n8-t100-o80-s10005__cap32000__Qwen-Qwen3-32B-AWQ,clustered-n8-t100-o80-s10005,c3_mas,32000,6,worker_a,510,790,13,stop,False,3401,3401,24.95772453583777
c3_mas__clustered-n8-t100-o80-s10005__cap32000__Qwen-Qwen3-32B-AWQ,clustered-n8-t100-o80-s10005,c3_mas,32000,7,worker_a,547,509,10,stop,False,2051,2051,16.263989880681038
c3_mas__clustered-n8-t100-o80-s10005__cap32000__Qwen-Qwen3-32B-AWQ,clustered-n8-t100-o80-s10005,c3_mas,32000,8,worker_a,607,925,0,length,False,925,925,28.718712851405144
c3_mas__clustered-n8-t100-o80-s10005__cap32000__Qwen-Qwen3-32B-AWQ,clustered-n8-t100-o80-s10005,c3_mas,32000,9,worker_b,225,1177,7,stop,False,11679,11679,36.32720704842359
c3_mas__clustered-n8-t100-o80-s10005__cap32000__Qwen-Qwen3-32B-AWQ,clustered-n8-t100-o80-s10005,c3_mas,32000,10,worker_b,256,1108,31,stop,False,10239,10239,35.379659426398575
c3_mas__clustered-n8-t100-o80-s10005__cap32000__Qwen-Qwen3-32B-AWQ,clustered-n8-t100-o80-s10005,c3_mas,32000,11,worker_b,337,467,27,stop,False,8763,8763,15.23205013293773
c3_mas__clustered-n8-t100-o80-s10005__cap32000__Qwen-Qwen3-32B-AWQ,clustered-n8-t100-o80-s10005,c3_mas,32000,12,worker_b,414,881,26,stop,False,7855,7855,29.868557579815388
c3_mas__clustered-n8-t100-o80-s10005__cap32000__Qwen-Qwen3-32B-AWQ,clustered-n8-t100-o80-s10005,c3_mas,32000,13,worker_b,490,181,26,stop,False,6458,6458,6.681653935462236
c3_mas__clustered-n8-t100-o80-s10005__cap32000__Qwen-Qwen3-32B-AWQ,clustered-n8-t100-o80-s10005,c3_mas,32000,14,worker_b,566,675,47,stop,False,5685,5685,22.2940244814381
c3_mas__clustered-n8-t100-o80-s10005__cap32000__Qwen-Qwen3-32B-AWQ,clustered-n8-t100-o80-s10005,c3_mas,32000,15,worker_b,637,766,15,stop,False,4326,4326,24.263824600726366
c3_mas__clustered-n8-t100-o80-s10005__cap32000__Qwen-Qwen3-32B-AWQ,clustered-n8-t100-o80-s10005,c3_mas,32000,16,worker_b,678,1877,15,stop,False,2867,2867,59.05939642060548
c3_mas__clustered-n8-t100-o80-s10005__cap32000__Qwen-Qwen3-32B-AWQ,clustered-n8-t100-o80-s10005,c3_mas,32000,17,worker_b,718,257,0,length,False,257,257,8.345824751071632
c3_mas__clustered-n8-t100-o80-s10005__cap32000__Qwen-Qwen3-32B-AWQ,clustered-n8-t100-o80-s10005,c3_mas,32000,18,finalize,93,0,7,stop,False,8099,8099,0.32206984888762236
c3_mas__clustered-n8-t100-o80-s10005__cap64000__Qwen-Qwen3-32B-AWQ,clustered-n8-t100-o80-s10005,c3_mas,64000,0,worker_a,225,754,24,stop,False,23679,23679,23.961854272522032
c3_mas__clustered-n8-t100-o80-s10005__cap64000__Qwen-Qwen3-32B-AWQ,clustered-n8-t100-o80-s10005,c3_mas,64000,1,worker_a,273,5790,29,stop,False,22628,22628,184.66560981795192
c3_mas__clustered-n8-t100-o80-s10005__cap64000__Qwen-Qwen3-32B-AWQ,clustered-n8-t100-o80-s10005,c3_mas,64000,2,worker_a,352,770,45,stop,False,16457,16457,25.16621746402234
c3_mas__clustered-n8-t100-o80-s10005__cap64000__Qwen-Qwen3-32B-AWQ,clustered-n8-t100-o80-s10005,c3_mas,64000,3,worker_a,421,532,81,stop,False,15221,15221,19.037476257421076
c3_mas__clustered-n8-t100-o80-s10005__cap64000__Qwen-Qwen3-32B-AWQ,clustered-n8-t100-o80-s10005,c3_mas,64000,4,worker_a,552,1061,39,stop,False,14056,14056,33.97170988842845
c3_mas__clustered-n8-t100-o80-s10005__cap64000__Qwen-Qwen3-32B-AWQ,clustered-n8-t100-o80-s10005,c3_mas,64000,5,worker_a,615,873,102,stop,False,12341,12341,30.412333979271352
c3_mas__clustered-n8-t100-o80-s10005__cap64000__Qwen-Qwen3-32B-AWQ,clustered-n8-t100-o80-s10005,c3_mas,64000,6,worker_a,743,1209,29,stop,False,10623,10623,38.64139248710126
c3_mas__clustered-n8-t100-o80-s10005__cap64000__Qwen-Qwen3-32B-AWQ,clustered-n8-t100-o80-s10005,c3_mas,64000,7,worker_a,822,1299,27,stop,False,8563,8563,41.60477730818093
c3_mas__clustered-n8-t100-o80-s10005__cap64000__Qwen-Qwen3-32B-AWQ,clustered-n8-t100-o80-s10005,c3_mas,64000,8,worker_a,899,5148,56,stop,False,6338,6338,167.6776598757133
c3_mas__clustered-n8-t100-o80-s10005__cap64000__Qwen-Qwen3-32B-AWQ,clustered-n8-t100-o80-s10005,c3_mas,64000,9,worker_a,979,155,0,length,False,155,155,5.390416753478348
c3_mas__clustered-n8-t100-o80-s10005__cap64000__Qwen-Qwen3-32B-AWQ,clustered-n8-t100-o80-s10005,c3_mas,64000,10,worker_b,225,1177,7,stop,False,23679,23679,36.415328685194254
c3_mas__clustered-n8-t100-o80-s10005__cap64000__Qwen-Qwen3-32B-AWQ,clustered-n8-t100-o80-s10005,c3_mas,64000,11,worker_b,256,1108,31,stop,False,22239,22239,35.610136969015
c3_mas__clustered-n8-t100-o80-s10005__cap64000__Qwen-Qwen3-32B-AWQ,clustered-n8-t100-o80-s10005,c3_mas,64000,12,worker_b,337,467,27,stop,False,20763,20763,15.724352393299341
c3_mas__clustered-n8-t100-o80-s10005__cap64000__Qwen-Qwen3-32B-AWQ,clustered-n8-t100-o80-s10005,c3_mas,64000,13,worker_b,414,1261,25,stop,False,19855,19855,39.74380410462618
c3_mas__clustered-n8-t100-o80-s10005__cap64000__Qwen-Qwen3-32B-AWQ,clustered-n8-t100-o80-s10005,c3_mas,64000,14,worker_b,489,1175,25,stop,False,18080,18080,37.24408768955618
c3_mas__clustered-n8-t100-o80-s10005__cap64000__Qwen-Qwen3-32B-AWQ,clustered-n8-t100-o80-s10005,c3_mas,64000,15,worker_b,564,7233,19,stop,False,16316,16316,233.29308324027807
c3_mas__clustered-n8-t100-o80-s10005__cap64000__Qwen-Qwen3-32B-AWQ,clustered-n8-t100-o80-s10005,c3_mas,64000,16,worker_b,603,1274,46,stop,False,8461,8461,40.86550443805754
c3_mas__clustered-n8-t100-o80-s10005__cap64000__Qwen-Qwen3-32B-AWQ,clustered-n8-t100-o80-s10005,c3_mas,64000,17,worker_b,673,1054,51,stop,False,6468,6468,34.78354806732386
c3_mas__clustered-n8-t100-o80-s10005__cap64000__Qwen-Qwen3-32B-AWQ,clustered-n8-t100-o80-s10005,c3_mas,64000,18,worker_b,750,1283,165,stop,False,4613,4613,45.35186729580164
c3_mas__clustered-n8-t100-o80-s10005__cap64000__Qwen-Qwen3-32B-AWQ,clustered-n8-t100-o80-s10005,c3_mas,64000,19,worker_b,940,2225,0,length,False,2225,2225,69.8780214143917
c3_mas__clustered-n8-t100-o80-s10005__cap64000__Qwen-Qwen3-32B-AWQ,clustered-n8-t100-o80-s10005,c3_mas,64000,20,critic,390,1066,19,stop,False,15546,15546,33.28279355913401
c3_mas__clustered-n8-t100-o80-s10005__cap64000__Qwen-Qwen3-32B-AWQ,clustered-n8-t100-o80-s10005,c3_mas,64000,21,finalize,104,0,40,stop,False,14613,14613,1.3040526900440454
c3_mas__clustered-n8-t100-o80-s10005__cap8000__Qwen-Qwen3-32B-AWQ,clustered-n8-t100-o80-s10005,c3_mas,8000,0,worker_a,225,1177,7,stop,False,2679,2679,37.08476216997951
c3_mas__clustered-n8-t100-o80-s10005__cap8000__Qwen-Qwen3-32B-AWQ,clustered-n8-t100-o80-s10005,c3_mas,8000,1,worker_a,256,394,10,stop,False,1239,1239,12.594744481146336
c3_mas__clustered-n8-t100-o80-s10005__cap8000__Qwen-Qwen3-32B-AWQ,clustered-n8-t100-o80-s10005,c3_mas,8000,2,worker_a,316,519,0,length,False,519,519,16.981213237158954
c3_mas__clustered-n8-t100-o80-s10005__cap8000__Qwen-Qwen3-32B-AWQ,clustered-n8-t100-o80-s10005,c3_mas,8000,3,worker_b,225,1177,7,stop,False,2679,2679,38.00527808535844
c3_mas__clustered-n8-t100-o80-s10005__cap8000__Qwen-Qwen3-32B-AWQ,clustered-n8-t100-o80-s10005,c3_mas,8000,4,worker_b,256,1108,31,stop,False,1239,1239,35.319699710235
c3_mas__clustered-n8-t100-o80-s10005__cap8000__Qwen-Qwen3-32B-AWQ,clustered-n8-t100-o80-s10005,c3_mas,8000,5,finalize,93,0,7,stop,False,2199,2199,0.32456295751035213
c3_mas__clustered-n8-t20-o20-s10005__cap16000__Qwen-Qwen3-32B-AWQ,clustered-n8-t20-o20-s10005,c3_mas,16000,0,worker_a,225,1532,7,stop,False,5679,5679,47.55100595392287
c3_mas__clustered-n8-t20-o20-s10005__cap16000__Qwen-Qwen3-32B-AWQ,clustered-n8-t20-o20-s10005,c3_mas,16000,1,worker_a,256,394,10,stop,False,3884,3884,12.595762030221522
c3_mas__clustered-n8-t20-o20-s10005__cap16000__Qwen-Qwen3-32B-AWQ,clustered-n8-t20-o20-s10005,c3_mas,16000,2,worker_a,315,266,13,stop,False,3165,3165,8.8090602401644
c3_mas__clustered-n8-t20-o20-s10005__cap16000__Qwen-Qwen3-32B-AWQ,clustered-n8-t20-o20-s10005,c3_mas,16000,3,worker_a,352,546,10,stop,False,2534,2534,17.484915995039046
c3_mas__clustered-n8-t20-o20-s10005__cap16000__Qwen-Qwen3-32B-AWQ,clustered-n8-t20-o20-s10005,c3_mas,16000,4,worker_a,411,497,13,stop,False,1567,1567,16.216395691037178
c3_mas__clustered-n8-t20-o20-s10005__cap16000__Qwen-Qwen3-32B-AWQ,clustered-n8-t20-o20-s10005,c3_mas,16000,5,worker_a,448,609,0,length,False,609,609,19.27810493018478
c3_mas__clustered-n8-t20-o20-s10005__cap16000__Qwen-Qwen3-32B-AWQ,clustered-n8-t20-o20-s10005,c3_mas,16000,6,worker_b,225,1177,7,stop,False,5679,5679,36.251802099868655
c3_mas__clustered-n8-t20-o20-s10005__cap16000__Qwen-Qwen3-32B-AWQ,clustered-n8-t20-o20-s10005,c3_mas,16000,7,worker_b,256,1108,31,stop,False,4239,4239,35.41260099411011
c3_mas__clustered-n8-t20-o20-s10005__cap16000__Qwen-Qwen3-32B-AWQ,clustered-n8-t20-o20-s10005,c3_mas,16000,8,worker_b,336,695,25,stop,False,2764,2764,22.718875965103507
c3_mas__clustered-n8-t20-o20-s10005__cap16000__Qwen-Qwen3-32B-AWQ,clustered-n8-t20-o20-s10005,c3_mas,16000,9,worker_b,410,694,27,stop,False,1634,1634,23.017036117613316
c3_mas__clustered-n8-t20-o20-s10005__cap16000__Qwen-Qwen3-32B-AWQ,clustered-n8-t20-o20-s10005,c3_mas,16000,10,worker_b,486,329,29,stop,False,427,427,11.693266621790826
c3_mas__clustered-n8-t20-o20-s10005__cap16000__Qwen-Qwen3-32B-AWQ,clustered-n8-t20-o20-s10005,c3_mas,16000,11,finalize,93,0,7,stop,False,4168,4168,0.3387219915166497
c3_mas__clustered-n8-t20-o20-s10005__cap32000__Qwen-Qwen3-32B-AWQ,clustered-n8-t20-o20-s10005,c3_mas,32000,0,worker_a,225,736,7,stop,False,11679,11679,22.828320967033505
c3_mas__clustered-n8-t20-o20-s10005__cap32000__Qwen-Qwen3-32B-AWQ,clustered-n8-t20-o20-s10005,c3_mas,32000,1,worker_a,256,394,10,stop,False,10680,10680,12.501607051119208
c3_mas__clustered-n8-t20-o20-s10005__cap32000__Qwen-Qwen3-32B-AWQ,clustered-n8-t20-o20-s10005,c3_mas,32000,2,worker_a,315,266,13,stop,False,9961,9961,8.5719332434237
c3_mas__clustered-n8-t20-o20-s10005__cap32000__Qwen-Qwen3-32B-AWQ,clustered-n8-t20-o20-s10005,c3_mas,32000,3,worker_a,352,880,10,stop,False,9330,9330,27.28363085910678
c3_mas__clustered-n8-t20-o20-s10005__cap32000__Qwen-Qwen3-32B-AWQ,clustered-n8-t20-o20-s10005,c3_mas,32000,4,worker_a,411,497,13,stop,False,8029,8029,15.858108390122652
c3_mas__clustered-n8-t20-o20-s10005__cap32000__Qwen-Qwen3-32B-AWQ,clustered-n8-t20-o20-s10005,c3_mas,32000,5,worker_a,448,933,10,stop,False,7071,7071,28.969672739505768
c3_mas__clustered-n8-t20-o20-s10005__cap32000__Qwen-Qwen3-32B-AWQ,clustered-n8-t20-o20-s10005,c3_mas,32000,6,worker_a,507,1048,13,stop,False,5621,5621,32.92232118919492
c3_mas__clustered-n8-t20-o20-s10005__cap32000__Qwen-Qwen3-32B-AWQ,clustered-n8-t20-o20-s10005,c3_mas,32000,7,worker_a,544,2907,10,stop,False,4016,4016,90.5505070798099
c3_mas__clustered-n8-t20-o20-s10005__cap32000__Qwen-Qwen3-32B-AWQ,clustered-n8-t20-o20-s10005,c3_mas,32000,8,worker_a,603,496,0,length,False,496,496,15.51604064181447
c3_mas__clustered-n8-t20-o20-s10005__cap32000__Qwen-Qwen3-32B-AWQ,clustered-n8-t20-o20-s10005,c3_mas,32000,9,worker_b,225,1177,7,stop,False,11679,11679,36.725469884462655
c3_mas__clustered-n8-t20-o20-s10005__cap32000__Qwen-Qwen3-32B-AWQ,clustered-n8-t20-o20-s10005,c3_mas,32000,10,worker_b,256,1108,31,stop,False,10239,10239,34.769100843928754
c3_mas__clustered-n8-t20-o20-s10005__cap32000__Qwen-Qwen3-32B-AWQ,clustered-n8-t20-o20-s10005,c3_mas,32000,11,worker_b,336,695,25,stop,False,8764,8764,22.16449176520109
c3_mas__clustered-n8-t20-o20-s10005__cap32000__Qwen-Qwen3-32B-AWQ,clustered-n8-t20-o20-s10005,c3_mas,32000,12,worker_b,410,694,27,stop,False,7634,7634,22.259509570896626
c3_mas__clustered-n8-t20-o20-s10005__cap32000__Qwen-Qwen3-32B-AWQ,clustered-n8-t20-o20-s10005,c3_mas,32000,13,worker_b,486,329,29,stop,False,6427,6427,11.210454614832997
c3_mas__clustered-n8-t20-o20-s10005__cap32000__Qwen-Qwen3-32B-AWQ,clustered-n8-t20-o20-s10005,c3_mas,32000,14,worker_b,564,630,42,stop,False,5505,5505,21.24785340577364
c3_mas__clustered-n8-t20-o20-s10005__cap32000__Qwen-Qwen3-32B-AWQ,clustered-n8-t20-o20-s10005,c3_mas,32000,15,worker_b,630,3288,31,stop,False,4203,4203,104.28086707368493
c3_mas__clustered-n8-t20-o20-s10005__cap32000__Qwen-Qwen3-32B-AWQ,clustered-n8-t20-o20-s10005,c3_mas,32000,16,worker_b,681,203,0,length,False,203,203,6.6792505495250225
c3_mas__clustered-n8-t20-o20-s10005__cap32000__Qwen-Qwen3-32B-AWQ,clustered-n8-t20-o20-s10005,c3_mas,32000,17,critic,544,1579,31,stop,False,7392,7392,50.30543643888086
c3_mas__clustered-n8-t20-o20-s10005__cap32000__Qwen-Qwen3-32B-AWQ,clustered-n8-t20-o20-s10005,c3_mas,32000,18,finalize,116,0,7,stop,False,5922,5922,0.3418596526607871
c3_mas__clustered-n8-t20-o20-s10005__cap64000__Qwen-Qwen3-32B-AWQ,clustered-n8-t20-o20-s10005,c3_mas,64000,0,worker_a,225,1177,7,stop,False,23679,23679,36.915883840061724
c3_mas__clustered-n8-t20-o20-s10005__cap64000__Qwen-Qwen3-32B-AWQ,clustered-n8-t20-o20-s10005,c3_mas,64000,1,worker_a,256,394,10,stop,False,22239,22239,12.28703723475337
c3_mas__clustered-n8-t20-o20-s10005__cap64000__Qwen-Qwen3-32B-AWQ,clustered-n8-t20-o20-s10005,c3_mas,64000,2,worker_a,315,266,13,stop,False,21520,21520,8.638407536782324
c3_mas__clustered-n8-t20-o20-s10005__cap64000__Qwen-Qwen3-32B-AWQ,clustered-n8-t20-o20-s10005,c3_mas,64000,3,worker_a,352,799,10,stop,False,20889,20889,24.916230897419155
c3_mas__clustered-n8-t20-o20-s10005__cap64000__Qwen-Qwen3-32B-AWQ,clustered-n8-t20-o20-s10005,c3_mas,64000,4,worker_a,411,497,13,stop,False,19669,19669,15.815997283905745
c3_mas__clustered-n8-t20-o20-s10005__cap64000__Qwen-Qwen3-32B-AWQ,clustered-n8-t20-o20-s10005,c3_mas,64000,5,worker_a,448,709,10,stop,False,18711,18711,22.53584641125053
c3_mas__clustered-n8-t20-o20-s10005__cap64000__Qwen-Qwen3-32B-AWQ,clustered-n8-t20-o20-s10005,c3_mas,64000,6,worker_a,507,819,13,stop,False,17485,17485,25.8359300121665
c3_mas__clustered-n8-t20-o20-s10005__cap64000__Qwen-Qwen3-32B-AWQ,clustered-n8-t20-o20-s10005,c3_mas,64000,7,worker_a,544,4072,10,stop,False,16109,16109,128.57557954546064
c3_mas__clustered-n8-t20-o20-s10005__cap64000__Qwen-Qwen3-32B-AWQ,clustered-n8-t20-o20-s10005,c3_mas,64000,8,worker_a,603,1291,13,stop,False,11424,11424,40.435485512018204
c3_mas__clustered-n8-t20-o20-s10005__cap64000__Qwen-Qwen3-32B-AWQ,clustered-n8-t20-o20-s10005,c3_mas,64000,9,worker_a,640,2371,15,stop,False,9480,9480,74.81968319509178
c3_mas__clustered-n8-t20-o20-s10005__cap64000__Qwen-Qwen3-32B-AWQ,clustered-n8-t20-o20-s10005,c3_mas,64000,10,worker_a,681,2559,15,stop,False,6413,6413,80.80806262791157
c3_mas__clustered-n8-t20-o20-s10005__cap64000__Qwen-Qwen3-32B-AWQ,clustered-n8-t20-o20-s10005,c3_mas,64000,11,worker_a,721,1550,15,stop,False,3118,3118,48.99022943433374
c3_mas__clustered-n8-t20-o20-s10005__cap64000__Qwen-Qwen3-32B-AWQ,clustered-n8-t20-o20-s10005,c3_mas,64000,12,worker_a,762,791,0,length,False,791,791,24.699122452177107
c3_mas__clustered-n8-t20-o20-s10005__cap64000__Qwen-Qwen3-32B-AWQ,clustered-n8-t20-o20-s10005,c3_mas,64000,13,worker_b,225,1532,7,stop,False,23679,23679,47.58939406182617
c3_mas__clustered-n8-t20-o20-s10005__cap64000__Qwen-Qwen3-32B-AWQ,clustered-n8-t20-o20-s10005,c3_mas,64000,14,worker_b,256,1108,31,stop,False,21884,21884,34.82058575935662
c3_mas__clustered-n8-t20-o20-s10005__cap64000__Qwen-Qwen3-32B-AWQ,clustered-n8-t20-o20-s10005,c3_mas,64000,15,worker_b,336,695,25,stop,False,20409,20409,22.615908458828926
c3_mas__clustered-n8-t20-o20-s10005__cap64000__Qwen-Qwen3-32B-AWQ,clustered-n8-t20-o20-s10005,c3_mas,64000,16,worker_b,410,694,27,stop,False,19279,19279,22.11461475212127
c3_mas__clustered-n8-t20-o20-s10005__cap64000__Qwen-Qwen3-32B-AWQ,clustered-n8-t20-o20-s10005,c3_mas,64000,17,worker_b,486,329,29,stop,False,18072,18072,11.230449872091413
c3_mas__clustered-n8-t20-o20-s10005__cap64000__Qwen-Qwen3-32B-AWQ,clustered-n8-t20-o20-s10005,c3_mas,64000,18,worker_b,564,630,42,stop,False,17150,17150,21.06488148495555
c3_mas__clustered-n8-t20-o20-s10005__cap64000__Qwen-Qwen3-32B-AWQ,clustered-n8-t20-o20-s10005,c3_mas,64000,19,worker_b,630,3700,59,stop,False,15848,15848,119.9945062417537
c3_mas__clustered-n8-t20-o20-s10005__cap64000__Qwen-Qwen3-32B-AWQ,clustered-n8-t20-o20-s10005,c3_mas,64000,20,worker_b,715,533,63,stop,False,11374,11374,18.8935086177662
c3_mas__clustered-n8-t20-o20-s10005__cap64000__Qwen-Qwen3-32B-AWQ,clustered-n8-t20-o20-s10005,c3_mas,64000,21,worker_b,804,1036,63,stop,False,9974,9974,34.49878011737019
c3_mas__clustered-n8-t20-o20-s10005__cap64000__Qwen-Qwen3-32B-AWQ,clustered-n8-t20-o20-s10005,c3_mas,64000,22,worker_b,893,2060,31,stop,False,7982,7982,65.7105683973059
c3_mas__clustered-n8-t20-o20-s10005__cap64000__Qwen-Qwen3-32B-AWQ,clustered-n8-t20-o20-s10005,c3_mas,64000,23,worker_b,944,892,5,stop,False,4947,4947,28.521053503267467
c3_mas__clustered-n8-t20-o20-s10005__cap64000__Qwen-Qwen3-32B-AWQ,clustered-n8-t20-o20-s10005,c3_mas,64000,24,critic,544,1006,31,stop,False,19442,19442,32.301677581854165
c3_mas__clustered-n8-t20-o20-s10005__cap64000__Qwen-Qwen3-32B-AWQ,clustered-n8-t20-o20-s10005,c3_mas,64000,25,finalize,116,0,7,stop,False,18545,18545,0.3441564701497555
c3_mas__clustered-n8-t20-o20-s10005__cap8000__Qwen-Qwen3-32B-AWQ,clustered-n8-t20-o20-s10005,c3_mas,8000,0,worker_a,225,1177,7,stop,False,2679,2679,36.307403958402574
c3_mas__clustered-n8-t20-o20-s10005__cap8000__Qwen-Qwen3-32B-AWQ,clustered-n8-t20-o20-s10005,c3_mas,8000,1,worker_a,256,394,10,stop,False,1239,1239,12.854153444059193
c3_mas__clustered-n8-t20-o20-s10005__cap8000__Qwen-Qwen3-32B-AWQ,clustered-n8-t20-o20-s10005,c3_mas,8000,2,worker_a,315,266,13,stop,False,520,520,8.682548367418349
c3_mas__clustered-n8-t20-o20-s10005__cap8000__Qwen-Qwen3-32B-AWQ,clustered-n8-t20-o20-s10005,c3_mas,8000,3,worker_b,225,1177,7,stop,False,2679,2679,36.476089304313064
c3_mas__clustered-n8-t20-o20-s10005__cap8000__Qwen-Qwen3-32B-AWQ,clustered-n8-t20-o20-s10005,c3_mas,8000,4,worker_b,256,1108,31,stop,False,1239,1239,35.643901290372014
c3_mas__clustered-n8-t20-o20-s10005__cap8000__Qwen-Qwen3-32B-AWQ,clustered-n8-t20-o20-s10005,c3_mas,8000,5,finalize,93,0,7,stop,False,2440,2440,0.3324619196355343
c3_mas__clustered-n8-t85-o20-s10005__cap16000__Qwen-Qwen3-32B-AWQ,clustered-n8-t85-o20-s10005,c3_mas,16000,0,worker_a,225,1177,7,stop,False,5679,5679,36.562895513139665
c3_mas__clustered-n8-t85-o20-s10005__cap16000__Qwen-Qwen3-32B-AWQ,clustered-n8-t85-o20-s10005,c3_mas,16000,1,worker_a,256,394,10,stop,False,4239,4239,12.68271678686142
c3_mas__clustered-n8-t85-o20-s10005__cap16000__Qwen-Qwen3-32B-AWQ,clustered-n8-t85-o20-s10005,c3_mas,16000,2,worker_a,316,356,54,stop,False,3519,3519,12.978945853188634
c3_mas__clustered-n8-t85-o20-s10005__cap16000__Qwen-Qwen3-32B-AWQ,clustered-n8-t85-o20-s10005,c3_mas,16000,3,worker_a,394,602,10,stop,False,2715,2715,19.472050026990473
c3_mas__clustered-n8-t85-o20-s10005__cap16000__Qwen-Qwen3-32B-AWQ,clustered-n8-t85-o20-s10005,c3_mas,16000,4,worker_a,453,437,13,stop,False,1650,1650,14.162481766194105
c3_mas__clustered-n8-t85-o20-s10005__cap16000__Qwen-Qwen3-32B-AWQ,clustered-n8-t85-o20-s10005,c3_mas,16000,5,worker_a,490,360,10,stop,False,710,710,11.5058328602463
c3_mas__clustered-n8-t85-o20-s10005__cap16000__Qwen-Qwen3-32B-AWQ,clustered-n8-t85-o20-s10005,c3_mas,16000,6,worker_b,225,1532,7,stop,False,5679,5679,47.07492255512625
c3_mas__clustered-n8-t85-o20-s10005__cap16000__Qwen-Qwen3-32B-AWQ,clustered-n8-t85-o20-s10005,c3_mas,16000,7,worker_b,256,1185,31,stop,False,3884,3884,37.55791158042848
c3_mas__clustered-n8-t85-o20-s10005__cap16000__Qwen-Qwen3-32B-AWQ,clustered-n8-t85-o20-s10005,c3_mas,16000,8,worker_b,337,366,26,stop,False,2331,2331,12.451110784895718
c3_mas__clustered-n8-t85-o20-s10005__cap16000__Qwen-Qwen3-32B-AWQ,clustered-n8-t85-o20-s10005,c3_mas,16000,9,worker_b,413,474,26,stop,False,1526,1526,15.411323349922895
c3_mas__clustered-n8-t85-o20-s10005__cap16000__Qwen-Qwen3-32B-AWQ,clustered-n8-t85-o20-s10005,c3_mas,16000,10,worker_b,488,538,0,length,False,538,538,17.065061401575804
c3_mas__clustered-n8-t85-o20-s10005__cap16000__Qwen-Qwen3-32B-AWQ,clustered-n8-t85-o20-s10005,c3_mas,16000,11,finalize,93,0,7,stop,False,4439,4439,0.31585649121552706
c3_mas__clustered-n8-t85-o20-s10005__cap32000__Qwen-Qwen3-32B-AWQ,clustered-n8-t85-o20-s10005,c3_mas,32000,0,worker_a,225,1177,7,stop,False,11679,11679,36.66527318395674
c3_mas__clustered-n8-t85-o20-s10005__cap32000__Qwen-Qwen3-32B-AWQ,clustered-n8-t85-o20-s10005,c3_mas,32000,1,worker_a,256,394,10,stop,False,10239,10239,12.513360159471631
c3_mas__clustered-n8-t85-o20-s10005__cap32000__Qwen-Qwen3-32B-AWQ,clustered-n8-t85-o20-s10005,c3_mas,32000,2,worker_a,316,356,54,stop,False,9519,9519,12.787602009251714
c3_mas__clustered-n8-t85-o20-s10005__cap32000__Qwen-Qwen3-32B-AWQ,clustered-n8-t85-o20-s10005,c3_mas,32000,3,worker_a,394,602,10,stop,False,8715,8715,18.905400310643017
c3_mas__clustered-n8-t85-o20-s10005__cap32000__Qwen-Qwen3-32B-AWQ,clustered-n8-t85-o20-s10005,c3_mas,32000,4,worker_a,453,437,13,stop,False,7650,7650,14.0565613405779
c3_mas__clustered-n8-t85-o20-s10005__cap32000__Qwen-Qwen3-32B-AWQ,clustered-n8-t85-o20-s10005,c3_mas,32000,5,worker_a,490,360,10,stop,False,6710,6710,11.669939084909856
c3_mas__clustered-n8-t85-o20-s10005__cap32000__Qwen-Qwen3-32B-AWQ,clustered-n8-t85-o20-s10005,c3_mas,32000,6,worker_a,550,943,13,stop,False,5790,5790,29.884046307764947
c3_mas__clustered-n8-t85-o20-s10005__cap32000__Qwen-Qwen3-32B-AWQ,clustered-n8-t85-o20-s10005,c3_mas,32000,7,worker_a,587,620,10,stop,False,4247,4247,19.864563730545342
c3_mas__clustered-n8-t85-o20-s10005__cap32000__Qwen-Qwen3-32B-AWQ,clustered-n8-t85-o20-s10005,c3_mas,32000,8,worker_a,647,1700,61,stop,False,2970,2970,54.56202451977879
c3_mas__clustered-n8-t85-o20-s10005__cap32000__Qwen-Qwen3-32B-AWQ,clustered-n8-t85-o20-s10005,c3_mas,32000,9,worker_a,733,476,0,length,False,476,476,15.156357819214463
c3_mas__clustered-n8-t85-o20-s10005__cap32000__Qwen-Qwen3-32B-AWQ,clustered-n8-t85-o20-s10005,c3_mas,32000,10,worker_b,225,754,24,stop,False,11679,11679,24.018694968894124
c3_mas__clustered-n8-t85-o20-s10005__cap32000__Qwen-Qwen3-32B-AWQ,clustered-n8-t85-o20-s10005,c3_mas,32000,11,worker_b,273,644,29,stop,False,10628,10628,20.91992328222841
c3_mas__clustered-n8-t85-o20-s10005__cap32000__Qwen-Qwen3-32B-AWQ,clustered-n8-t85-o20-s10005,c3_mas,32000,12,worker_b,352,2214,29,stop,False,9603,9603,69.40830010455102
c3_mas__clustered-n8-t85-o20-s10005__cap32000__Qwen-Qwen3-32B-AWQ,clustered-n8-t85-o20-s10005,c3_mas,32000,13,worker_b,431,319,29,stop,False,6929,6929,10.99729725252837
c3_mas__clustered-n8-t85-o20-s10005__cap32000__Qwen-Qwen3-32B-AWQ,clustered-n8-t85-o20-s10005,c3_mas,32000,14,worker_b,509,345,29,stop,False,6072,6072,11.689487101510167
c3_mas__clustered-n8-t85-o20-s10005__cap32000__Qwen-Qwen3-32B-AWQ,clustered-n8-t85-o20-s10005,c3_mas,32000,15,worker_b,588,576,13,stop,False,5110,5110,18.636802991852164
c3_mas__clustered-n8-t85-o20-s10005__cap32000__Qwen-Qwen3-32B-AWQ,clustered-n8-t85-o20-s10005,c3_mas,32000,16,worker_b,625,1799,46,stop,False,3896,3896,57.27307013049722
c3_mas__clustered-n8-t85-o20-s10005__cap32000__Qwen-Qwen3-32B-AWQ,clustered-n8-t85-o20-s10005,c3_mas,32000,17,worker_b,696,1355,0,length,False,1355,1355,42.318044824525714
c3_mas__clustered-n8-t85-o20-s10005__cap32000__Qwen-Qwen3-32B-AWQ,clustered-n8-t85-o20-s10005,c3_mas,32000,18,finalize,93,0,7,stop,False,8099,8099,0.3140043169260025
c3_mas__clustered-n8-t85-o20-s10005__cap64000__Qwen-Qwen3-32B-AWQ,clustered-n8-t85-o20-s10005,c3_mas,64000,0,worker_a,225,1177,7,stop,False,23679,23679,36.25456651579589
c3_mas__clustered-n8-t85-o20-s10005__cap64000__Qwen-Qwen3-32B-AWQ,clustered-n8-t85-o20-s10005,c3_mas,64000,1,worker_a,256,394,10,stop,False,22239,22239,12.54949564114213
c3_mas__clustered-n8-t85-o20-s10005__cap64000__Qwen-Qwen3-32B-AWQ,clustered-n8-t85-o20-s10005,c3_mas,64000,2,worker_a,316,356,54,stop,False,21519,21519,12.875104072503746
c3_mas__clustered-n8-t85-o20-s10005__cap64000__Qwen-Qwen3-32B-AWQ,clustered-n8-t85-o20-s10005,c3_mas,64000,3,worker_a,394,602,10,stop,False,20715,20715,19.137745787389576
c3_mas__clustered-n8-t85-o20-s10005__cap64000__Qwen-Qwen3-32B-AWQ,clustered-n8-t85-o20-s10005,c3_mas,64000,4,worker_a,453,437,13,stop,False,19650,19650,13.949548305943608
c3_mas__clustered-n8-t85-o20-s10005__cap64000__Qwen-Qwen3-32B-AWQ,clustered-n8-t85-o20-s10005,c3_mas,64000,5,worker_a,490,2301,10,stop,False,18710,18710,72.37934935186058
c3_mas__clustered-n8-t85-o20-s10005__cap64000__Qwen-Qwen3-32B-AWQ,clustered-n8-t85-o20-s10005,c3_mas,64000,6,worker_a,550,943,13,stop,False,15849,15849,30.110582523979247
c3_mas__clustered-n8-t85-o20-s10005__cap64000__Qwen-Qwen3-32B-AWQ,clustered-n8-t85-o20-s10005,c3_mas,64000,7,worker_a,587,442,10,stop,False,14306,14306,14.233516957610846
c3_mas__clustered-n8-t85-o20-s10005__cap64000__Qwen-Qwen3-32B-AWQ,clustered-n8-t85-o20-s10005,c3_mas,64000,8,worker_a,647,1700,61,stop,False,13207,13207,54.78144056163728
c3_mas__clustered-n8-t85-o20-s10005__cap64000__Qwen-Qwen3-32B-AWQ,clustered-n8-t85-o20-s10005,c3_mas,64000,9,worker_a,733,1668,15,stop,False,10713,10713,52.52942443732172
c3_mas__clustered-n8-t85-o20-s10005__cap64000__Qwen-Qwen3-32B-AWQ,clustered-n8-t85-o20-s10005,c3_mas,64000,10,worker_a,774,2969,32,stop,False,8256,8256,94.91352397669107
c3_mas__clustered-n8-t85-o20-s10005__cap64000__Qwen-Qwen3-32B-AWQ,clustered-n8-t85-o20-s10005,c3_mas,64000,11,worker_a,826,1190,255,stop,False,4429,4429,45.38309226837009
c3_mas__clustered-n8-t85-o20-s10005__cap64000__Qwen-Qwen3-32B-AWQ,clustered-n8-t85-o20-s10005,c3_mas,64000,12,worker_b,225,1177,7,stop,False,23679,23679,36.74376132898033
c3_mas__clustered-n8-t85-o20-s10005__cap64000__Qwen-Qwen3-32B-AWQ,clustered-n8-t85-o20-s10005,c3_mas,64000,13,worker_b,256,1108,31,stop,False,22239,22239,35.35604299046099
c3_mas__clustered-n8-t85-o20-s10005__cap64000__Qwen-Qwen3-32B-AWQ,clustered-n8-t85-o20-s10005,c3_mas,64000,14,worker_b,337,412,10,stop,False,20763,20763,13.368613790720701
c3_mas__clustered-n8-t85-o20-s10005__cap64000__Qwen-Qwen3-32B-AWQ,clustered-n8-t85-o20-s10005,c3_mas,64000,15,worker_b,397,184,10,stop,False,19944,19944,6.355888829566538
c3_mas__clustered-n8-t85-o20-s10005__cap64000__Qwen-Qwen3-32B-AWQ,clustered-n8-t85-o20-s10005,c3_mas,64000,16,worker_b,456,332,10,stop,False,19294,19294,11.038295920938253
c3_mas__clustered-n8-t85-o20-s10005__cap64000__Qwen-Qwen3-32B-AWQ,clustered-n8-t85-o20-s10005,c3_mas,64000,17,worker_b,516,1395,45,stop,False,18436,18436,46.35032227449119
c3_mas__clustered-n8-t85-o20-s10005__cap64000__Qwen-Qwen3-32B-AWQ,clustered-n8-t85-o20-s10005,c3_mas,64000,18,worker_b,585,1053,15,stop,False,16411,16411,33.849094519391656
c3_mas__clustered-n8-t85-o20-s10005__cap64000__Qwen-Qwen3-32B-AWQ,clustered-n8-t85-o20-s10005,c3_mas,64000,19,worker_b,625,1776,48,stop,False,14718,14718,57.74794302228838
c3_mas__clustered-n8-t85-o20-s10005__cap64000__Qwen-Qwen3-32B-AWQ,clustered-n8-t85-o20-s10005,c3_mas,64000,20,worker_b,699,1596,93,stop,False,12195,12195,52.965999943204224
c3_mas__clustered-n8-t85-o20-s10005__cap64000__Qwen-Qwen3-32B-AWQ,clustered-n8-t85-o20-s10005,c3_mas,64000,21,worker_b,812,1121,5,stop,False,9694,9694,35.646021313034
c3_mas__clustered-n8-t85-o20-s10005__cap64000__Qwen-Qwen3-32B-AWQ,clustered-n8-t85-o20-s10005,c3_mas,64000,22,critic,544,1607,32,stop,False,26944,26944,52.35423390567303
c3_mas__clustered-n8-t85-o20-s10005__cap64000__Qwen-Qwen3-32B-AWQ,clustered-n8-t85-o20-s10005,c3_mas,64000,23,finalize,117,0,73,stop,False,25444,25444,2.4329869830980897
c3_mas__clustered-n8-t85-o20-s10005__cap8000__Qwen-Qwen3-32B-AWQ,clustered-n8-t85-o20-s10005,c3_mas,8000,0,worker_a,225,1177,7,stop,False,2679,2679,37.72604280617088
c3_mas__clustered-n8-t85-o20-s10005__cap8000__Qwen-Qwen3-32B-AWQ,clustered-n8-t85-o20-s10005,c3_mas,8000,1,worker_a,256,394,10,stop,False,1239,1239,14.419075302779675
c3_mas__clustered-n8-t85-o20-s10005__cap8000__Qwen-Qwen3-32B-AWQ,clustered-n8-t85-o20-s10005,c3_mas,8000,2,worker_a,316,356,54,stop,False,519,519,12.848935498856008
c3_mas__clustered-n8-t85-o20-s10005__cap8000__Qwen-Qwen3-32B-AWQ,clustered-n8-t85-o20-s10005,c3_mas,8000,3,worker_b,225,1177,7,stop,False,2679,2679,37.055535526014864
c3_mas__clustered-n8-t85-o20-s10005__cap8000__Qwen-Qwen3-32B-AWQ,clustered-n8-t85-o20-s10005,c3_mas,8000,4,worker_b,256,1108,10,stop,False,1239,1239,37.137774450704455
c3_mas__clustered-n8-t85-o20-s10005__cap8000__Qwen-Qwen3-32B-AWQ,clustered-n8-t85-o20-s10005,c3_mas,8000,5,finalize,93,0,7,stop,False,2329,2329,0.32738660275936127
c3_mas__uniform-n4-t100-o20-s10005__cap16000__Qwen-Qwen3-32B-AWQ,uniform-n4-t100-o20-s10005,c3_mas,16000,0,worker_a,225,650,22,stop,False,5679,5679,21.130370117723942
c3_mas__uniform-n4-t100-o20-s10005__cap16000__Qwen-Qwen3-32B-AWQ,uniform-n4-t100-o20-s10005,c3_mas,16000,1,worker_a,265,318,30,stop,False,4742,4742,10.905346231535077
c3_mas__uniform-n4-t100-o20-s10005__cap16000__Qwen-Qwen3-32B-AWQ,uniform-n4-t100-o20-s10005,c3_mas,16000,2,worker_a,345,480,91,stop,False,4049,4049,17.58259621914476
c3_mas__uniform-n4-t100-o20-s10005__cap16000__Qwen-Qwen3-32B-AWQ,uniform-n4-t100-o20-s10005,c3_mas,16000,3,worker_a,460,646,42,stop,False,3018,3018,21.453033331781626
c3_mas__uniform-n4-t100-o20-s10005__cap16000__Qwen-Qwen3-32B-AWQ,uniform-n4-t100-o20-s10005,c3_mas,16000,4,worker_a,526,1190,230,stop,False,1804,1804,44.21728974767029
c3_mas__uniform-n4-t100-o20-s10005__cap16000__Qwen-Qwen3-32B-AWQ,uniform-n4-t100-o20-s10005,c3_mas,16000,5,worker_b,225,1532,7,stop,False,5679,5679,48.06334139034152
c3_mas__uniform-n4-t100-o20-s10005__cap16000__Qwen-Qwen3-32B-AWQ,uniform-n4-t100-o20-s10005,c3_mas,16000,6,worker_b,250,1024,10,stop,False,3890,3890,32.2790793357417
c3_mas__uniform-n4-t100-o20-s10005__cap16000__Qwen-Qwen3-32B-AWQ,uniform-n4-t100-o20-s10005,c3_mas,16000,7,worker_b,310,168,10,stop,False,2546,2546,5.59923083987087
c3_mas__uniform-n4-t100-o20-s10005__cap16000__Qwen-Qwen3-32B-AWQ,uniform-n4-t100-o20-s10005,c3_mas,16000,8,worker_b,369,685,53,stop,False,1999,1999,23.13802709709853
c3_mas__uniform-n4-t100-o20-s10005__cap16000__Qwen-Qwen3-32B-AWQ,uniform-n4-t100-o20-s10005,c3_mas,16000,9,worker_b,446,815,0,length,False,815,815,25.195837472565472
c3_mas__uniform-n4-t100-o20-s10005__cap16000__Qwen-Qwen3-32B-AWQ,uniform-n4-t100-o20-s10005,c3_mas,16000,10,finalize,93,0,7,stop,False,4483,4483,0.3212784379720688
c3_mas__uniform-n4-t100-o20-s10005__cap32000__Qwen-Qwen3-32B-AWQ,uniform-n4-t100-o20-s10005,c3_mas,32000,0,worker_a,225,1532,7,stop,False,11679,11679,47.451011654920876
c3_mas__uniform-n4-t100-o20-s10005__cap32000__Qwen-Qwen3-32B-AWQ,uniform-n4-t100-o20-s10005,c3_mas,32000,1,worker_a,250,470,31,stop,False,9890,9890,15.635313849896193
c3_mas__uniform-n4-t100-o20-s10005__cap32000__Qwen-Qwen3-32B-AWQ,uniform-n4-t100-o20-s10005,c3_mas,32000,2,worker_a,331,759,10,stop,False,9058,9058,23.951342904940248
c3_mas__uniform-n4-t100-o20-s10005__cap32000__Qwen-Qwen3-32B-AWQ,uniform-n4-t100-o20-s10005,c3_mas,32000,3,worker_a,391,604,53,stop,False,7898,7898,20.27138144057244
c3_mas__uniform-n4-t100-o20-s10005__cap32000__Qwen-Qwen3-32B-AWQ,uniform-n4-t100-o20-s10005,c3_mas,32000,4,worker_a,468,1195,13,stop,False,6773,6773,37.16976258903742
c3_mas__uniform-n4-t100-o20-s10005__cap32000__Qwen-Qwen3-32B-AWQ,uniform-n4-t100-o20-s10005,c3_mas,32000,5,worker_a,505,406,15,stop,False,5060,5060,13.092486949637532
c3_mas__uniform-n4-t100-o20-s10005__cap32000__Qwen-Qwen3-32B-AWQ,uniform-n4-t100-o20-s10005,c3_mas,32000,6,worker_a,546,846,19,stop,False,4093,4093,27.072580678388476
c3_mas__uniform-n4-t100-o20-s10005__cap32000__Qwen-Qwen3-32B-AWQ,uniform-n4-t100-o20-s10005,c3_mas,32000,7,worker_a,585,899,5,stop,False,2643,2643,29.832852178253233
c3_mas__uniform-n4-t100-o20-s10005__cap32000__Qwen-Qwen3-32B-AWQ,uniform-n4-t100-o20-s10005,c3_mas,32000,8,worker_b,225,1177,7,stop,False,11679,11679,36.768682764843106
c3_mas__uniform-n4-t100-o20-s10005__cap32000__Qwen-Qwen3-32B-AWQ,uniform-n4-t100-o20-s10005,c3_mas,32000,9,worker_b,250,476,35,stop,False,10245,10245,16.076888476498425
c3_mas__uniform-n4-t100-o20-s10005__cap32000__Qwen-Qwen3-32B-AWQ,uniform-n4-t100-o20-s10005,c3_mas,32000,10,worker_b,335,471,50,stop,False,9399,9399,16.028230138123035
c3_mas__uniform-n4-t100-o20-s10005__cap32000__Qwen-Qwen3-32B-AWQ,uniform-n4-t100-o20-s10005,c3_mas,32000,11,worker_b,409,482,54,stop,False,8469,8469,16.600113074295223
c3_mas__uniform-n4-t100-o20-s10005__cap32000__Qwen-Qwen3-32B-AWQ,uniform-n4-t100-o20-s10005,c3_mas,32000,12,worker_b,512,1438,50,stop,False,7421,7421,46.6921554999426
c3_mas__uniform-n4-t100-o20-s10005__cap32000__Qwen-Qwen3-32B-AWQ,uniform-n4-t100-o20-s10005,c3_mas,32000,13,worker_b,586,807,62,stop,False,5347,5347,27.000852515920997
c3_mas__uniform-n4-t100-o20-s10005__cap32000__Qwen-Qwen3-32B-AWQ,uniform-n4-t100-o20-s10005,c3_mas,32000,14,worker_b,674,696,18,stop,False,3804,3804,22.241039330139756
c3_mas__uniform-n4-t100-o20-s10005__cap32000__Qwen-Qwen3-32B-AWQ,uniform-n4-t100-o20-s10005,c3_mas,32000,15,worker_b,712,742,132,stop,False,2378,2378,27.51938701234758
c3_mas__uniform-n4-t100-o20-s10005__cap32000__Qwen-Qwen3-32B-AWQ,uniform-n4-t100-o20-s10005,c3_mas,32000,16,critic,550,5852,25,stop,False,10629,10629,187.49583230912685
c3_mas__uniform-n4-t100-o20-s10005__cap32000__Qwen-Qwen3-32B-AWQ,uniform-n4-t100-o20-s10005,c3_mas,32000,17,finalize,110,0,56,stop,False,4898,4898,1.840323374606669
c3_mas__uniform-n4-t100-o20-s10005__cap64000__Qwen-Qwen3-32B-AWQ,uniform-n4-t100-o20-s10005,c3_mas,64000,0,worker_a,225,1177,7,stop,False,23679,23679,37.74371088296175
c3_mas__uniform-n4-t100-o20-s10005__cap64000__Qwen-Qwen3-32B-AWQ,uniform-n4-t100-o20-s10005,c3_mas,64000,1,worker_a,250,470,31,stop,False,22245,22245,16.186531021259725
c3_mas__uniform-n4-t100-o20-s10005__cap64000__Qwen-Qwen3-32B-AWQ,uniform-n4-t100-o20-s10005,c3_mas,64000,2,worker_a,331,759,10,stop,False,21413,21413,25.16457524523139
c3_mas__uniform-n4-t100-o20-s10005__cap64000__Qwen-Qwen3-32B-AWQ,uniform-n4-t100-o20-s10005,c3_mas,64000,3,worker_a,391,604,53,stop,False,20253,20253,20.263404867611825
c3_mas__uniform-n4-t100-o20-s10005__cap64000__Qwen-Qwen3-32B-AWQ,uniform-n4-t100-o20-s10005,c3_mas,64000,4,worker_a,468,1005,13,stop,False,19128,19128,31.772931245155632
c3_mas__uniform-n4-t100-o20-s10005__cap64000__Qwen-Qwen3-32B-AWQ,uniform-n4-t100-o20-s10005,c3_mas,64000,5,worker_a,505,406,15,stop,False,17605,17605,13.417013706639409
c3_mas__uniform-n4-t100-o20-s10005__cap64000__Qwen-Qwen3-32B-AWQ,uniform-n4-t100-o20-s10005,c3_mas,64000,6,worker_a,546,825,19,stop,False,16638,16638,26.1368401478976
c3_mas__uniform-n4-t100-o20-s10005__cap64000__Qwen-Qwen3-32B-AWQ,uniform-n4-t100-o20-s10005,c3_mas,64000,7,worker_a,585,930,5,stop,False,15209,15209,28.947186160832644
c3_mas__uniform-n4-t100-o20-s10005__cap64000__Qwen-Qwen3-32B-AWQ,uniform-n4-t100-o20-s10005,c3_mas,64000,8,worker_b,225,1177,7,stop,False,23679,23679,36.208350646309555
c3_mas__uniform-n4-t100-o20-s10005__cap64000__Qwen-Qwen3-32B-AWQ,uniform-n4-t100-o20-s10005,c3_mas,64000,9,worker_b,250,1024,10,stop,False,22245,22245,32.38540427852422
c3_mas__uniform-n4-t100-o20-s10005__cap64000__Qwen-Qwen3-32B-AWQ,uniform-n4-t100-o20-s10005,c3_mas,64000,10,worker_b,310,168,10,stop,False,20901,20901,6.018668209202588
c3_mas__uniform-n4-t100-o20-s10005__cap64000__Qwen-Qwen3-32B-AWQ,uniform-n4-t100-o20-s10005,c3_mas,64000,11,worker_b,369,685,53,stop,False,20354,20354,23.161818591877818
c3_mas__uniform-n4-t100-o20-s10005__cap64000__Qwen-Qwen3-32B-AWQ,uniform-n4-t100-o20-s10005,c3_mas,64000,12,worker_b,446,1131,15,stop,False,19170,19170,35.871403312310576
c3_mas__uniform-n4-t100-o20-s10005__cap64000__Qwen-Qwen3-32B-AWQ,uniform-n4-t100-o20-s10005,c3_mas,64000,13,worker_b,487,634,18,stop,False,17537,17537,20.203290806151927
c3_mas__uniform-n4-t100-o20-s10005__cap64000__Qwen-Qwen3-32B-AWQ,uniform-n4-t100-o20-s10005,c3_mas,64000,14,worker_b,525,703,5,stop,False,16360,16360,22.191363029181957
c3_mas__uniform-n4-t100-o20-s10005__cap64000__Qwen-Qwen3-32B-AWQ,uniform-n4-t100-o20-s10005,c3_mas,64000,15,critic,550,4399,25,stop,True,45312,32218,141.87108614109457
c3_mas__uniform-n4-t100-o20-s10005__cap64000__Qwen-Qwen3-32B-AWQ,uniform-n4-t100-o20-s10005,c3_mas,64000,16,finalize,110,0,56,stop,True,41034,32658,1.8890150673687458
c3_mas__uniform-n4-t100-o20-s10005__cap8000__Qwen-Qwen3-32B-AWQ,uniform-n4-t100-o20-s10005,c3_mas,8000,0,worker_a,225,1177,7,stop,False,2679,2679,36.09551714081317
c3_mas__uniform-n4-t100-o20-s10005__cap8000__Qwen-Qwen3-32B-AWQ,uniform-n4-t100-o20-s10005,c3_mas,8000,1,worker_a,250,470,31,stop,False,1245,1245,15.335639821365476
c3_mas__uniform-n4-t100-o20-s10005__cap8000__Qwen-Qwen3-32B-AWQ,uniform-n4-t100-o20-s10005,c3_mas,8000,2,worker_a,331,413,0,length,False,413,413,12.870013396255672
c3_mas__uniform-n4-t100-o20-s10005__cap8000__Qwen-Qwen3-32B-AWQ,uniform-n4-t100-o20-s10005,c3_mas,8000,3,worker_b,225,1177,7,stop,False,2679,2679,36.966505573131144
c3_mas__uniform-n4-t100-o20-s10005__cap8000__Qwen-Qwen3-32B-AWQ,uniform-n4-t100-o20-s10005,c3_mas,8000,4,worker_b,250,682,35,stop,False,1245,1245,21.92760225571692
c3_mas__uniform-n4-t100-o20-s10005__cap8000__Qwen-Qwen3-32B-AWQ,uniform-n4-t100-o20-s10005,c3_mas,8000,5,worker_b,335,193,0,length,False,193,193,6.087121437303722
c3_mas__uniform-n4-t100-o20-s10005__cap8000__Qwen-Qwen3-32B-AWQ,uniform-n4-t100-o20-s10005,c3_mas,8000,6,finalize,93,0,7,stop,False,2099,2099,0.3185130199417472
c3_mas__uniform-n4-t100-o80-s10005__cap16000__Qwen-Qwen3-32B-AWQ,uniform-n4-t100-o80-s10005,c3_mas,16000,0,worker_a,225,1177,7,stop,False,5679,5679,37.48524116910994
c3_mas__uniform-n4-t100-o80-s10005__cap16000__Qwen-Qwen3-32B-AWQ,uniform-n4-t100-o80-s10005,c3_mas,16000,1,worker_a,250,470,31,stop,False,4245,4245,16.05516180023551
c3_mas__uniform-n4-t100-o80-s10005__cap16000__Qwen-Qwen3-32B-AWQ,uniform-n4-t100-o80-s10005,c3_mas,16000,2,worker_a,331,680,31,stop,False,3413,3413,22.99434214644134
c3_mas__uniform-n4-t100-o80-s10005__cap16000__Qwen-Qwen3-32B-AWQ,uniform-n4-t100-o80-s10005,c3_mas,16000,3,worker_a,412,492,55,stop,False,2290,2290,17.91797078307718
c3_mas__uniform-n4-t100-o80-s10005__cap16000__Qwen-Qwen3-32B-AWQ,uniform-n4-t100-o80-s10005,c3_mas,16000,4,worker_a,491,1066,56,stop,False,1252,1252,35.75543982349336
c3_mas__uniform-n4-t100-o80-s10005__cap16000__Qwen-Qwen3-32B-AWQ,uniform-n4-t100-o80-s10005,c3_mas,16000,5,worker_b,225,1177,7,stop,False,5679,5679,36.143201113678515
c3_mas__uniform-n4-t100-o80-s10005__cap16000__Qwen-Qwen3-32B-AWQ,uniform-n4-t100-o80-s10005,c3_mas,16000,6,worker_b,250,1662,10,stop,False,4245,4245,51.56383743323386
c3_mas__uniform-n4-t100-o80-s10005__cap16000__Qwen-Qwen3-32B-AWQ,uniform-n4-t100-o80-s10005,c3_mas,16000,7,worker_b,310,92,25,stop,False,2263,2263,4.098873705603182
c3_mas__uniform-n4-t100-o80-s10005__cap16000__Qwen-Qwen3-32B-AWQ,uniform-n4-t100-o80-s10005,c3_mas,16000,8,worker_b,385,677,46,stop,False,1761,1761,22.17822885233909
c3_mas__uniform-n4-t100-o80-s10005__cap16000__Qwen-Qwen3-32B-AWQ,uniform-n4-t100-o80-s10005,c3_mas,16000,9,worker_b,455,583,0,length,False,583,583,18.372159163467586
c3_mas__uniform-n4-t100-o80-s10005__cap16000__Qwen-Qwen3-32B-AWQ,uniform-n4-t100-o80-s10005,c3_mas,16000,10,finalize,93,0,7,stop,False,4229,4229,0.31585237104445696
c3_mas__uniform-n4-t100-o80-s10005__cap32000__Qwen-Qwen3-32B-AWQ,uniform-n4-t100-o80-s10005,c3_mas,32000,0,worker_a,225,1532,7,stop,False,11679,11679,47.99734775535762
c3_mas__uniform-n4-t100-o80-s10005__cap32000__Qwen-Qwen3-32B-AWQ,uniform-n4-t100-o80-s10005,c3_mas,32000,1,worker_a,250,470,31,stop,False,9890,9890,15.640046806074679
c3_mas__uniform-n4-t100-o80-s10005__cap32000__Qwen-Qwen3-32B-AWQ,uniform-n4-t100-o80-s10005,c3_mas,32000,2,worker_a,331,680,31,stop,False,9058,9058,22.32748545240611
c3_mas__uniform-n4-t100-o80-s10005__cap32000__Qwen-Qwen3-32B-AWQ,uniform-n4-t100-o80-s10005,c3_mas,32000,3,worker_a,412,492,55,stop,False,7935,7935,17.66083182580769
c3_mas__uniform-n4-t100-o80-s10005__cap32000__Qwen-Qwen3-32B-AWQ,uniform-n4-t100-o80-s10005,c3_mas,32000,4,worker_a,491,892,15,stop,False,6897,6897,28.068797703832388
c3_mas__uniform-n4-t100-o80-s10005__cap32000__Qwen-Qwen3-32B-AWQ,uniform-n4-t100-o80-s10005,c3_mas,32000,5,worker_a,532,2413,77,stop,False,5458,5458,78.94816227070987
c3_mas__uniform-n4-t100-o80-s10005__cap32000__Qwen-Qwen3-32B-AWQ,uniform-n4-t100-o80-s10005,c3_mas,32000,6,worker_a,629,661,178,stop,False,2339,2339,27.105076227337122
c3_mas__uniform-n4-t100-o80-s10005__cap32000__Qwen-Qwen3-32B-AWQ,uniform-n4-t100-o80-s10005,c3_mas,32000,7,worker_a,840,660,0,length,False,660,660,20.805973132140934
c3_mas__uniform-n4-t100-o80-s10005__cap32000__Qwen-Qwen3-32B-AWQ,uniform-n4-t100-o80-s10005,c3_mas,32000,8,worker_b,225,1177,7,stop,False,11679,11679,36.09474175889045
c3_mas__uniform-n4-t100-o80-s10005__cap32000__Qwen-Qwen3-32B-AWQ,uniform-n4-t100-o80-s10005,c3_mas,32000,9,worker_b,250,682,35,stop,False,10245,10245,21.946050863713026
c3_mas__uniform-n4-t100-o80-s10005__cap32000__Qwen-Qwen3-32B-AWQ,uniform-n4-t100-o80-s10005,c3_mas,32000,10,worker_b,335,287,10,stop,False,9193,9193,9.407181059010327
c3_mas__uniform-n4-t100-o80-s10005__cap32000__Qwen-Qwen3-32B-AWQ,uniform-n4-t100-o80-s10005,c3_mas,32000,11,worker_b,395,996,60,stop,False,8501,8501,32.8921510791406
c3_mas__uniform-n4-t100-o80-s10005__cap32000__Qwen-Qwen3-32B-AWQ,uniform-n4-t100-o80-s10005,c3_mas,32000,12,worker_b,479,1186,15,stop,False,6966,6966,37.05937674921006
c3_mas__uniform-n4-t100-o80-s10005__cap32000__Qwen-Qwen3-32B-AWQ,uniform-n4-t100-o80-s10005,c3_mas,32000,13,worker_b,520,1289,41,stop,False,5245,5245,41.80152045190334
c3_mas__uniform-n4-t100-o80-s10005__cap32000__Qwen-Qwen3-32B-AWQ,uniform-n4-t100-o80-s10005,c3_mas,32000,14,worker_b,585,3330,0,length,False,3330,3330,105.11721742525697
c3_mas__uniform-n4-t100-o80-s10005__cap32000__Qwen-Qwen3-32B-AWQ,uniform-n4-t100-o80-s10005,c3_mas,32000,15,critic,330,502,12,stop,False,7606,7606,16.197140097618103
c3_mas__uniform-n4-t100-o80-s10005__cap32000__Qwen-Qwen3-32B-AWQ,uniform-n4-t100-o80-s10005,c3_mas,32000,16,finalize,97,0,7,stop,False,7251,7251,0.3381608696654439
c3_mas__uniform-n4-t100-o80-s10005__cap64000__Qwen-Qwen3-32B-AWQ,uniform-n4-t100-o80-s10005,c3_mas,64000,0,worker_a,225,1177,7,stop,False,23679,23679,36.544179636985064
c3_mas__uniform-n4-t100-o80-s10005__cap64000__Qwen-Qwen3-32B-AWQ,uniform-n4-t100-o80-s10005,c3_mas,64000,1,worker_a,250,470,31,stop,False,22245,22245,15.24868428055197
c3_mas__uniform-n4-t100-o80-s10005__cap64000__Qwen-Qwen3-32B-AWQ,uniform-n4-t100-o80-s10005,c3_mas,64000,2,worker_a,331,680,31,stop,False,21413,21413,21.843287988565862
c3_mas__uniform-n4-t100-o80-s10005__cap64000__Qwen-Qwen3-32B-AWQ,uniform-n4-t100-o80-s10005,c3_mas,64000,3,worker_a,412,492,55,stop,False,20290,20290,16.904994058422744
c3_mas__uniform-n4-t100-o80-s10005__cap64000__Qwen-Qwen3-32B-AWQ,uniform-n4-t100-o80-s10005,c3_mas,64000,4,worker_a,491,892,15,stop,False,19252,19252,28.254253239370883
c3_mas__uniform-n4-t100-o80-s10005__cap64000__Qwen-Qwen3-32B-AWQ,uniform-n4-t100-o80-s10005,c3_mas,64000,5,worker_a,532,2413,77,stop,False,17813,17813,79.56168440915644
c3_mas__uniform-n4-t100-o80-s10005__cap64000__Qwen-Qwen3-32B-AWQ,uniform-n4-t100-o80-s10005,c3_mas,64000,6,worker_a,629,661,178,stop,False,14694,14694,27.423515264876187
c3_mas__uniform-n4-t100-o80-s10005__cap64000__Qwen-Qwen3-32B-AWQ,uniform-n4-t100-o80-s10005,c3_mas,64000,7,worker_a,840,1234,178,stop,False,13015,13015,44.87994935084134
c3_mas__uniform-n4-t100-o80-s10005__cap64000__Qwen-Qwen3-32B-AWQ,uniform-n4-t100-o80-s10005,c3_mas,64000,8,worker_b,225,1177,7,stop,False,23679,23679,36.416352045722306
c3_mas__uniform-n4-t100-o80-s10005__cap64000__Qwen-Qwen3-32B-AWQ,uniform-n4-t100-o80-s10005,c3_mas,64000,9,worker_b,250,825,10,stop,False,22245,22245,25.894181506708264
c3_mas__uniform-n4-t100-o80-s10005__cap64000__Qwen-Qwen3-32B-AWQ,uniform-n4-t100-o80-s10005,c3_mas,64000,10,worker_b,310,92,25,stop,False,21100,21100,3.779394934885204
c3_mas__uniform-n4-t100-o80-s10005__cap64000__Qwen-Qwen3-32B-AWQ,uniform-n4-t100-o80-s10005,c3_mas,64000,11,worker_b,385,1062,49,stop,False,20598,20598,34.65145077742636
c3_mas__uniform-n4-t100-o80-s10005__cap64000__Qwen-Qwen3-32B-AWQ,uniform-n4-t100-o80-s10005,c3_mas,64000,12,worker_b,458,1261,58,stop,False,19029,19029,41.2945299660787
c3_mas__uniform-n4-t100-o80-s10005__cap64000__Qwen-Qwen3-32B-AWQ,uniform-n4-t100-o80-s10005,c3_mas,64000,13,worker_b,542,4279,85,stop,False,17168,17168,139.7903340505436
c3_mas__uniform-n4-t100-o80-s10005__cap64000__Qwen-Qwen3-32B-AWQ,uniform-n4-t100-o80-s10005,c3_mas,64000,14,worker_b,647,680,5,stop,False,12157,12157,22.414849395863712
c3_mas__uniform-n4-t100-o80-s10005__cap64000__Qwen-Qwen3-32B-AWQ,uniform-n4-t100-o80-s10005,c3_mas,64000,15,critic,390,3762,12,stop,True,38621,32378,119.06078912783414
c3_mas__uniform-n4-t100-o80-s10005__cap64000__Qwen-Qwen3-32B-AWQ,uniform-n4-t100-o80-s10005,c3_mas,64000,16,finalize,97,0,7,stop,True,35006,32671,0.32339449133723974
c3_mas__uniform-n4-t100-o80-s10005__cap8000__Qwen-Qwen3-32B-AWQ,uniform-n4-t100-o80-s10005,c3_mas,8000,0,worker_a,225,1177,7,stop,False,2679,2679,36.401902875863016
c3_mas__uniform-n4-t100-o80-s10005__cap8000__Qwen-Qwen3-32B-AWQ,uniform-n4-t100-o80-s10005,c3_mas,8000,1,worker_a,250,470,31,stop,False,1245,1245,15.36845425888896
c3_mas__uniform-n4-t100-o80-s10005__cap8000__Qwen-Qwen3-32B-AWQ,uniform-n4-t100-o80-s10005,c3_mas,8000,2,worker_a,331,413,0,length,False,413,413,12.861215722747147
c3_mas__uniform-n4-t100-o80-s10005__cap8000__Qwen-Qwen3-32B-AWQ,uniform-n4-t100-o80-s10005,c3_mas,8000,3,worker_b,225,1177,7,stop,False,2679,2679,36.638113521039486
c3_mas__uniform-n4-t100-o80-s10005__cap8000__Qwen-Qwen3-32B-AWQ,uniform-n4-t100-o80-s10005,c3_mas,8000,4,worker_b,250,476,35,stop,False,1245,1245,15.741861950606108
c3_mas__uniform-n4-t100-o80-s10005__cap8000__Qwen-Qwen3-32B-AWQ,uniform-n4-t100-o80-s10005,c3_mas,8000,5,worker_b,335,399,0,length,False,399,399,12.660435117781162
c3_mas__uniform-n4-t100-o80-s10005__cap8000__Qwen-Qwen3-32B-AWQ,uniform-n4-t100-o80-s10005,c3_mas,8000,6,finalize,93,0,7,stop,False,2099,2099,0.3174872659146786
c3_mas__uniform-n4-t20-o20-s10005__cap16000__Qwen-Qwen3-32B-AWQ,uniform-n4-t20-o20-s10005,c3_mas,16000,0,worker_a,225,1177,7,stop,False,5679,5679,36.30493783950806
c3_mas__uniform-n4-t20-o20-s10005__cap16000__Qwen-Qwen3-32B-AWQ,uniform-n4-t20-o20-s10005,c3_mas,16000,1,worker_a,250,470,31,stop,False,4245,4245,15.567857122980058
c3_mas__uniform-n4-t20-o20-s10005__cap16000__Qwen-Qwen3-32B-AWQ,uniform-n4-t20-o20-s10005,c3_mas,16000,2,worker_a,330,338,29,stop,False,3414,3414,11.577253804542124
c3_mas__uniform-n4-t20-o20-s10005__cap16000__Qwen-Qwen3-32B-AWQ,uniform-n4-t20-o20-s10005,c3_mas,16000,3,worker_a,408,1532,249,stop,False,2639,2639,55.43566265515983
c3_mas__uniform-n4-t20-o20-s10005__cap16000__Qwen-Qwen3-32B-AWQ,uniform-n4-t20-o20-s10005,c3_mas,16000,4,worker_a,681,177,0,length,False,177,177,5.840176424942911
c3_mas__uniform-n4-t20-o20-s10005__cap16000__Qwen-Qwen3-32B-AWQ,uniform-n4-t20-o20-s10005,c3_mas,16000,5,worker_b,225,1177,7,stop,False,5679,5679,36.11326338071376
c3_mas__uniform-n4-t20-o20-s10005__cap16000__Qwen-Qwen3-32B-AWQ,uniform-n4-t20-o20-s10005,c3_mas,16000,6,worker_b,250,782,10,stop,False,4245,4245,24.2769423937425
c3_mas__uniform-n4-t20-o20-s10005__cap16000__Qwen-Qwen3-32B-AWQ,uniform-n4-t20-o20-s10005,c3_mas,16000,7,worker_b,309,286,10,stop,False,3144,3144,9.395546946674585
c3_mas__uniform-n4-t20-o20-s10005__cap16000__Qwen-Qwen3-32B-AWQ,uniform-n4-t20-o20-s10005,c3_mas,16000,8,worker_b,368,942,13,stop,False,2480,2480,29.820197491906583
c3_mas__uniform-n4-t20-o20-s10005__cap16000__Qwen-Qwen3-32B-AWQ,uniform-n4-t20-o20-s10005,c3_mas,16000,9,worker_b,405,630,13,stop,False,1120,1120,19.75268237758428
c3_mas__uniform-n4-t20-o20-s10005__cap16000__Qwen-Qwen3-32B-AWQ,uniform-n4-t20-o20-s10005,c3_mas,16000,10,worker_b,442,35,0,length,False,35,35,1.7703472264111042
c3_mas__uniform-n4-t20-o20-s10005__cap16000__Qwen-Qwen3-32B-AWQ,uniform-n4-t20-o20-s10005,c3_mas,16000,11,finalize,93,0,7,stop,False,4099,4099,0.3160149706527591
c3_mas__uniform-n4-t20-o20-s10005__cap32000__Qwen-Qwen3-32B-AWQ,uniform-n4-t20-o20-s10005,c3_mas,32000,0,worker_a,225,1177,7,stop,False,11679,11679,36.9987661158666
c3_mas__uniform-n4-t20-o20-s10005__cap32000__Qwen-Qwen3-32B-AWQ,uniform-n4-t20-o20-s10005,c3_mas,32000,1,worker_a,250,470,31,stop,False,10245,10245,15.28446626663208
c3_mas__uniform-n4-t20-o20-s10005__cap32000__Qwen-Qwen3-32B-AWQ,uniform-n4-t20-o20-s10005,c3_mas,32000,2,worker_a,330,338,29,stop,False,9414,9414,11.39050822891295
c3_mas__uniform-n4-t20-o20-s10005__cap32000__Qwen-Qwen3-32B-AWQ,uniform-n4-t20-o20-s10005,c3_mas,32000,3,worker_a,408,1899,41,stop,False,8639,8639,60.563683865591884
c3_mas__uniform-n4-t20-o20-s10005__cap32000__Qwen-Qwen3-32B-AWQ,uniform-n4-t20-o20-s10005,c3_mas,32000,4,worker_a,473,835,38,stop,False,6226,6226,27.268670566380024
c3_mas__uniform-n4-t20-o20-s10005__cap32000__Qwen-Qwen3-32B-AWQ,uniform-n4-t20-o20-s10005,c3_mas,32000,5,worker_a,537,1341,120,stop,False,4816,4816,46.232643911615014
c3_mas__uniform-n4-t20-o20-s10005__cap32000__Qwen-Qwen3-32B-AWQ,uniform-n4-t20-o20-s10005,c3_mas,32000,6,worker_a,677,652,5,stop,False,2678,2678,20.641727312467992
c3_mas__uniform-n4-t20-o20-s10005__cap32000__Qwen-Qwen3-32B-AWQ,uniform-n4-t20-o20-s10005,c3_mas,32000,7,worker_b,225,1177,7,stop,False,11679,11679,37.32364541757852
c3_mas__uniform-n4-t20-o20-s10005__cap32000__Qwen-Qwen3-32B-AWQ,uniform-n4-t20-o20-s10005,c3_mas,32000,8,worker_b,250,476,35,stop,False,10245,10245,15.728069367818534
c3_mas__uniform-n4-t20-o20-s10005__cap32000__Qwen-Qwen3-32B-AWQ,uniform-n4-t20-o20-s10005,c3_mas,32000,9,worker_b,334,439,35,stop,False,9400,9400,14.728664506226778
c3_mas__uniform-n4-t20-o20-s10005__cap32000__Qwen-Qwen3-32B-AWQ,uniform-n4-t20-o20-s10005,c3_mas,32000,10,worker_b,418,450,13,stop,False,8508,8508,14.357906782999635
c3_mas__uniform-n4-t20-o20-s10005__cap32000__Qwen-Qwen3-32B-AWQ,uniform-n4-t20-o20-s10005,c3_mas,32000,11,worker_b,455,1008,15,stop,False,7590,7590,31.87567068822682
c3_mas__uniform-n4-t20-o20-s10005__cap32000__Qwen-Qwen3-32B-AWQ,uniform-n4-t20-o20-s10005,c3_mas,32000,12,worker_b,496,1058,48,stop,False,6071,6071,34.6133041465655
c3_mas__uniform-n4-t20-o20-s10005__cap32000__Qwen-Qwen3-32B-AWQ,uniform-n4-t20-o20-s10005,c3_mas,32000,13,worker_b,564,370,5,stop,False,4401,4401,11.834551755338907
c3_mas__uniform-n4-t20-o20-s10005__cap32000__Qwen-Qwen3-32B-AWQ,uniform-n4-t20-o20-s10005,c3_mas,32000,14,critic,546,2735,32,stop,False,13437,13437,87.47137017920613
c3_mas__uniform-n4-t20-o20-s10005__cap32000__Qwen-Qwen3-32B-AWQ,uniform-n4-t20-o20-s10005,c3_mas,32000,15,finalize,117,0,73,stop,False,10809,10809,2.3416981799528003
c3_mas__uniform-n4-t20-o20-s10005__cap64000__Qwen-Qwen3-32B-AWQ,uniform-n4-t20-o20-s10005,c3_mas,64000,0,worker_a,225,1177,7,stop,False,23679,23679,36.26240099873394
c3_mas__uniform-n4-t20-o20-s10005__cap64000__Qwen-Qwen3-32B-AWQ,uniform-n4-t20-o20-s10005,c3_mas,64000,1,worker_a,250,470,31,stop,False,22245,22245,15.30238762497902
c3_mas__uniform-n4-t20-o20-s10005__cap64000__Qwen-Qwen3-32B-AWQ,uniform-n4-t20-o20-s10005,c3_mas,64000,2,worker_a,330,338,29,stop,False,21414,21414,11.452408188022673
c3_mas__uniform-n4-t20-o20-s10005__cap64000__Qwen-Qwen3-32B-AWQ,uniform-n4-t20-o20-s10005,c3_mas,64000,3,worker_a,408,1572,189,stop,False,20639,20639,54.21150662004948
c3_mas__uniform-n4-t20-o20-s10005__cap64000__Qwen-Qwen3-32B-AWQ,uniform-n4-t20-o20-s10005,c3_mas,64000,4,worker_a,621,670,102,stop,False,18257,18257,24.4113706946373
c3_mas__uniform-n4-t20-o20-s10005__cap64000__Qwen-Qwen3-32B-AWQ,uniform-n4-t20-o20-s10005,c3_mas,64000,5,worker_a,743,501,5,stop,False,16742,16742,15.900430211797357
c3_mas__uniform-n4-t20-o20-s10005__cap64000__Qwen-Qwen3-32B-AWQ,uniform-n4-t20-o20-s10005,c3_mas,64000,6,worker_b,225,1177,7,stop,False,23679,23679,36.564736912958324
c3_mas__uniform-n4-t20-o20-s10005__cap64000__Qwen-Qwen3-32B-AWQ,uniform-n4-t20-o20-s10005,c3_mas,64000,7,worker_b,250,476,35,stop,False,22245,22245,15.787034193053842
c3_mas__uniform-n4-t20-o20-s10005__cap64000__Qwen-Qwen3-32B-AWQ,uniform-n4-t20-o20-s10005,c3_mas,64000,8,worker_b,334,439,35,stop,False,21400,21400,14.836161591112614
c3_mas__uniform-n4-t20-o20-s10005__cap64000__Qwen-Qwen3-32B-AWQ,uniform-n4-t20-o20-s10005,c3_mas,64000,9,worker_b,418,450,13,stop,False,20508,20508,14.632832032628357
c3_mas__uniform-n4-t20-o20-s10005__cap64000__Qwen-Qwen3-32B-AWQ,uniform-n4-t20-o20-s10005,c3_mas,64000,10,worker_b,455,1008,15,stop,False,19590,19590,32.48085243720561
c3_mas__uniform-n4-t20-o20-s10005__cap64000__Qwen-Qwen3-32B-AWQ,uniform-n4-t20-o20-s10005,c3_mas,64000,11,worker_b,496,1058,48,stop,False,18071,18071,35.3399890428409
c3_mas__uniform-n4-t20-o20-s10005__cap64000__Qwen-Qwen3-32B-AWQ,uniform-n4-t20-o20-s10005,c3_mas,64000,12,worker_b,564,370,5,stop,False,16401,16401,11.79163717944175
c3_mas__uniform-n4-t20-o20-s10005__cap64000__Qwen-Qwen3-32B-AWQ,uniform-n4-t20-o20-s10005,c3_mas,64000,13,critic,387,1630,18,stop,True,47811,32381,50.99639834463596
c3_mas__uniform-n4-t20-o20-s10005__cap64000__Qwen-Qwen3-32B-AWQ,uniform-n4-t20-o20-s10005,c3_mas,64000,14,finalize,103,0,7,stop,True,46316,32665,0.32764701172709465
c3_mas__uniform-n4-t20-o20-s10005__cap8000__Qwen-Qwen3-32B-AWQ,uniform-n4-t20-o20-s10005,c3_mas,8000,0,worker_a,225,1177,7,stop,False,2679,2679,36.85206458903849
c3_mas__uniform-n4-t20-o20-s10005__cap8000__Qwen-Qwen3-32B-AWQ,uniform-n4-t20-o20-s10005,c3_mas,8000,1,worker_a,250,470,31,stop,False,1245,1245,15.22607180569321
c3_mas__uniform-n4-t20-o20-s10005__cap8000__Qwen-Qwen3-32B-AWQ,uniform-n4-t20-o20-s10005,c3_mas,8000,2,worker_a,330,338,29,stop,False,414,414,11.437524693086743
c3_mas__uniform-n4-t20-o20-s10005__cap8000__Qwen-Qwen3-32B-AWQ,uniform-n4-t20-o20-s10005,c3_mas,8000,3,worker_b,225,1532,7,stop,False,2679,2679,47.5132145145908
c3_mas__uniform-n4-t20-o20-s10005__cap8000__Qwen-Qwen3-32B-AWQ,uniform-n4-t20-o20-s10005,c3_mas,8000,4,worker_b,250,682,35,stop,False,890,890,22.271201006136835
c3_mas__uniform-n4-t20-o20-s10005__cap8000__Qwen-Qwen3-32B-AWQ,uniform-n4-t20-o20-s10005,c3_mas,8000,5,finalize,93,0,7,stop,False,2319,2319,0.31666459143161774
c3_mas__uniform-n4-t20-o80-s10005__cap16000__Qwen-Qwen3-32B-AWQ,uniform-n4-t20-o80-s10005,c3_mas,16000,0,worker_a,225,1177,7,stop,False,5679,5679,36.77360247448087
c3_mas__uniform-n4-t20-o80-s10005__cap16000__Qwen-Qwen3-32B-AWQ,uniform-n4-t20-o80-s10005,c3_mas,16000,1,worker_a,250,470,31,stop,False,4245,4245,15.35101322364062
c3_mas__uniform-n4-t20-o80-s10005__cap16000__Qwen-Qwen3-32B-AWQ,uniform-n4-t20-o80-s10005,c3_mas,16000,2,worker_a,330,240,31,stop,False,3414,3414,8.527741617523134
c3_mas__uniform-n4-t20-o80-s10005__cap16000__Qwen-Qwen3-32B-AWQ,uniform-n4-t20-o80-s10005,c3_mas,16000,3,worker_a,410,334,52,stop,False,2733,2733,12.325726293958724
c3_mas__uniform-n4-t20-o80-s10005__cap16000__Qwen-Qwen3-32B-AWQ,uniform-n4-t20-o80-s10005,c3_mas,16000,4,worker_a,486,339,46,stop,False,1861,1861,12.01400806568563
c3_mas__uniform-n4-t20-o80-s10005__cap16000__Qwen-Qwen3-32B-AWQ,uniform-n4-t20-o80-s10005,c3_mas,16000,5,worker_a,556,389,53,stop,False,920,920,13.889195274561644
c3_mas__uniform-n4-t20-o80-s10005__cap16000__Qwen-Qwen3-32B-AWQ,uniform-n4-t20-o80-s10005,c3_mas,16000,6,worker_b,225,1532,7,stop,False,5679,5679,48.063157534226775
c3_mas__uniform-n4-t20-o80-s10005__cap16000__Qwen-Qwen3-32B-AWQ,uniform-n4-t20-o80-s10005,c3_mas,16000,7,worker_b,250,476,35,stop,False,3890,3890,15.712455379776657
c3_mas__uniform-n4-t20-o80-s10005__cap16000__Qwen-Qwen3-32B-AWQ,uniform-n4-t20-o80-s10005,c3_mas,16000,8,worker_b,334,521,10,stop,False,3045,3045,16.91084974259138
c3_mas__uniform-n4-t20-o80-s10005__cap16000__Qwen-Qwen3-32B-AWQ,uniform-n4-t20-o80-s10005,c3_mas,16000,9,worker_b,393,1841,62,stop,False,2121,2121,59.56603886000812
c3_mas__uniform-n4-t20-o80-s10005__cap16000__Qwen-Qwen3-32B-AWQ,uniform-n4-t20-o80-s10005,c3_mas,16000,10,finalize,93,0,7,stop,False,4795,4795,0.32605827506631613
c3_mas__uniform-n4-t20-o80-s10005__cap32000__Qwen-Qwen3-32B-AWQ,uniform-n4-t20-o80-s10005,c3_mas,32000,0,worker_a,225,1177,7,stop,False,11679,11679,36.92042928561568
c3_mas__uniform-n4-t20-o80-s10005__cap32000__Qwen-Qwen3-32B-AWQ,uniform-n4-t20-o80-s10005,c3_mas,32000,1,worker_a,250,470,31,stop,False,10245,10245,15.825007185339928
c3_mas__uniform-n4-t20-o80-s10005__cap32000__Qwen-Qwen3-32B-AWQ,uniform-n4-t20-o80-s10005,c3_mas,32000,2,worker_a,330,240,31,stop,False,9414,9414,8.767077173106372
c3_mas__uniform-n4-t20-o80-s10005__cap32000__Qwen-Qwen3-32B-AWQ,uniform-n4-t20-o80-s10005,c3_mas,32000,3,worker_a,410,334,52,stop,False,8733,8733,12.500560530461371
c3_mas__uniform-n4-t20-o80-s10005__cap32000__Qwen-Qwen3-32B-AWQ,uniform-n4-t20-o80-s10005,c3_mas,32000,4,worker_a,486,339,46,stop,False,7861,7861,11.903987939469516
c3_mas__uniform-n4-t20-o80-s10005__cap32000__Qwen-Qwen3-32B-AWQ,uniform-n4-t20-o80-s10005,c3_mas,32000,5,worker_a,556,389,53,stop,False,6920,6920,13.793771653436124
c3_mas__uniform-n4-t20-o80-s10005__cap32000__Qwen-Qwen3-32B-AWQ,uniform-n4-t20-o80-s10005,c3_mas,32000,6,worker_a,635,1549,41,stop,False,5843,5843,49.39335173461586
c3_mas__uniform-n4-t20-o80-s10005__cap32000__Qwen-Qwen3-32B-AWQ,uniform-n4-t20-o80-s10005,c3_mas,32000,7,worker_a,696,1307,62,stop,False,3557,3557,43.16969027277082
c3_mas__uniform-n4-t20-o80-s10005__cap32000__Qwen-Qwen3-32B-AWQ,uniform-n4-t20-o80-s10005,c3_mas,32000,8,worker_b,225,1177,7,stop,False,11679,11679,37.06320516765118
c3_mas__uniform-n4-t20-o80-s10005__cap32000__Qwen-Qwen3-32B-AWQ,uniform-n4-t20-o80-s10005,c3_mas,32000,9,worker_b,250,476,35,stop,False,10245,10245,15.67248181719333
c3_mas__uniform-n4-t20-o80-s10005__cap32000__Qwen-Qwen3-32B-AWQ,uniform-n4-t20-o80-s10005,c3_mas,32000,10,worker_b,334,521,10,stop,False,9400,9400,16.469802013598382
c3_mas__uniform-n4-t20-o80-s10005__cap32000__Qwen-Qwen3-32B-AWQ,uniform-n4-t20-o80-s10005,c3_mas,32000,11,worker_b,393,441,40,stop,False,8476,8476,15.45214603189379
c3_mas__uniform-n4-t20-o80-s10005__cap32000__Qwen-Qwen3-32B-AWQ,uniform-n4-t20-o80-s10005,c3_mas,32000,12,worker_b,457,177,13,stop,False,7538,7538,6.092830393463373
c3_mas__uniform-n4-t20-o80-s10005__cap32000__Qwen-Qwen3-32B-AWQ,uniform-n4-t20-o80-s10005,c3_mas,32000,13,worker_b,494,847,43,stop,False,6854,6854,27.554212492890656
c3_mas__uniform-n4-t20-o80-s10005__cap32000__Qwen-Qwen3-32B-AWQ,uniform-n4-t20-o80-s10005,c3_mas,32000,14,worker_b,563,1585,160,stop,False,5401,5401,53.933128274045885
c3_mas__uniform-n4-t20-o80-s10005__cap32000__Qwen-Qwen3-32B-AWQ,uniform-n4-t20-o80-s10005,c3_mas,32000,15,worker_b,743,658,124,stop,False,2913,2913,24.507447320967913
c3_mas__uniform-n4-t20-o80-s10005__cap32000__Qwen-Qwen3-32B-AWQ,uniform-n4-t20-o80-s10005,c3_mas,32000,16,critic,546,4990,32,stop,False,11709,11709,160.35207688063383
c3_mas__uniform-n4-t20-o80-s10005__cap32000__Qwen-Qwen3-32B-AWQ,uniform-n4-t20-o80-s10005,c3_mas,32000,17,finalize,117,0,73,stop,False,6826,6826,2.4298343686386943
c3_mas__uniform-n4-t20-o80-s10005__cap64000__Qwen-Qwen3-32B-AWQ,uniform-n4-t20-o80-s10005,c3_mas,64000,0,worker_a,225,1532,7,stop,False,23679,23679,47.637832479551435
c3_mas__uniform-n4-t20-o80-s10005__cap64000__Qwen-Qwen3-32B-AWQ,uniform-n4-t20-o80-s10005,c3_mas,64000,1,worker_a,250,470,31,stop,False,21890,21890,15.373098300769925
c3_mas__uniform-n4-t20-o80-s10005__cap64000__Qwen-Qwen3-32B-AWQ,uniform-n4-t20-o80-s10005,c3_mas,64000,2,worker_a,330,240,31,stop,False,21059,21059,8.527274545282125
c3_mas__uniform-n4-t20-o80-s10005__cap64000__Qwen-Qwen3-32B-AWQ,uniform-n4-t20-o80-s10005,c3_mas,64000,3,worker_a,410,334,52,stop,False,20378,20378,12.327803106047213
c3_mas__uniform-n4-t20-o80-s10005__cap64000__Qwen-Qwen3-32B-AWQ,uniform-n4-t20-o80-s10005,c3_mas,64000,4,worker_a,486,339,46,stop,False,19506,19506,11.987437602132559
c3_mas__uniform-n4-t20-o80-s10005__cap64000__Qwen-Qwen3-32B-AWQ,uniform-n4-t20-o80-s10005,c3_mas,64000,5,worker_a,556,389,53,stop,False,18565,18565,13.92758789844811
c3_mas__uniform-n4-t20-o80-s10005__cap64000__Qwen-Qwen3-32B-AWQ,uniform-n4-t20-o80-s10005,c3_mas,64000,6,worker_a,635,1549,41,stop,False,17488,17488,49.09785054810345
c3_mas__uniform-n4-t20-o80-s10005__cap64000__Qwen-Qwen3-32B-AWQ,uniform-n4-t20-o80-s10005,c3_mas,64000,7,worker_a,696,1307,62,stop,False,15202,15202,42.89644612837583
c3_mas__uniform-n4-t20-o80-s10005__cap64000__Qwen-Qwen3-32B-AWQ,uniform-n4-t20-o80-s10005,c3_mas,64000,8,worker_b,225,1177,7,stop,False,23679,23679,36.54365934804082
c3_mas__uniform-n4-t20-o80-s10005__cap64000__Qwen-Qwen3-32B-AWQ,uniform-n4-t20-o80-s10005,c3_mas,64000,9,worker_b,250,476,35,stop,False,22245,22245,15.695411516353488
c3_mas__uniform-n4-t20-o80-s10005__cap64000__Qwen-Qwen3-32B-AWQ,uniform-n4-t20-o80-s10005,c3_mas,64000,10,worker_b,334,521,10,stop,False,21400,21400,16.508993963710964
c3_mas__uniform-n4-t20-o80-s10005__cap64000__Qwen-Qwen3-32B-AWQ,uniform-n4-t20-o80-s10005,c3_mas,64000,11,worker_b,393,502,51,stop,False,20476,20476,17.55892727151513
c3_mas__uniform-n4-t20-o80-s10005__cap64000__Qwen-Qwen3-32B-AWQ,uniform-n4-t20-o80-s10005,c3_mas,64000,12,worker_b,468,799,13,stop,False,19455,19455,25.106095479801297
c3_mas__uniform-n4-t20-o80-s10005__cap64000__Qwen-Qwen3-32B-AWQ,uniform-n4-t20-o80-s10005,c3_mas,64000,13,worker_b,505,1117,50,stop,False,18138,18138,36.55157396849245
c3_mas__uniform-n4-t20-o80-s10005__cap64000__Qwen-Qwen3-32B-AWQ,uniform-n4-t20-o80-s10005,c3_mas,64000,14,worker_b,581,1502,18,stop,False,16390,16390,47.41325025819242
c3_mas__uniform-n4-t20-o80-s10005__cap64000__Qwen-Qwen3-32B-AWQ,uniform-n4-t20-o80-s10005,c3_mas,64000,15,worker_b,619,867,5,stop,False,14251,14251,28.081492757424712
c3_mas__uniform-n4-t20-o80-s10005__cap64000__Qwen-Qwen3-32B-AWQ,uniform-n4-t20-o80-s10005,c3_mas,64000,16,critic,546,5008,32,stop,True,42602,32222,161.5626352559775
c3_mas__uniform-n4-t20-o80-s10005__cap64000__Qwen-Qwen3-32B-AWQ,uniform-n4-t20-o80-s10005,c3_mas,64000,17,finalize,117,0,73,stop,True,37701,32651,2.338901567272842
c3_mas__uniform-n4-t20-o80-s10005__cap8000__Qwen-Qwen3-32B-AWQ,uniform-n4-t20-o80-s10005,c3_mas,8000,0,worker_a,225,1177,7,stop,False,2679,2679,36.358461315743625
c3_mas__uniform-n4-t20-o80-s10005__cap8000__Qwen-Qwen3-32B-AWQ,uniform-n4-t20-o80-s10005,c3_mas,8000,1,worker_a,250,470,31,stop,False,1245,1245,15.180395714007318
c3_mas__uniform-n4-t20-o80-s10005__cap8000__Qwen-Qwen3-32B-AWQ,uniform-n4-t20-o80-s10005,c3_mas,8000,2,worker_a,330,240,31,stop,False,414,414,8.440785797312856
c3_mas__uniform-n4-t20-o80-s10005__cap8000__Qwen-Qwen3-32B-AWQ,uniform-n4-t20-o80-s10005,c3_mas,8000,3,worker_b,225,1177,7,stop,False,2679,2679,36.39897268731147
c3_mas__uniform-n4-t20-o80-s10005__cap8000__Qwen-Qwen3-32B-AWQ,uniform-n4-t20-o80-s10005,c3_mas,8000,4,worker_b,250,476,35,stop,False,1245,1245,15.617842249572277
c3_mas__uniform-n4-t20-o80-s10005__cap8000__Qwen-Qwen3-32B-AWQ,uniform-n4-t20-o80-s10005,c3_mas,8000,5,worker_b,334,400,0,length,False,400,400,12.398835001513362
c3_mas__uniform-n4-t20-o80-s10005__cap8000__Qwen-Qwen3-32B-AWQ,uniform-n4-t20-o80-s10005,c3_mas,8000,6,finalize,93,0,7,stop,False,2242,2242,0.31850477028638124
c3_mas__uniform-n6-t100-o20-s10005__cap16000__Qwen-Qwen3-32B-AWQ,uniform-n6-t100-o20-s10005,c3_mas,16000,0,worker_a,225,1177,7,stop,False,5679,5679,36.463855414651334
c3_mas__uniform-n6-t100-o20-s10005__cap16000__Qwen-Qwen3-32B-AWQ,uniform-n6-t100-o20-s10005,c3_mas,16000,1,worker_a,253,271,32,stop,False,4242,4242,9.409048484638333
c3_mas__uniform-n6-t100-o20-s10005__cap16000__Qwen-Qwen3-32B-AWQ,uniform-n6-t100-o20-s10005,c3_mas,16000,2,worker_a,335,547,49,stop,False,3604,3604,18.560690402053297
c3_mas__uniform-n6-t100-o20-s10005__cap16000__Qwen-Qwen3-32B-AWQ,uniform-n6-t100-o20-s10005,c3_mas,16000,3,worker_a,408,343,72,stop,False,2600,2600,12.934952404350042
c3_mas__uniform-n6-t100-o20-s10005__cap16000__Qwen-Qwen3-32B-AWQ,uniform-n6-t100-o20-s10005,c3_mas,16000,4,worker_a,530,649,46,stop,False,1655,1655,21.454187761992216
c3_mas__uniform-n6-t100-o20-s10005__cap16000__Qwen-Qwen3-32B-AWQ,uniform-n6-t100-o20-s10005,c3_mas,16000,5,worker_a,602,358,0,length,False,358,358,11.386432303115726
c3_mas__uniform-n6-t100-o20-s10005__cap16000__Qwen-Qwen3-32B-AWQ,uniform-n6-t100-o20-s10005,c3_mas,16000,6,worker_b,225,1177,7,stop,False,5679,5679,36.3518205685541
c3_mas__uniform-n6-t100-o20-s10005__cap16000__Qwen-Qwen3-32B-AWQ,uniform-n6-t100-o20-s10005,c3_mas,16000,7,worker_b,253,701,10,stop,False,4242,4242,22.48566246032715
c3_mas__uniform-n6-t100-o20-s10005__cap16000__Qwen-Qwen3-32B-AWQ,uniform-n6-t100-o20-s10005,c3_mas,16000,8,worker_b,313,321,46,stop,False,3218,3218,11.660929169505835
c3_mas__uniform-n6-t100-o20-s10005__cap16000__Qwen-Qwen3-32B-AWQ,uniform-n6-t100-o20-s10005,c3_mas,16000,9,worker_b,383,711,10,stop,False,2468,2468,22.139229329302907
c3_mas__uniform-n6-t100-o20-s10005__cap16000__Qwen-Qwen3-32B-AWQ,uniform-n6-t100-o20-s10005,c3_mas,16000,10,worker_b,443,487,10,stop,False,1304,1304,15.380062127485871
c3_mas__uniform-n6-t100-o20-s10005__cap16000__Qwen-Qwen3-32B-AWQ,uniform-n6-t100-o20-s10005,c3_mas,16000,11,worker_b,503,304,0,length,False,304,304,9.723583734594285
c3_mas__uniform-n6-t100-o20-s10005__cap16000__Qwen-Qwen3-32B-AWQ,uniform-n6-t100-o20-s10005,c3_mas,16000,12,finalize,93,0,7,stop,False,4099,4099,0.3149356758221984
c3_mas__uniform-n6-t100-o20-s10005__cap32000__Qwen-Qwen3-32B-AWQ,uniform-n6-t100-o20-s10005,c3_mas,32000,0,worker_a,225,1177,7,stop,False,11679,11679,36.28911815211177
c3_mas__uniform-n6-t100-o20-s10005__cap32000__Qwen-Qwen3-32B-AWQ,uniform-n6-t100-o20-s10005,c3_mas,32000,1,worker_a,253,271,32,stop,False,10242,10242,9.495732164941728
c3_mas__uniform-n6-t100-o20-s10005__cap32000__Qwen-Qwen3-32B-AWQ,uniform-n6-t100-o20-s10005,c3_mas,32000,2,worker_a,335,547,49,stop,False,9604,9604,18.496182867325842
c3_mas__uniform-n6-t100-o20-s10005__cap32000__Qwen-Qwen3-32B-AWQ,uniform-n6-t100-o20-s10005,c3_mas,32000,3,worker_a,408,343,72,stop,False,8600,8600,13.20036953408271
c3_mas__uniform-n6-t100-o20-s10005__cap32000__Qwen-Qwen3-32B-AWQ,uniform-n6-t100-o20-s10005,c3_mas,32000,4,worker_a,530,649,46,stop,False,7655,7655,21.839852985925972
c3_mas__uniform-n6-t100-o20-s10005__cap32000__Qwen-Qwen3-32B-AWQ,uniform-n6-t100-o20-s10005,c3_mas,32000,5,worker_a,602,441,29,stop,False,6358,6358,14.73893613461405
c3_mas__uniform-n6-t100-o20-s10005__cap32000__Qwen-Qwen3-32B-AWQ,uniform-n6-t100-o20-s10005,c3_mas,32000,6,worker_a,681,4225,45,stop,False,5207,5207,135.76677063573152
c3_mas__uniform-n6-t100-o20-s10005__cap32000__Qwen-Qwen3-32B-AWQ,uniform-n6-t100-o20-s10005,c3_mas,32000,7,worker_a,752,185,0,length,False,185,185,6.130184994079173
c3_mas__uniform-n6-t100-o20-s10005__cap32000__Qwen-Qwen3-32B-AWQ,uniform-n6-t100-o20-s10005,c3_mas,32000,8,worker_b,225,1177,7,stop,False,11679,11679,36.29329033009708
c3_mas__uniform-n6-t100-o20-s10005__cap32000__Qwen-Qwen3-32B-AWQ,uniform-n6-t100-o20-s10005,c3_mas,32000,9,worker_b,253,701,10,stop,False,10242,10242,21.827191380783916
c3_mas__uniform-n6-t100-o20-s10005__cap32000__Qwen-Qwen3-32B-AWQ,uniform-n6-t100-o20-s10005,c3_mas,32000,10,worker_b,313,321,46,stop,False,9218,9218,11.586427800357342
c3_mas__uniform-n6-t100-o20-s10005__cap32000__Qwen-Qwen3-32B-AWQ,uniform-n6-t100-o20-s10005,c3_mas,32000,11,worker_b,383,1750,10,stop,False,8468,8468,54.46023590862751
c3_mas__uniform-n6-t100-o20-s10005__cap32000__Qwen-Qwen3-32B-AWQ,uniform-n6-t100-o20-s10005,c3_mas,32000,12,worker_b,443,487,10,stop,False,6265,6265,15.577240870334208
c3_mas__uniform-n6-t100-o20-s10005__cap32000__Qwen-Qwen3-32B-AWQ,uniform-n6-t100-o20-s10005,c3_mas,32000,13,worker_b,503,929,51,stop,False,5265,5265,31.046312576159835
c3_mas__uniform-n6-t100-o20-s10005__cap32000__Qwen-Qwen3-32B-AWQ,uniform-n6-t100-o20-s10005,c3_mas,32000,14,worker_b,579,1194,48,stop,False,3706,3706,38.265991754829884
c3_mas__uniform-n6-t100-o20-s10005__cap32000__Qwen-Qwen3-32B-AWQ,uniform-n6-t100-o20-s10005,c3_mas,32000,15,worker_b,653,737,26,stop,False,1811,1811,23.7484276490286
c3_mas__uniform-n6-t100-o20-s10005__cap32000__Qwen-Qwen3-32B-AWQ,uniform-n6-t100-o20-s10005,c3_mas,32000,16,worker_b,699,349,0,length,False,349,349,11.207942430861294
c3_mas__uniform-n6-t100-o20-s10005__cap32000__Qwen-Qwen3-32B-AWQ,uniform-n6-t100-o20-s10005,c3_mas,32000,17,critic,462,1085,26,stop,False,7474,7474,34.60369016230106
c3_mas__uniform-n6-t100-o20-s10005__cap32000__Qwen-Qwen3-32B-AWQ,uniform-n6-t100-o20-s10005,c3_mas,32000,18,finalize,111,0,57,stop,False,6508,6508,1.8425931064411998
c3_mas__uniform-n6-t100-o20-s10005__cap64000__Qwen-Qwen3-32B-AWQ,uniform-n6-t100-o20-s10005,c3_mas,64000,0,worker_a,225,1177,7,stop,False,23679,23679,37.25408236030489
c3_mas__uniform-n6-t100-o20-s10005__cap64000__Qwen-Qwen3-32B-AWQ,uniform-n6-t100-o20-s10005,c3_mas,64000,1,worker_a,253,271,32,stop,False,22242,22242,9.47865860722959
c3_mas__uniform-n6-t100-o20-s10005__cap64000__Qwen-Qwen3-32B-AWQ,uniform-n6-t100-o20-s10005,c3_mas,64000,2,worker_a,335,547,49,stop,False,21604,21604,18.64382063038647
c3_mas__uniform-n6-t100-o20-s10005__cap64000__Qwen-Qwen3-32B-AWQ,uniform-n6-t100-o20-s10005,c3_mas,64000,3,worker_a,408,343,72,stop,False,20600,20600,13.190143903717399
c3_mas__uniform-n6-t100-o20-s10005__cap64000__Qwen-Qwen3-32B-AWQ,uniform-n6-t100-o20-s10005,c3_mas,64000,4,worker_a,530,649,46,stop,False,19655,19655,22.193110842257738
c3_mas__uniform-n6-t100-o20-s10005__cap64000__Qwen-Qwen3-32B-AWQ,uniform-n6-t100-o20-s10005,c3_mas,64000,5,worker_a,602,441,29,stop,False,18358,18358,15.28147923015058
c3_mas__uniform-n6-t100-o20-s10005__cap64000__Qwen-Qwen3-32B-AWQ,uniform-n6-t100-o20-s10005,c3_mas,64000,6,worker_a,681,2999,43,stop,False,17207,17207,98.22277461830527
c3_mas__uniform-n6-t100-o20-s10005__cap64000__Qwen-Qwen3-32B-AWQ,uniform-n6-t100-o20-s10005,c3_mas,64000,7,worker_a,750,3077,19,stop,False,13415,13415,99.61586837749928
c3_mas__uniform-n6-t100-o20-s10005__cap64000__Qwen-Qwen3-32B-AWQ,uniform-n6-t100-o20-s10005,c3_mas,64000,8,worker_a,789,1744,94,stop,False,9530,9530,60.67467203550041
c3_mas__uniform-n6-t100-o20-s10005__cap64000__Qwen-Qwen3-32B-AWQ,uniform-n6-t100-o20-s10005,c3_mas,64000,9,worker_b,225,1177,7,stop,False,23679,23679,39.072853659279644
c3_mas__uniform-n6-t100-o20-s10005__cap64000__Qwen-Qwen3-32B-AWQ,uniform-n6-t100-o20-s10005,c3_mas,64000,10,worker_b,253,507,10,stop,False,22242,22242,17.292557824403048
c3_mas__uniform-n6-t100-o20-s10005__cap64000__Qwen-Qwen3-32B-AWQ,uniform-n6-t100-o20-s10005,c3_mas,64000,11,worker_b,313,321,46,stop,False,21412,21412,12.457855166867375
c3_mas__uniform-n6-t100-o20-s10005__cap64000__Qwen-Qwen3-32B-AWQ,uniform-n6-t100-o20-s10005,c3_mas,64000,12,worker_b,383,584,10,stop,False,20662,20662,19.210507851094007
c3_mas__uniform-n6-t100-o20-s10005__cap64000__Qwen-Qwen3-32B-AWQ,uniform-n6-t100-o20-s10005,c3_mas,64000,13,worker_b,443,487,10,stop,False,19625,19625,15.303554791025817
c3_mas__uniform-n6-t100-o20-s10005__cap64000__Qwen-Qwen3-32B-AWQ,uniform-n6-t100-o20-s10005,c3_mas,64000,14,worker_b,503,871,59,stop,False,18625,18625,29.076354983262718
c3_mas__uniform-n6-t100-o20-s10005__cap64000__Qwen-Qwen3-32B-AWQ,uniform-n6-t100-o20-s10005,c3_mas,64000,15,worker_b,587,1762,26,stop,False,17108,17108,56.034019619226456
c3_mas__uniform-n6-t100-o20-s10005__cap64000__Qwen-Qwen3-32B-AWQ,uniform-n6-t100-o20-s10005,c3_mas,64000,16,worker_b,633,827,5,stop,False,14687,14687,25.963043599389493
c3_mas__uniform-n6-t100-o20-s10005__cap64000__Qwen-Qwen3-32B-AWQ,uniform-n6-t100-o20-s10005,c3_mas,64000,17,critic,652,8967,26,stop,True,36831,32116,298.2507868092507
c3_mas__uniform-n6-t100-o20-s10005__cap64000__Qwen-Qwen3-32B-AWQ,uniform-n6-t100-o20-s10005,c3_mas,64000,18,finalize,111,0,57,stop,False,27983,27983,1.9494053730741143
c3_mas__uniform-n6-t100-o20-s10005__cap8000__Qwen-Qwen3-32B-AWQ,uniform-n6-t100-o20-s10005,c3_mas,8000,0,worker_a,225,754,24,stop,False,2679,2679,23.78813827596605
c3_mas__uniform-n6-t100-o20-s10005__cap8000__Qwen-Qwen3-32B-AWQ,uniform-n6-t100-o20-s10005,c3_mas,8000,1,worker_a,270,411,33,stop,False,1631,1631,13.925457176752388
c3_mas__uniform-n6-t100-o20-s10005__cap8000__Qwen-Qwen3-32B-AWQ,uniform-n6-t100-o20-s10005,c3_mas,8000,2,worker_a,353,552,45,stop,False,834,834,18.25532541051507
c3_mas__uniform-n6-t100-o20-s10005__cap8000__Qwen-Qwen3-32B-AWQ,uniform-n6-t100-o20-s10005,c3_mas,8000,3,worker_b,225,1177,7,stop,False,2679,2679,36.51519432570785
c3_mas__uniform-n6-t100-o20-s10005__cap8000__Qwen-Qwen3-32B-AWQ,uniform-n6-t100-o20-s10005,c3_mas,8000,4,worker_b,253,507,10,stop,False,1242,1242,16.11978976521641
c3_mas__uniform-n6-t100-o20-s10005__cap8000__Qwen-Qwen3-32B-AWQ,uniform-n6-t100-o20-s10005,c3_mas,8000,5,worker_b,313,321,46,stop,False,412,412,11.303796366788447
c3_mas__uniform-n6-t100-o20-s10005__cap8000__Qwen-Qwen3-32B-AWQ,uniform-n6-t100-o20-s10005,c3_mas,8000,6,finalize,93,0,7,stop,False,2381,2381,0.32055293396115303
c3_mas__uniform-n6-t100-o20-s10006__cap16000__Qwen-Qwen3-32B-AWQ,uniform-n6-t100-o20-s10006,c3_mas,16000,0,worker_a,225,1177,7,stop,False,5679,5679,36.34560012631118
c3_mas__uniform-n6-t100-o20-s10006__cap16000__Qwen-Qwen3-32B-AWQ,uniform-n6-t100-o20-s10006,c3_mas,16000,1,worker_a,250,313,31,stop,False,4245,4245,10.74260220490396
c3_mas__uniform-n6-t100-o20-s10006__cap16000__Qwen-Qwen3-32B-AWQ,uniform-n6-t100-o20-s10006,c3_mas,16000,2,worker_a,331,243,30,stop,False,3570,3570,8.86871187388897
c3_mas__uniform-n6-t100-o20-s10006__cap16000__Qwen-Qwen3-32B-AWQ,uniform-n6-t100-o20-s10006,c3_mas,16000,3,worker_a,411,790,60,stop,False,2886,2886,26.66445893701166
c3_mas__uniform-n6-t100-o20-s10006__cap16000__Qwen-Qwen3-32B-AWQ,uniform-n6-t100-o20-s10006,c3_mas,16000,4,worker_a,497,1539,0,length,False,1539,1539,47.956026763655245
c3_mas__uniform-n6-t100-o20-s10006__cap16000__Qwen-Qwen3-32B-AWQ,uniform-n6-t100-o20-s10006,c3_mas,16000,5,worker_b,225,1177,7,stop,False,5679,5679,36.81802533008158
c3_mas__uniform-n6-t100-o20-s10006__cap16000__Qwen-Qwen3-32B-AWQ,uniform-n6-t100-o20-s10006,c3_mas,16000,6,worker_b,256,565,31,stop,False,4239,4239,18.539115890860558
c3_mas__uniform-n6-t100-o20-s10006__cap16000__Qwen-Qwen3-32B-AWQ,uniform-n6-t100-o20-s10006,c3_mas,16000,7,worker_b,337,1118,10,stop,False,3306,3306,34.67610595561564
c3_mas__uniform-n6-t100-o20-s10006__cap16000__Qwen-Qwen3-32B-AWQ,uniform-n6-t100-o20-s10006,c3_mas,16000,8,worker_b,395,455,10,stop,False,1783,1783,14.487250409089029
c3_mas__uniform-n6-t100-o20-s10006__cap16000__Qwen-Qwen3-32B-AWQ,uniform-n6-t100-o20-s10006,c3_mas,16000,9,worker_b,455,863,0,length,False,863,863,26.82445552945137
c3_mas__uniform-n6-t100-o20-s10006__cap16000__Qwen-Qwen3-32B-AWQ,uniform-n6-t100-o20-s10006,c3_mas,16000,10,finalize,93,0,7,stop,False,4099,4099,0.31534542609006166
c3_mas__uniform-n6-t100-o20-s10006__cap32000__Qwen-Qwen3-32B-AWQ,uniform-n6-t100-o20-s10006,c3_mas,32000,0,worker_a,225,1177,7,stop,False,11679,11679,36.8402014952153
c3_mas__uniform-n6-t100-o20-s10006__cap32000__Qwen-Qwen3-32B-AWQ,uniform-n6-t100-o20-s10006,c3_mas,32000,1,worker_a,250,313,31,stop,False,10245,10245,10.580562114715576
c3_mas__uniform-n6-t100-o20-s10006__cap32000__Qwen-Qwen3-32B-AWQ,uniform-n6-t100-o20-s10006,c3_mas,32000,2,worker_a,331,243,30,stop,False,9570,9570,8.529305935837328
c3_mas__uniform-n6-t100-o20-s10006__cap32000__Qwen-Qwen3-32B-AWQ,uniform-n6-t100-o20-s10006,c3_mas,32000,3,worker_a,411,790,60,stop,False,8886,8886,26.806662196293473
c3_mas__uniform-n6-t100-o20-s10006__cap32000__Qwen-Qwen3-32B-AWQ,uniform-n6-t100-o20-s10006,c3_mas,32000,4,worker_a,497,1793,102,stop,False,7539,7539,58.4386029234156
c3_mas__uniform-n6-t100-o20-s10006__cap32000__Qwen-Qwen3-32B-AWQ,uniform-n6-t100-o20-s10006,c3_mas,32000,5,worker_a,619,364,5,stop,False,5025,5025,11.695050524547696
c3_mas__uniform-n6-t100-o20-s10006__cap32000__Qwen-Qwen3-32B-AWQ,uniform-n6-t100-o20-s10006,c3_mas,32000,6,worker_b,225,754,24,stop,False,11679,11679,24.02744015865028
c3_mas__uniform-n6-t100-o20-s10006__cap32000__Qwen-Qwen3-32B-AWQ,uniform-n6-t100-o20-s10006,c3_mas,32000,7,worker_b,273,349,34,stop,False,10628,10628,11.971110858023167
c3_mas__uniform-n6-t100-o20-s10006__cap32000__Qwen-Qwen3-32B-AWQ,uniform-n6-t100-o20-s10006,c3_mas,32000,8,worker_b,357,537,33,stop,False,9888,9888,17.835863709449768
c3_mas__uniform-n6-t100-o20-s10006__cap32000__Qwen-Qwen3-32B-AWQ,uniform-n6-t100-o20-s10006,c3_mas,32000,9,worker_b,438,492,28,stop,False,8880,8880,16.042946949601173
c3_mas__uniform-n6-t100-o20-s10006__cap32000__Qwen-Qwen3-32B-AWQ,uniform-n6-t100-o20-s10006,c3_mas,32000,10,worker_b,516,690,28,stop,False,7844,7844,22.593005038797855
c3_mas__uniform-n6-t100-o20-s10006__cap32000__Qwen-Qwen3-32B-AWQ,uniform-n6-t100-o20-s10006,c3_mas,32000,11,worker_b,593,708,50,stop,False,6533,6533,23.953253300860524
c3_mas__uniform-n6-t100-o20-s10006__cap32000__Qwen-Qwen3-32B-AWQ,uniform-n6-t100-o20-s10006,c3_mas,32000,12,worker_b,667,843,60,stop,False,5108,5108,28.596283158287406
c3_mas__uniform-n6-t100-o20-s10006__cap32000__Qwen-Qwen3-32B-AWQ,uniform-n6-t100-o20-s10006,c3_mas,32000,13,worker_b,753,3452,0,length,False,3452,3452,108.03364115022123
c3_mas__uniform-n6-t100-o20-s10006__cap32000__Qwen-Qwen3-32B-AWQ,uniform-n6-t100-o20-s10006,c3_mas,32000,14,critic,390,944,19,stop,False,12202,12202,29.801157794892788
c3_mas__uniform-n6-t100-o20-s10006__cap32000__Qwen-Qwen3-32B-AWQ,uniform-n6-t100-o20-s10006,c3_mas,32000,15,finalize,104,0,7,stop,False,11391,11391,0.3252784963697195
c3_mas__uniform-n6-t100-o20-s10006__cap64000__Qwen-Qwen3-32B-AWQ,uniform-n6-t100-o20-s10006,c3_mas,64000,0,worker_a,225,1177,7,stop,False,23679,23679,34.846581547521055
c3_mas__uniform-n6-t100-o20-s10006__cap64000__Qwen-Qwen3-32B-AWQ,uniform-n6-t100-o20-s10006,c3_mas,64000,1,worker_a,250,313,31,stop,False,22245,22245,10.20362336654216
c3_mas__uniform-n6-t100-o20-s10006__cap64000__Qwen-Qwen3-32B-AWQ,uniform-n6-t100-o20-s10006,c3_mas,64000,2,worker_a,331,243,30,stop,False,21570,21570,8.20555825252086
c3_mas__uniform-n6-t100-o20-s10006__cap64000__Qwen-Qwen3-32B-AWQ,uniform-n6-t100-o20-s10006,c3_mas,64000,3,worker_a,411,790,60,stop,False,20886,20886,25.16107501834631
c3_mas__uniform-n6-t100-o20-s10006__cap64000__Qwen-Qwen3-32B-AWQ,uniform-n6-t100-o20-s10006,c3_mas,64000,4,worker_a,497,1543,19,stop,False,19539,19539,46.46344656590372
c3_mas__uniform-n6-t100-o20-s10006__cap64000__Qwen-Qwen3-32B-AWQ,uniform-n6-t100-o20-s10006,c3_mas,64000,5,worker_a,536,670,73,stop,False,17441,17441,22.14250491373241
c3_mas__uniform-n6-t100-o20-s10006__cap64000__Qwen-Qwen3-32B-AWQ,uniform-n6-t100-o20-s10006,c3_mas,64000,6,worker_b,225,1177,7,stop,False,23679,23679,34.84077295754105
c3_mas__uniform-n6-t100-o20-s10006__cap64000__Qwen-Qwen3-32B-AWQ,uniform-n6-t100-o20-s10006,c3_mas,64000,7,worker_b,256,576,10,stop,False,22239,22239,17.278218525461853
c3_mas__uniform-n6-t100-o20-s10006__cap64000__Qwen-Qwen3-32B-AWQ,uniform-n6-t100-o20-s10006,c3_mas,64000,8,worker_b,316,526,13,stop,False,21337,21337,15.955355904065073
c3_mas__uniform-n6-t100-o20-s10006__cap64000__Qwen-Qwen3-32B-AWQ,uniform-n6-t100-o20-s10006,c3_mas,64000,9,worker_b,353,451,31,stop,False,20445,20445,14.326341127976775
c3_mas__uniform-n6-t100-o20-s10006__cap64000__Qwen-Qwen3-32B-AWQ,uniform-n6-t100-o20-s10006,c3_mas,64000,10,worker_b,432,1672,13,stop,False,19531,19531,50.04411153681576
c3_mas__uniform-n6-t100-o20-s10006__cap64000__Qwen-Qwen3-32B-AWQ,uniform-n6-t100-o20-s10006,c3_mas,64000,11,worker_b,469,1560,29,stop,False,17377,17377,47.235912036150694
c3_mas__uniform-n6-t100-o20-s10006__cap64000__Qwen-Qwen3-32B-AWQ,uniform-n6-t100-o20-s10006,c3_mas,64000,12,worker_b,548,789,13,stop,False,15240,15240,23.912211726419628
c3_mas__uniform-n6-t100-o20-s10006__cap64000__Qwen-Qwen3-32B-AWQ,uniform-n6-t100-o20-s10006,c3_mas,64000,13,worker_b,585,7260,25,stop,False,13853,13853,225.1662704301998
c3_mas__uniform-n6-t100-o20-s10006__cap64000__Qwen-Qwen3-32B-AWQ,uniform-n6-t100-o20-s10006,c3_mas,64000,14,worker_b,630,1326,51,stop,False,5938,5938,41.127890422940254
c3_mas__uniform-n6-t100-o20-s10006__cap64000__Qwen-Qwen3-32B-AWQ,uniform-n6-t100-o20-s10006,c3_mas,64000,15,worker_b,707,592,10,stop,False,3854,3854,18.14247525203973
c3_mas__uniform-n6-t100-o20-s10006__cap64000__Qwen-Qwen3-32B-AWQ,uniform-n6-t100-o20-s10006,c3_mas,64000,16,worker_b,766,2486,0,length,False,2486,2486,74.84416122827679
c3_mas__uniform-n6-t100-o20-s10006__cap64000__Qwen-Qwen3-32B-AWQ,uniform-n6-t100-o20-s10006,c3_mas,64000,17,critic,390,944,19,stop,False,32244,32244,28.475662611424923
c3_mas__uniform-n6-t100-o20-s10006__cap64000__Qwen-Qwen3-32B-AWQ,uniform-n6-t100-o20-s10006,c3_mas,64000,18,finalize,104,0,7,stop,False,31433,31433,0.2923013484105468
c3_mas__uniform-n6-t100-o20-s10006__cap8000__Qwen-Qwen3-32B-AWQ,uniform-n6-t100-o20-s10006,c3_mas,8000,0,worker_a,225,1177,7,stop,False,2679,2679,36.52172284666449
c3_mas__uniform-n6-t100-o20-s10006__cap8000__Qwen-Qwen3-32B-AWQ,uniform-n6-t100-o20-s10006,c3_mas,8000,1,worker_a,250,313,31,stop,False,1245,1245,10.532367069274187
c3_mas__uniform-n6-t100-o20-s10006__cap8000__Qwen-Qwen3-32B-AWQ,uniform-n6-t100-o20-s10006,c3_mas,8000,2,worker_a,331,243,30,stop,False,570,570,8.843543345108628
c3_mas__uniform-n6-t100-o20-s10006__cap8000__Qwen-Qwen3-32B-AWQ,uniform-n6-t100-o20-s10006,c3_mas,8000,3,worker_b,225,1177,7,stop,False,2679,2679,36.26404259633273
c3_mas__uniform-n6-t100-o20-s10006__cap8000__Qwen-Qwen3-32B-AWQ,uniform-n6-t100-o20-s10006,c3_mas,8000,4,worker_b,256,565,31,stop,False,1239,1239,18.51703583728522
c3_mas__uniform-n6-t100-o20-s10006__cap8000__Qwen-Qwen3-32B-AWQ,uniform-n6-t100-o20-s10006,c3_mas,8000,5,worker_b,337,306,0,length,False,306,306,9.708365379832685
c3_mas__uniform-n6-t100-o20-s10006__cap8000__Qwen-Qwen3-32B-AWQ,uniform-n6-t100-o20-s10006,c3_mas,8000,6,finalize,93,0,7,stop,False,2396,2396,0.32994569465518
c3_mas__uniform-n6-t100-o80-s10005__cap16000__Qwen-Qwen3-32B-AWQ,uniform-n6-t100-o80-s10005,c3_mas,16000,0,worker_a,225,1177,7,stop,False,5679,5679,36.5810512425378
c3_mas__uniform-n6-t100-o80-s10005__cap16000__Qwen-Qwen3-32B-AWQ,uniform-n6-t100-o80-s10005,c3_mas,16000,1,worker_a,253,271,32,stop,False,4242,4242,9.757088174112141
c3_mas__uniform-n6-t100-o80-s10005__cap16000__Qwen-Qwen3-32B-AWQ,uniform-n6-t100-o80-s10005,c3_mas,16000,2,worker_a,335,612,48,stop,False,3604,3604,20.412088709883392
c3_mas__uniform-n6-t100-o80-s10005__cap16000__Qwen-Qwen3-32B-AWQ,uniform-n6-t100-o80-s10005,c3_mas,16000,3,worker_a,407,481,10,stop,False,2537,2537,15.362313508056104
c3_mas__uniform-n6-t100-o80-s10005__cap16000__Qwen-Qwen3-32B-AWQ,uniform-n6-t100-o80-s10005,c3_mas,16000,4,worker_a,467,546,61,stop,False,1579,1579,19.336444842629135
c3_mas__uniform-n6-t100-o80-s10005__cap16000__Qwen-Qwen3-32B-AWQ,uniform-n6-t100-o80-s10005,c3_mas,16000,5,worker_a,554,418,0,length,False,418,418,13.423548254184425
c3_mas__uniform-n6-t100-o80-s10005__cap16000__Qwen-Qwen3-32B-AWQ,uniform-n6-t100-o80-s10005,c3_mas,16000,6,worker_b,225,1177,7,stop,False,5679,5679,37.46591495536268
c3_mas__uniform-n6-t100-o80-s10005__cap16000__Qwen-Qwen3-32B-AWQ,uniform-n6-t100-o80-s10005,c3_mas,16000,7,worker_b,253,507,10,stop,False,4242,4242,16.591262947767973
c3_mas__uniform-n6-t100-o80-s10005__cap16000__Qwen-Qwen3-32B-AWQ,uniform-n6-t100-o80-s10005,c3_mas,16000,8,worker_b,313,272,13,stop,False,3412,3412,9.366832049563527
c3_mas__uniform-n6-t100-o80-s10005__cap16000__Qwen-Qwen3-32B-AWQ,uniform-n6-t100-o80-s10005,c3_mas,16000,9,worker_b,350,523,10,stop,False,2777,2777,16.97449974156916
c3_mas__uniform-n6-t100-o80-s10005__cap16000__Qwen-Qwen3-32B-AWQ,uniform-n6-t100-o80-s10005,c3_mas,16000,10,worker_b,410,485,15,stop,False,1834,1834,15.484629246406257
c3_mas__uniform-n6-t100-o80-s10005__cap16000__Qwen-Qwen3-32B-AWQ,uniform-n6-t100-o80-s10005,c3_mas,16000,11,worker_b,451,883,0,length,False,883,883,27.572060091421008
c3_mas__uniform-n6-t100-o80-s10005__cap16000__Qwen-Qwen3-32B-AWQ,uniform-n6-t100-o80-s10005,c3_mas,16000,12,finalize,93,0,7,stop,False,4099,4099,0.3134665684774518
c3_mas__uniform-n6-t100-o80-s10005__cap32000__Qwen-Qwen3-32B-AWQ,uniform-n6-t100-o80-s10005,c3_mas,32000,0,worker_a,225,1177,7,stop,False,11679,11679,37.46721909195185
c3_mas__uniform-n6-t100-o80-s10005__cap32000__Qwen-Qwen3-32B-AWQ,uniform-n6-t100-o80-s10005,c3_mas,32000,1,worker_a,253,271,32,stop,False,10242,10242,9.849901561625302
c3_mas__uniform-n6-t100-o80-s10005__cap32000__Qwen-Qwen3-32B-AWQ,uniform-n6-t100-o80-s10005,c3_mas,32000,2,worker_a,335,612,48,stop,False,9604,9604,20.273043393157423
c3_mas__uniform-n6-t100-o80-s10005__cap32000__Qwen-Qwen3-32B-AWQ,uniform-n6-t100-o80-s10005,c3_mas,32000,3,worker_a,407,481,10,stop,False,8537,8537,15.669445843435824
c3_mas__uniform-n6-t100-o80-s10005__cap32000__Qwen-Qwen3-32B-AWQ,uniform-n6-t100-o80-s10005,c3_mas,32000,4,worker_a,467,546,61,stop,False,7579,7579,18.73499686550349
c3_mas__uniform-n6-t100-o80-s10005__cap32000__Qwen-Qwen3-32B-AWQ,uniform-n6-t100-o80-s10005,c3_mas,32000,5,worker_a,554,878,10,stop,False,6418,6418,27.666524334810674
c3_mas__uniform-n6-t100-o80-s10005__cap32000__Qwen-Qwen3-32B-AWQ,uniform-n6-t100-o80-s10005,c3_mas,32000,6,worker_a,614,1732,13,stop,False,4916,4916,54.89855741057545
c3_mas__uniform-n6-t100-o80-s10005__cap32000__Qwen-Qwen3-32B-AWQ,uniform-n6-t100-o80-s10005,c3_mas,32000,7,worker_a,651,2520,0,length,False,2520,2520,79.455705630593
c3_mas__uniform-n6-t100-o80-s10005__cap32000__Qwen-Qwen3-32B-AWQ,uniform-n6-t100-o80-s10005,c3_mas,32000,8,worker_b,225,1177,7,stop,False,11679,11679,36.81806895695627
c3_mas__uniform-n6-t100-o80-s10005__cap32000__Qwen-Qwen3-32B-AWQ,uniform-n6-t100-o80-s10005,c3_mas,32000,9,worker_b,253,507,10,stop,False,10242,10242,15.893772214651108
c3_mas__uniform-n6-t100-o80-s10005__cap32000__Qwen-Qwen3-32B-AWQ,uniform-n6-t100-o80-s10005,c3_mas,32000,10,worker_b,313,272,13,stop,False,9412,9412,8.76977739483118
c3_mas__uniform-n6-t100-o80-s10005__cap32000__Qwen-Qwen3-32B-AWQ,uniform-n6-t100-o80-s10005,c3_mas,32000,11,worker_b,350,523,10,stop,False,8777,8777,16.40101135522127
c3_mas__uniform-n6-t100-o80-s10005__cap32000__Qwen-Qwen3-32B-AWQ,uniform-n6-t100-o80-s10005,c3_mas,32000,12,worker_b,410,485,15,stop,False,7834,7834,15.506485903635621
c3_mas__uniform-n6-t100-o80-s10005__cap32000__Qwen-Qwen3-32B-AWQ,uniform-n6-t100-o80-s10005,c3_mas,32000,13,worker_b,451,1862,10,stop,False,6883,6883,57.75620293803513
c3_mas__uniform-n6-t100-o80-s10005__cap32000__Qwen-Qwen3-32B-AWQ,uniform-n6-t100-o80-s10005,c3_mas,32000,14,worker_b,511,4500,0,length,False,4500,4500,142.56804560031742
c3_mas__uniform-n6-t100-o80-s10005__cap32000__Qwen-Qwen3-32B-AWQ,uniform-n6-t100-o80-s10005,c3_mas,32000,15,finalize,93,0,7,stop,False,8099,8099,0.3266397649422288
c3_mas__uniform-n6-t100-o80-s10005__cap64000__Qwen-Qwen3-32B-AWQ,uniform-n6-t100-o80-s10005,c3_mas,64000,0,worker_a,225,1177,7,stop,False,23679,23679,36.40456124488264
c3_mas__uniform-n6-t100-o80-s10005__cap64000__Qwen-Qwen3-32B-AWQ,uniform-n6-t100-o80-s10005,c3_mas,64000,1,worker_a,253,271,32,stop,False,22242,22242,9.446633353829384
c3_mas__uniform-n6-t100-o80-s10005__cap64000__Qwen-Qwen3-32B-AWQ,uniform-n6-t100-o80-s10005,c3_mas,64000,2,worker_a,335,612,48,stop,False,21604,21604,20.144186418503523
c3_mas__uniform-n6-t100-o80-s10005__cap64000__Qwen-Qwen3-32B-AWQ,uniform-n6-t100-o80-s10005,c3_mas,64000,3,worker_a,407,481,10,stop,False,20537,20537,15.268853791989386
c3_mas__uniform-n6-t100-o80-s10005__cap64000__Qwen-Qwen3-32B-AWQ,uniform-n6-t100-o80-s10005,c3_mas,64000,4,worker_a,467,546,61,stop,False,19579,19579,18.83004684653133
c3_mas__uniform-n6-t100-o80-s10005__cap64000__Qwen-Qwen3-32B-AWQ,uniform-n6-t100-o80-s10005,c3_mas,64000,5,worker_a,554,878,10,stop,False,18418,18418,27.520225336775184
c3_mas__uniform-n6-t100-o80-s10005__cap64000__Qwen-Qwen3-32B-AWQ,uniform-n6-t100-o80-s10005,c3_mas,64000,6,worker_a,614,3722,48,stop,False,16916,16916,119.6447286400944
c3_mas__uniform-n6-t100-o80-s10005__cap64000__Qwen-Qwen3-32B-AWQ,uniform-n6-t100-o80-s10005,c3_mas,64000,7,worker_a,686,732,15,stop,False,12460,12460,23.297523797489703
c3_mas__uniform-n6-t100-o80-s10005__cap64000__Qwen-Qwen3-32B-AWQ,uniform-n6-t100-o80-s10005,c3_mas,64000,8,worker_a,727,8128,140,stop,False,10986,10986,269.9136366173625
c3_mas__uniform-n6-t100-o80-s10005__cap64000__Qwen-Qwen3-32B-AWQ,uniform-n6-t100-o80-s10005,c3_mas,64000,9,worker_a,891,1827,0,length,False,1827,1827,57.626368285156786
c3_mas__uniform-n6-t100-o80-s10005__cap64000__Qwen-Qwen3-32B-AWQ,uniform-n6-t100-o80-s10005,c3_mas,64000,10,worker_b,225,754,24,stop,False,23679,23679,24.7203367119655
c3_mas__uniform-n6-t100-o80-s10005__cap64000__Qwen-Qwen3-32B-AWQ,uniform-n6-t100-o80-s10005,c3_mas,64000,11,worker_b,270,1186,32,stop,False,22631,22631,37.59760023653507
c3_mas__uniform-n6-t100-o80-s10005__cap64000__Qwen-Qwen3-32B-AWQ,uniform-n6-t100-o80-s10005,c3_mas,64000,12,worker_b,352,429,44,stop,False,21061,21061,14.636262726038694
c3_mas__uniform-n6-t100-o80-s10005__cap64000__Qwen-Qwen3-32B-AWQ,uniform-n6-t100-o80-s10005,c3_mas,64000,13,worker_b,420,573,90,stop,False,20168,20168,20.647672212682664
c3_mas__uniform-n6-t100-o80-s10005__cap64000__Qwen-Qwen3-32B-AWQ,uniform-n6-t100-o80-s10005,c3_mas,64000,14,worker_b,560,578,58,stop,False,18945,18945,19.332188360393047
c3_mas__uniform-n6-t100-o80-s10005__cap64000__Qwen-Qwen3-32B-AWQ,uniform-n6-t100-o80-s10005,c3_mas,64000,15,worker_b,644,1004,130,stop,False,17665,17665,33.88758684601635
c3_mas__uniform-n6-t100-o80-s10005__cap64000__Qwen-Qwen3-32B-AWQ,uniform-n6-t100-o80-s10005,c3_mas,64000,16,worker_b,824,1549,45,stop,False,15707,15707,47.868918063119054
c3_mas__uniform-n6-t100-o80-s10005__cap64000__Qwen-Qwen3-32B-AWQ,uniform-n6-t100-o80-s10005,c3_mas,64000,17,worker_b,893,4448,125,stop,False,13220,13220,139.74369202926755
c3_mas__uniform-n6-t100-o80-s10005__cap64000__Qwen-Qwen3-32B-AWQ,uniform-n6-t100-o80-s10005,c3_mas,64000,18,worker_b,1044,2833,55,stop,False,7603,7603,87.73076689057052
c3_mas__uniform-n6-t100-o80-s10005__cap64000__Qwen-Qwen3-32B-AWQ,uniform-n6-t100-o80-s10005,c3_mas,64000,19,worker_b,1124,3591,0,length,False,3591,3591,109.6256942898035
c3_mas__uniform-n6-t100-o80-s10005__cap64000__Qwen-Qwen3-32B-AWQ,uniform-n6-t100-o80-s10005,c3_mas,64000,20,finalize,93,0,7,stop,False,16099,16099,0.2663988061249256
c3_mas__uniform-n6-t100-o80-s10005__cap8000__Qwen-Qwen3-32B-AWQ,uniform-n6-t100-o80-s10005,c3_mas,8000,0,worker_a,225,1177,7,stop,False,2679,2679,36.223364325240254
c3_mas__uniform-n6-t100-o80-s10005__cap8000__Qwen-Qwen3-32B-AWQ,uniform-n6-t100-o80-s10005,c3_mas,8000,1,worker_a,253,271,32,stop,False,1242,1242,9.519993186928332
c3_mas__uniform-n6-t100-o80-s10005__cap8000__Qwen-Qwen3-32B-AWQ,uniform-n6-t100-o80-s10005,c3_mas,8000,2,worker_a,335,604,0,length,False,604,604,18.79564180970192
c3_mas__uniform-n6-t100-o80-s10005__cap8000__Qwen-Qwen3-32B-AWQ,uniform-n6-t100-o80-s10005,c3_mas,8000,3,worker_b,225,1177,7,stop,False,2679,2679,36.4637305540964
c3_mas__uniform-n6-t100-o80-s10005__cap8000__Qwen-Qwen3-32B-AWQ,uniform-n6-t100-o80-s10005,c3_mas,8000,4,worker_b,253,507,10,stop,False,1242,1242,15.832122604362667
c3_mas__uniform-n6-t100-o80-s10005__cap8000__Qwen-Qwen3-32B-AWQ,uniform-n6-t100-o80-s10005,c3_mas,8000,5,worker_b,313,272,13,stop,False,412,412,9.35833356063813
c3_mas__uniform-n6-t100-o80-s10005__cap8000__Qwen-Qwen3-32B-AWQ,uniform-n6-t100-o80-s10005,c3_mas,8000,6,finalize,93,0,7,stop,False,2226,2226,0.3115947786718607
c3_mas__uniform-n6-t100-o80-s10006__cap16000__Qwen-Qwen3-32B-AWQ,uniform-n6-t100-o80-s10006,c3_mas,16000,0,worker_a,225,1177,7,stop,False,5679,5679,36.519179492257535
c3_mas__uniform-n6-t100-o80-s10006__cap16000__Qwen-Qwen3-32B-AWQ,uniform-n6-t100-o80-s10006,c3_mas,16000,1,worker_a,250,313,31,stop,False,4245,4245,10.524859294295311
c3_mas__uniform-n6-t100-o80-s10006__cap16000__Qwen-Qwen3-32B-AWQ,uniform-n6-t100-o80-s10006,c3_mas,16000,2,worker_a,331,240,30,stop,False,3570,3570,8.443822795525193
c3_mas__uniform-n6-t100-o80-s10006__cap16000__Qwen-Qwen3-32B-AWQ,uniform-n6-t100-o80-s10006,c3_mas,16000,3,worker_a,411,358,47,stop,False,2889,2889,12.592202391475439
c3_mas__uniform-n6-t100-o80-s10006__cap16000__Qwen-Qwen3-32B-AWQ,uniform-n6-t100-o80-s10006,c3_mas,16000,4,worker_a,482,522,15,stop,False,2002,2002,16.857092982158065
c3_mas__uniform-n6-t100-o80-s10006__cap16000__Qwen-Qwen3-32B-AWQ,uniform-n6-t100-o80-s10006,c3_mas,16000,5,worker_a,523,942,0,length,False,942,942,29.202034290879965
c3_mas__uniform-n6-t100-o80-s10006__cap16000__Qwen-Qwen3-32B-AWQ,uniform-n6-t100-o80-s10006,c3_mas,16000,6,worker_b,225,1177,7,stop,False,5679,5679,36.456856524571776
c3_mas__uniform-n6-t100-o80-s10006__cap16000__Qwen-Qwen3-32B-AWQ,uniform-n6-t100-o80-s10006,c3_mas,16000,7,worker_b,256,565,31,stop,False,4239,4239,18.746902924962342
c3_mas__uniform-n6-t100-o80-s10006__cap16000__Qwen-Qwen3-32B-AWQ,uniform-n6-t100-o80-s10006,c3_mas,16000,8,worker_b,337,464,13,stop,False,3306,3306,15.219974907115102
c3_mas__uniform-n6-t100-o80-s10006__cap16000__Qwen-Qwen3-32B-AWQ,uniform-n6-t100-o80-s10006,c3_mas,16000,9,worker_b,374,514,32,stop,False,2455,2455,16.768493625335395
c3_mas__uniform-n6-t100-o80-s10006__cap16000__Qwen-Qwen3-32B-AWQ,uniform-n6-t100-o80-s10006,c3_mas,16000,10,worker_b,456,1053,41,stop,False,1453,1453,33.895959224551916
c3_mas__uniform-n6-t100-o80-s10006__cap16000__Qwen-Qwen3-32B-AWQ,uniform-n6-t100-o80-s10006,c3_mas,16000,11,finalize,93,0,7,stop,False,4458,4458,0.31864146143198013
c3_mas__uniform-n6-t100-o80-s10006__cap32000__Qwen-Qwen3-32B-AWQ,uniform-n6-t100-o80-s10006,c3_mas,32000,0,worker_a,225,1177,7,stop,False,11679,11679,36.08181452937424
c3_mas__uniform-n6-t100-o80-s10006__cap32000__Qwen-Qwen3-32B-AWQ,uniform-n6-t100-o80-s10006,c3_mas,32000,1,worker_a,250,313,31,stop,False,10245,10245,10.599467216059566
c3_mas__uniform-n6-t100-o80-s10006__cap32000__Qwen-Qwen3-32B-AWQ,uniform-n6-t100-o80-s10006,c3_mas,32000,2,worker_a,331,204,10,stop,False,9570,9570,6.8270437847822905
c3_mas__uniform-n6-t100-o80-s10006__cap32000__Qwen-Qwen3-32B-AWQ,uniform-n6-t100-o80-s10006,c3_mas,32000,3,worker_a,391,347,13,stop,False,8965,8965,11.264334306120872
c3_mas__uniform-n6-t100-o80-s10006__cap32000__Qwen-Qwen3-32B-AWQ,uniform-n6-t100-o80-s10006,c3_mas,32000,4,worker_a,428,686,15,stop,False,8177,8177,21.670503264293075
c3_mas__uniform-n6-t100-o80-s10006__cap32000__Qwen-Qwen3-32B-AWQ,uniform-n6-t100-o80-s10006,c3_mas,32000,5,worker_a,469,4135,38,stop,False,7007,7007,131.0867321509868
c3_mas__uniform-n6-t100-o80-s10006__cap32000__Qwen-Qwen3-32B-AWQ,uniform-n6-t100-o80-s10006,c3_mas,32000,6,worker_a,527,1625,5,stop,False,2307,2307,51.01441142708063
c3_mas__uniform-n6-t100-o80-s10006__cap32000__Qwen-Qwen3-32B-AWQ,uniform-n6-t100-o80-s10006,c3_mas,32000,7,worker_b,225,1177,7,stop,False,11679,11679,37.373084746301174
c3_mas__uniform-n6-t100-o80-s10006__cap32000__Qwen-Qwen3-32B-AWQ,uniform-n6-t100-o80-s10006,c3_mas,32000,8,worker_b,256,565,31,stop,False,10239,10239,19.061100210994482
c3_mas__uniform-n6-t100-o80-s10006__cap32000__Qwen-Qwen3-32B-AWQ,uniform-n6-t100-o80-s10006,c3_mas,32000,9,worker_b,337,464,13,stop,False,9306,9306,15.45520511828363
c3_mas__uniform-n6-t100-o80-s10006__cap32000__Qwen-Qwen3-32B-AWQ,uniform-n6-t100-o80-s10006,c3_mas,32000,10,worker_b,374,514,32,stop,False,8455,8455,17.768497192300856
c3_mas__uniform-n6-t100-o80-s10006__cap32000__Qwen-Qwen3-32B-AWQ,uniform-n6-t100-o80-s10006,c3_mas,32000,11,worker_b,456,1146,13,stop,False,7453,7453,35.62213983666152
c3_mas__uniform-n6-t100-o80-s10006__cap32000__Qwen-Qwen3-32B-AWQ,uniform-n6-t100-o80-s10006,c3_mas,32000,12,worker_b,493,798,29,stop,False,5801,5801,25.642420118674636
c3_mas__uniform-n6-t100-o80-s10006__cap32000__Qwen-Qwen3-32B-AWQ,uniform-n6-t100-o80-s10006,c3_mas,32000,13,worker_b,572,1013,13,stop,False,4402,4402,32.01766878925264
c3_mas__uniform-n6-t100-o80-s10006__cap32000__Qwen-Qwen3-32B-AWQ,uniform-n6-t100-o80-s10006,c3_mas,32000,14,worker_b,609,858,10,stop,False,2767,2767,27.10409708879888
c3_mas__uniform-n6-t100-o80-s10006__cap32000__Qwen-Qwen3-32B-AWQ,uniform-n6-t100-o80-s10006,c3_mas,32000,15,worker_b,669,1230,0,length,False,1230,1230,38.454065319150686
c3_mas__uniform-n6-t100-o80-s10006__cap32000__Qwen-Qwen3-32B-AWQ,uniform-n6-t100-o80-s10006,c3_mas,32000,16,critic,330,650,12,stop,False,8283,8283,20.706733310595155
c3_mas__uniform-n6-t100-o80-s10006__cap32000__Qwen-Qwen3-32B-AWQ,uniform-n6-t100-o80-s10006,c3_mas,32000,17,finalize,97,0,23,stop,False,7780,7780,0.8105569202452898
c3_mas__uniform-n6-t100-o80-s10006__cap64000__Qwen-Qwen3-32B-AWQ,uniform-n6-t100-o80-s10006,c3_mas,64000,0,worker_a,225,1177,7,stop,False,23679,23679,34.83010314311832
c3_mas__uniform-n6-t100-o80-s10006__cap64000__Qwen-Qwen3-32B-AWQ,uniform-n6-t100-o80-s10006,c3_mas,64000,1,worker_a,250,313,31,stop,False,22245,22245,10.202797004021704
c3_mas__uniform-n6-t100-o80-s10006__cap64000__Qwen-Qwen3-32B-AWQ,uniform-n6-t100-o80-s10006,c3_mas,64000,2,worker_a,331,204,10,stop,False,21570,21570,6.4764819433912635
c3_mas__uniform-n6-t100-o80-s10006__cap64000__Qwen-Qwen3-32B-AWQ,uniform-n6-t100-o80-s10006,c3_mas,64000,3,worker_a,391,347,13,stop,False,20965,20965,10.784441024065018
c3_mas__uniform-n6-t100-o80-s10006__cap64000__Qwen-Qwen3-32B-AWQ,uniform-n6-t100-o80-s10006,c3_mas,64000,4,worker_a,428,612,15,stop,False,20177,20177,18.617607092484832
c3_mas__uniform-n6-t100-o80-s10006__cap64000__Qwen-Qwen3-32B-AWQ,uniform-n6-t100-o80-s10006,c3_mas,64000,5,worker_a,469,1468,38,stop,False,19081,19081,44.75137501209974
c3_mas__uniform-n6-t100-o80-s10006__cap64000__Qwen-Qwen3-32B-AWQ,uniform-n6-t100-o80-s10006,c3_mas,64000,6,worker_a,531,1130,19,stop,False,17044,17044,34.20488002151251
c3_mas__uniform-n6-t100-o80-s10006__cap64000__Qwen-Qwen3-32B-AWQ,uniform-n6-t100-o80-s10006,c3_mas,64000,7,worker_a,570,2399,59,stop,False,15325,15325,73.63762880116701
c3_mas__uniform-n6-t100-o80-s10006__cap64000__Qwen-Qwen3-32B-AWQ,uniform-n6-t100-o80-s10006,c3_mas,64000,8,worker_a,649,1449,5,stop,False,12218,12218,43.446617532521486
c3_mas__uniform-n6-t100-o80-s10006__cap64000__Qwen-Qwen3-32B-AWQ,uniform-n6-t100-o80-s10006,c3_mas,64000,9,worker_b,225,1177,7,stop,False,23679,23679,34.85267440229654
c3_mas__uniform-n6-t100-o80-s10006__cap64000__Qwen-Qwen3-32B-AWQ,uniform-n6-t100-o80-s10006,c3_mas,64000,10,worker_b,256,576,10,stop,False,22239,22239,17.276130418293178
c3_mas__uniform-n6-t100-o80-s10006__cap64000__Qwen-Qwen3-32B-AWQ,uniform-n6-t100-o80-s10006,c3_mas,64000,11,worker_b,316,359,54,stop,False,21337,21337,12.27382318675518
c3_mas__uniform-n6-t100-o80-s10006__cap64000__Qwen-Qwen3-32B-AWQ,uniform-n6-t100-o80-s10006,c3_mas,64000,12,worker_b,394,630,55,stop,False,20530,20530,20.298081615939736
c3_mas__uniform-n6-t100-o80-s10006__cap64000__Qwen-Qwen3-32B-AWQ,uniform-n6-t100-o80-s10006,c3_mas,64000,13,worker_b,499,973,13,stop,False,19346,19346,29.298035143874586
c3_mas__uniform-n6-t100-o80-s10006__cap64000__Qwen-Qwen3-32B-AWQ,uniform-n6-t100-o80-s10006,c3_mas,64000,14,worker_b,536,551,34,stop,False,17824,17824,17.490974477492273
c3_mas__uniform-n6-t100-o80-s10006__cap64000__Qwen-Qwen3-32B-AWQ,uniform-n6-t100-o80-s10006,c3_mas,64000,15,worker_b,620,1442,13,stop,False,16619,16619,43.44655997026712
c3_mas__uniform-n6-t100-o80-s10006__cap64000__Qwen-Qwen3-32B-AWQ,uniform-n6-t100-o80-s10006,c3_mas,64000,16,worker_b,657,3333,10,stop,False,14507,14507,100.9072718899697
c3_mas__uniform-n6-t100-o80-s10006__cap64000__Qwen-Qwen3-32B-AWQ,uniform-n6-t100-o80-s10006,c3_mas,64000,17,worker_b,717,6471,65,stop,False,10447,10447,201.5294507155195
c3_mas__uniform-n6-t100-o80-s10006__cap64000__Qwen-Qwen3-32B-AWQ,uniform-n6-t100-o80-s10006,c3_mas,64000,18,worker_b,802,2579,5,stop,False,3109,3109,77.94362217467278
c3_mas__uniform-n6-t100-o80-s10006__cap64000__Qwen-Qwen3-32B-AWQ,uniform-n6-t100-o80-s10006,c3_mas,64000,19,critic,330,447,12,stop,False,26895,26895,13.641937308944762
c3_mas__uniform-n6-t100-o80-s10006__cap64000__Qwen-Qwen3-32B-AWQ,uniform-n6-t100-o80-s10006,c3_mas,64000,20,finalize,97,0,23,stop,False,26595,26595,0.7536520613357425
c3_mas__uniform-n6-t100-o80-s10006__cap8000__Qwen-Qwen3-32B-AWQ,uniform-n6-t100-o80-s10006,c3_mas,8000,0,worker_a,225,754,24,stop,False,2679,2679,23.92722569964826
c3_mas__uniform-n6-t100-o80-s10006__cap8000__Qwen-Qwen3-32B-AWQ,uniform-n6-t100-o80-s10006,c3_mas,8000,1,worker_a,267,522,29,stop,False,1634,1634,17.093969621695578
c3_mas__uniform-n6-t100-o80-s10006__cap8000__Qwen-Qwen3-32B-AWQ,uniform-n6-t100-o80-s10006,c3_mas,8000,2,worker_a,346,610,29,stop,False,737,737,19.808103134855628
c3_mas__uniform-n6-t100-o80-s10006__cap8000__Qwen-Qwen3-32B-AWQ,uniform-n6-t100-o80-s10006,c3_mas,8000,3,worker_b,225,1177,7,stop,False,2679,2679,36.328447931446135
c3_mas__uniform-n6-t100-o80-s10006__cap8000__Qwen-Qwen3-32B-AWQ,uniform-n6-t100-o80-s10006,c3_mas,8000,4,worker_b,256,565,31,stop,False,1239,1239,18.286117923446
c3_mas__uniform-n6-t100-o80-s10006__cap8000__Qwen-Qwen3-32B-AWQ,uniform-n6-t100-o80-s10006,c3_mas,8000,5,worker_b,337,306,0,length,False,306,306,9.814046822488308
c3_mas__uniform-n6-t100-o80-s10006__cap8000__Qwen-Qwen3-32B-AWQ,uniform-n6-t100-o80-s10006,c3_mas,8000,6,finalize,93,0,7,stop,False,2197,2197,0.31691984832286835
c3_mas__uniform-n6-t20-o20-s10005__cap16000__Qwen-Qwen3-32B-AWQ,uniform-n6-t20-o20-s10005,c3_mas,16000,0,worker_a,225,1177,7,stop,False,5679,5679,36.51297901850194
c3_mas__uniform-n6-t20-o20-s10005__cap16000__Qwen-Qwen3-32B-AWQ,uniform-n6-t20-o20-s10005,c3_mas,16000,1,worker_a,253,271,32,stop,False,4242,4242,9.520191637799144
c3_mas__uniform-n6-t20-o20-s10005__cap16000__Qwen-Qwen3-32B-AWQ,uniform-n6-t20-o20-s10005,c3_mas,16000,2,worker_a,334,522,13,stop,False,3605,3605,16.793491430580616
c3_mas__uniform-n6-t20-o20-s10005__cap16000__Qwen-Qwen3-32B-AWQ,uniform-n6-t20-o20-s10005,c3_mas,16000,3,worker_a,371,515,25,stop,False,2699,2699,17.13841678854078
c3_mas__uniform-n6-t20-o20-s10005__cap16000__Qwen-Qwen3-32B-AWQ,uniform-n6-t20-o20-s10005,c3_mas,16000,4,worker_a,445,999,15,stop,False,1714,1714,32.77188982255757
c3_mas__uniform-n6-t20-o20-s10005__cap16000__Qwen-Qwen3-32B-AWQ,uniform-n6-t20-o20-s10005,c3_mas,16000,5,worker_a,486,121,10,stop,False,214,214,4.295004388317466
c3_mas__uniform-n6-t20-o20-s10005__cap16000__Qwen-Qwen3-32B-AWQ,uniform-n6-t20-o20-s10005,c3_mas,16000,6,worker_b,225,1177,7,stop,False,5679,5679,36.49420743063092
c3_mas__uniform-n6-t20-o20-s10005__cap16000__Qwen-Qwen3-32B-AWQ,uniform-n6-t20-o20-s10005,c3_mas,16000,7,worker_b,253,507,10,stop,False,4242,4242,16.051399102434516
c3_mas__uniform-n6-t20-o20-s10005__cap16000__Qwen-Qwen3-32B-AWQ,uniform-n6-t20-o20-s10005,c3_mas,16000,8,worker_b,312,219,10,stop,False,3413,3413,7.148931609466672
c3_mas__uniform-n6-t20-o20-s10005__cap16000__Qwen-Qwen3-32B-AWQ,uniform-n6-t20-o20-s10005,c3_mas,16000,9,worker_b,371,130,10,stop,False,2813,2813,4.55626355484128
c3_mas__uniform-n6-t20-o20-s10005__cap16000__Qwen-Qwen3-32B-AWQ,uniform-n6-t20-o20-s10005,c3_mas,16000,10,worker_b,430,2243,0,length,False,2243,2243,70.1513694152236
c3_mas__uniform-n6-t20-o20-s10005__cap16000__Qwen-Qwen3-32B-AWQ,uniform-n6-t20-o20-s10005,c3_mas,16000,11,finalize,93,0,7,stop,False,4182,4182,0.31588713731616735
c3_mas__uniform-n6-t20-o20-s10005__cap32000__Qwen-Qwen3-32B-AWQ,uniform-n6-t20-o20-s10005,c3_mas,32000,0,worker_a,225,1177,7,stop,False,11679,11679,37.00215969234705
c3_mas__uniform-n6-t20-o20-s10005__cap32000__Qwen-Qwen3-32B-AWQ,uniform-n6-t20-o20-s10005,c3_mas,32000,1,worker_a,253,271,32,stop,False,10242,10242,9.654163992032409
c3_mas__uniform-n6-t20-o20-s10005__cap32000__Qwen-Qwen3-32B-AWQ,uniform-n6-t20-o20-s10005,c3_mas,32000,2,worker_a,334,389,54,stop,False,9605,9605,14.303350827656686
c3_mas__uniform-n6-t20-o20-s10005__cap32000__Qwen-Qwen3-32B-AWQ,uniform-n6-t20-o20-s10005,c3_mas,32000,3,worker_a,412,378,84,stop,False,8750,8750,14.333450273610651
c3_mas__uniform-n6-t20-o20-s10005__cap32000__Qwen-Qwen3-32B-AWQ,uniform-n6-t20-o20-s10005,c3_mas,32000,4,worker_a,545,413,15,stop,False,7743,7743,13.497436681762338
c3_mas__uniform-n6-t20-o20-s10005__cap32000__Qwen-Qwen3-32B-AWQ,uniform-n6-t20-o20-s10005,c3_mas,32000,5,worker_a,586,563,10,stop,False,6729,6729,18.114584502764046
c3_mas__uniform-n6-t20-o20-s10005__cap32000__Qwen-Qwen3-32B-AWQ,uniform-n6-t20-o20-s10005,c3_mas,32000,6,worker_a,645,1274,56,stop,False,5511,5511,42.30544974654913
c3_mas__uniform-n6-t20-o20-s10005__cap32000__Qwen-Qwen3-32B-AWQ,uniform-n6-t20-o20-s10005,c3_mas,32000,7,worker_a,727,2261,59,stop,False,3454,3454,75.79127731919289
c3_mas__uniform-n6-t20-o20-s10005__cap32000__Qwen-Qwen3-32B-AWQ,uniform-n6-t20-o20-s10005,c3_mas,32000,8,worker_a,806,328,0,length,False,328,328,11.214436776936054
c3_mas__uniform-n6-t20-o20-s10005__cap32000__Qwen-Qwen3-32B-AWQ,uniform-n6-t20-o20-s10005,c3_mas,32000,9,worker_b,225,1177,7,stop,False,11679,11679,38.87003228999674
c3_mas__uniform-n6-t20-o20-s10005__cap32000__Qwen-Qwen3-32B-AWQ,uniform-n6-t20-o20-s10005,c3_mas,32000,10,worker_b,253,701,10,stop,False,10242,10242,21.949503873474896
c3_mas__uniform-n6-t20-o20-s10005__cap32000__Qwen-Qwen3-32B-AWQ,uniform-n6-t20-o20-s10005,c3_mas,32000,11,worker_b,312,219,10,stop,False,9219,9219,7.150466759689152
c3_mas__uniform-n6-t20-o20-s10005__cap32000__Qwen-Qwen3-32B-AWQ,uniform-n6-t20-o20-s10005,c3_mas,32000,12,worker_b,371,130,10,stop,False,8619,8619,4.529955386184156
c3_mas__uniform-n6-t20-o20-s10005__cap32000__Qwen-Qwen3-32B-AWQ,uniform-n6-t20-o20-s10005,c3_mas,32000,13,worker_b,430,2894,24,stop,False,8049,8049,90.9265835173428
c3_mas__uniform-n6-t20-o20-s10005__cap32000__Qwen-Qwen3-32B-AWQ,uniform-n6-t20-o20-s10005,c3_mas,32000,14,worker_b,474,638,61,stop,False,4657,4657,21.928931213915348
c3_mas__uniform-n6-t20-o20-s10005__cap32000__Qwen-Qwen3-32B-AWQ,uniform-n6-t20-o20-s10005,c3_mas,32000,15,worker_b,559,504,48,stop,False,3399,3399,17.25366034824401
c3_mas__uniform-n6-t20-o20-s10005__cap32000__Qwen-Qwen3-32B-AWQ,uniform-n6-t20-o20-s10005,c3_mas,32000,16,worker_b,632,414,50,stop,False,2215,2215,14.728623201139271
c3_mas__uniform-n6-t20-o20-s10005__cap32000__Qwen-Qwen3-32B-AWQ,uniform-n6-t20-o20-s10005,c3_mas,32000,17,worker_b,708,1043,0,length,False,1043,1043,33.094766926020384
c3_mas__uniform-n6-t20-o20-s10005__cap32000__Qwen-Qwen3-32B-AWQ,uniform-n6-t20-o20-s10005,c3_mas,32000,18,critic,460,1856,25,stop,False,7476,7476,60.70902688708156
c3_mas__uniform-n6-t20-o20-s10005__cap32000__Qwen-Qwen3-32B-AWQ,uniform-n6-t20-o20-s10005,c3_mas,32000,19,finalize,110,0,56,stop,False,5741,5741,1.7829187996685505
c3_mas__uniform-n6-t20-o20-s10005__cap64000__Qwen-Qwen3-32B-AWQ,uniform-n6-t20-o20-s10005,c3_mas,64000,0,worker_a,225,754,24,stop,False,23679,23679,23.756279787048697
c3_mas__uniform-n6-t20-o20-s10005__cap64000__Qwen-Qwen3-32B-AWQ,uniform-n6-t20-o20-s10005,c3_mas,64000,1,worker_a,270,411,33,stop,False,22631,22631,13.644354866817594
c3_mas__uniform-n6-t20-o20-s10005__cap64000__Qwen-Qwen3-32B-AWQ,uniform-n6-t20-o20-s10005,c3_mas,64000,2,worker_a,352,329,42,stop,False,21835,21835,11.567646250128746
c3_mas__uniform-n6-t20-o20-s10005__cap64000__Qwen-Qwen3-32B-AWQ,uniform-n6-t20-o20-s10005,c3_mas,64000,3,worker_a,418,429,32,stop,False,21046,21046,14.32432061061263
c3_mas__uniform-n6-t20-o20-s10005__cap64000__Qwen-Qwen3-32B-AWQ,uniform-n6-t20-o20-s10005,c3_mas,64000,4,worker_a,499,535,42,stop,False,20086,20086,18.01395000796765
c3_mas__uniform-n6-t20-o20-s10005__cap64000__Qwen-Qwen3-32B-AWQ,uniform-n6-t20-o20-s10005,c3_mas,64000,5,worker_a,567,695,34,stop,False,18942,18942,23.033992176875472
c3_mas__uniform-n6-t20-o20-s10005__cap64000__Qwen-Qwen3-32B-AWQ,uniform-n6-t20-o20-s10005,c3_mas,64000,6,worker_a,650,930,43,stop,False,17563,17563,30.201067506335676
c3_mas__uniform-n6-t20-o20-s10005__cap64000__Qwen-Qwen3-32B-AWQ,uniform-n6-t20-o20-s10005,c3_mas,64000,7,worker_a,719,1311,25,stop,False,15871,15871,42.27991511859
c3_mas__uniform-n6-t20-o20-s10005__cap64000__Qwen-Qwen3-32B-AWQ,uniform-n6-t20-o20-s10005,c3_mas,64000,8,worker_a,764,935,72,stop,False,13771,13771,31.68285050150007
c3_mas__uniform-n6-t20-o20-s10005__cap64000__Qwen-Qwen3-32B-AWQ,uniform-n6-t20-o20-s10005,c3_mas,64000,9,worker_b,225,1177,7,stop,False,23679,23679,36.57619282696396
c3_mas__uniform-n6-t20-o20-s10005__cap64000__Qwen-Qwen3-32B-AWQ,uniform-n6-t20-o20-s10005,c3_mas,64000,10,worker_b,253,507,10,stop,False,22242,22242,15.961638120003045
c3_mas__uniform-n6-t20-o20-s10005__cap64000__Qwen-Qwen3-32B-AWQ,uniform-n6-t20-o20-s10005,c3_mas,64000,11,worker_b,312,219,10,stop,False,21413,21413,7.272152894176543
c3_mas__uniform-n6-t20-o20-s10005__cap64000__Qwen-Qwen3-32B-AWQ,uniform-n6-t20-o20-s10005,c3_mas,64000,12,worker_b,371,130,10,stop,False,20813,20813,5.016324447467923
c3_mas__uniform-n6-t20-o20-s10005__cap64000__Qwen-Qwen3-32B-AWQ,uniform-n6-t20-o20-s10005,c3_mas,64000,13,worker_b,430,2662,45,stop,False,20243,20243,84.54572205618024
c3_mas__uniform-n6-t20-o20-s10005__cap64000__Qwen-Qwen3-32B-AWQ,uniform-n6-t20-o20-s10005,c3_mas,64000,14,worker_b,499,702,44,stop,False,17037,17037,23.34901827853173
c3_mas__uniform-n6-t20-o20-s10005__cap64000__Qwen-Qwen3-32B-AWQ,uniform-n6-t20-o20-s10005,c3_mas,64000,15,worker_b,567,714,13,stop,False,15724,15724,23.05171220935881
c3_mas__uniform-n6-t20-o20-s10005__cap64000__Qwen-Qwen3-32B-AWQ,uniform-n6-t20-o20-s10005,c3_mas,64000,16,worker_b,604,938,34,stop,False,14393,14393,31.033477884717286
c3_mas__uniform-n6-t20-o20-s10005__cap64000__Qwen-Qwen3-32B-AWQ,uniform-n6-t20-o20-s10005,c3_mas,64000,17,worker_b,664,1075,15,stop,False,12757,12757,34.08789446204901
c3_mas__uniform-n6-t20-o20-s10005__cap64000__Qwen-Qwen3-32B-AWQ,uniform-n6-t20-o20-s10005,c3_mas,64000,18,worker_b,704,4692,38,stop,False,10963,10963,149.69877228699625
c3_mas__uniform-n6-t20-o20-s10005__cap64000__Qwen-Qwen3-32B-AWQ,uniform-n6-t20-o20-s10005,c3_mas,64000,19,worker_b,768,2436,50,stop,False,5465,5465,77.92428148165345
c3_mas__uniform-n6-t20-o20-s10005__cap64000__Qwen-Qwen3-32B-AWQ,uniform-n6-t20-o20-s10005,c3_mas,64000,20,worker_b,838,799,5,stop,False,2141,2141,25.664338028989732
c3_mas__uniform-n6-t20-o20-s10005__cap64000__Qwen-Qwen3-32B-AWQ,uniform-n6-t20-o20-s10005,c3_mas,64000,21,critic,759,4182,46,stop,False,29278,29278,134.05944854859263
c3_mas__uniform-n6-t20-o20-s10005__cap64000__Qwen-Qwen3-32B-AWQ,uniform-n6-t20-o20-s10005,c3_mas,64000,22,finalize,131,0,107,stop,False,25175,25175,3.322278829291463
c3_mas__uniform-n6-t20-o20-s10005__cap8000__Qwen-Qwen3-32B-AWQ,uniform-n6-t20-o20-s10005,c3_mas,8000,0,worker_a,225,1177,7,stop,False,2679,2679,36.09749539196491
c3_mas__uniform-n6-t20-o20-s10005__cap8000__Qwen-Qwen3-32B-AWQ,uniform-n6-t20-o20-s10005,c3_mas,8000,1,worker_a,253,271,32,stop,False,1242,1242,9.264494461938739
c3_mas__uniform-n6-t20-o20-s10005__cap8000__Qwen-Qwen3-32B-AWQ,uniform-n6-t20-o20-s10005,c3_mas,8000,2,worker_a,334,522,13,stop,False,605,605,16.54551125690341
c3_mas__uniform-n6-t20-o20-s10005__cap8000__Qwen-Qwen3-32B-AWQ,uniform-n6-t20-o20-s10005,c3_mas,8000,3,worker_b,225,1177,7,stop,False,2679,2679,36.51514855865389
c3_mas__uniform-n6-t20-o20-s10005__cap8000__Qwen-Qwen3-32B-AWQ,uniform-n6-t20-o20-s10005,c3_mas,8000,4,worker_b,253,701,10,stop,False,1242,1242,22.03720059618354
c3_mas__uniform-n6-t20-o20-s10005__cap8000__Qwen-Qwen3-32B-AWQ,uniform-n6-t20-o20-s10005,c3_mas,8000,5,worker_b,312,219,0,length,False,219,219,6.844597592949867
c3_mas__uniform-n6-t20-o20-s10005__cap8000__Qwen-Qwen3-32B-AWQ,uniform-n6-t20-o20-s10005,c3_mas,8000,6,finalize,93,0,7,stop,False,2169,2169,0.31609254982322454
c3_mas__uniform-n6-t20-o80-s10005__cap16000__Qwen-Qwen3-32B-AWQ,uniform-n6-t20-o80-s10005,c3_mas,16000,0,worker_a,225,1177,7,stop,False,5679,5679,37.36753401439637
c3_mas__uniform-n6-t20-o80-s10005__cap16000__Qwen-Qwen3-32B-AWQ,uniform-n6-t20-o80-s10005,c3_mas,16000,1,worker_a,253,271,32,stop,False,4242,4242,9.55789235420525
c3_mas__uniform-n6-t20-o80-s10005__cap16000__Qwen-Qwen3-32B-AWQ,uniform-n6-t20-o80-s10005,c3_mas,16000,2,worker_a,334,450,28,stop,False,3605,3605,14.735068845562637
c3_mas__uniform-n6-t20-o80-s10005__cap16000__Qwen-Qwen3-32B-AWQ,uniform-n6-t20-o80-s10005,c3_mas,16000,3,worker_a,411,428,27,stop,False,2716,2716,14.145206524059176
c3_mas__uniform-n6-t20-o80-s10005__cap16000__Qwen-Qwen3-32B-AWQ,uniform-n6-t20-o80-s10005,c3_mas,16000,4,worker_a,487,626,43,stop,False,1774,1774,20.835720989853144
c3_mas__uniform-n6-t20-o80-s10005__cap16000__Qwen-Qwen3-32B-AWQ,uniform-n6-t20-o80-s10005,c3_mas,16000,5,worker_a,554,478,15,stop,False,551,551,15.797958647832274
c3_mas__uniform-n6-t20-o80-s10005__cap16000__Qwen-Qwen3-32B-AWQ,uniform-n6-t20-o80-s10005,c3_mas,16000,6,worker_b,225,1177,7,stop,False,5679,5679,36.77661459054798
c3_mas__uniform-n6-t20-o80-s10005__cap16000__Qwen-Qwen3-32B-AWQ,uniform-n6-t20-o80-s10005,c3_mas,16000,7,worker_b,253,507,10,stop,False,4242,4242,15.93305739108473
c3_mas__uniform-n6-t20-o80-s10005__cap16000__Qwen-Qwen3-32B-AWQ,uniform-n6-t20-o80-s10005,c3_mas,16000,8,worker_b,312,612,33,stop,False,3413,3413,20.240935147739947
c3_mas__uniform-n6-t20-o80-s10005__cap16000__Qwen-Qwen3-32B-AWQ,uniform-n6-t20-o80-s10005,c3_mas,16000,9,worker_b,394,105,10,stop,False,2374,2374,3.81255557667464
c3_mas__uniform-n6-t20-o80-s10005__cap16000__Qwen-Qwen3-32B-AWQ,uniform-n6-t20-o80-s10005,c3_mas,16000,10,worker_b,453,448,13,stop,False,1806,1806,14.78364937286824
c3_mas__uniform-n6-t20-o80-s10005__cap16000__Qwen-Qwen3-32B-AWQ,uniform-n6-t20-o80-s10005,c3_mas,16000,11,worker_b,490,521,13,stop,False,855,855,16.694264648482203
c3_mas__uniform-n6-t20-o80-s10005__cap16000__Qwen-Qwen3-32B-AWQ,uniform-n6-t20-o80-s10005,c3_mas,16000,12,finalize,93,0,7,stop,False,4478,4478,0.31930762995034456
c3_mas__uniform-n6-t20-o80-s10005__cap32000__Qwen-Qwen3-32B-AWQ,uniform-n6-t20-o80-s10005,c3_mas,32000,0,worker_a,225,1177,7,stop,False,11679,11679,38.01956634130329
c3_mas__uniform-n6-t20-o80-s10005__cap32000__Qwen-Qwen3-32B-AWQ,uniform-n6-t20-o80-s10005,c3_mas,32000,1,worker_a,253,271,32,stop,False,10242,10242,9.92112953402102
c3_mas__uniform-n6-t20-o80-s10005__cap32000__Qwen-Qwen3-32B-AWQ,uniform-n6-t20-o80-s10005,c3_mas,32000,2,worker_a,334,450,28,stop,False,9605,9605,14.904259013943374
c3_mas__uniform-n6-t20-o80-s10005__cap32000__Qwen-Qwen3-32B-AWQ,uniform-n6-t20-o80-s10005,c3_mas,32000,3,worker_a,411,428,27,stop,False,8716,8716,14.039676036685705
c3_mas__uniform-n6-t20-o80-s10005__cap32000__Qwen-Qwen3-32B-AWQ,uniform-n6-t20-o80-s10005,c3_mas,32000,4,worker_a,487,494,37,stop,False,7774,7774,16.560645352117717
c3_mas__uniform-n6-t20-o80-s10005__cap32000__Qwen-Qwen3-32B-AWQ,uniform-n6-t20-o80-s10005,c3_mas,32000,5,worker_a,548,901,13,stop,False,6695,6695,28.268708710558712
c3_mas__uniform-n6-t20-o80-s10005__cap32000__Qwen-Qwen3-32B-AWQ,uniform-n6-t20-o80-s10005,c3_mas,32000,6,worker_a,585,522,13,stop,False,5196,5196,17.128856658935547
c3_mas__uniform-n6-t20-o80-s10005__cap32000__Qwen-Qwen3-32B-AWQ,uniform-n6-t20-o80-s10005,c3_mas,32000,7,worker_a,622,1192,15,stop,False,4039,4039,37.62760055158287
c3_mas__uniform-n6-t20-o80-s10005__cap32000__Qwen-Qwen3-32B-AWQ,uniform-n6-t20-o80-s10005,c3_mas,32000,8,worker_a,663,1961,0,stop,False,2169,2169,61.633686291985214
c3_mas__uniform-n6-t20-o80-s10005__cap32000__Qwen-Qwen3-32B-AWQ,uniform-n6-t20-o80-s10005,c3_mas,32000,9,worker_b,225,1177,7,stop,False,11679,11679,36.9598830556497
c3_mas__uniform-n6-t20-o80-s10005__cap32000__Qwen-Qwen3-32B-AWQ,uniform-n6-t20-o80-s10005,c3_mas,32000,10,worker_b,253,507,10,stop,False,10242,10242,16.23371210694313
c3_mas__uniform-n6-t20-o80-s10005__cap32000__Qwen-Qwen3-32B-AWQ,uniform-n6-t20-o80-s10005,c3_mas,32000,11,worker_b,312,612,33,stop,False,9413,9413,20.444158799014986
c3_mas__uniform-n6-t20-o80-s10005__cap32000__Qwen-Qwen3-32B-AWQ,uniform-n6-t20-o80-s10005,c3_mas,32000,12,worker_b,394,105,10,stop,False,8374,8374,3.7308724839240313
c3_mas__uniform-n6-t20-o80-s10005__cap32000__Qwen-Qwen3-32B-AWQ,uniform-n6-t20-o80-s10005,c3_mas,32000,13,worker_b,453,448,13,stop,False,7806,7806,14.476225785911083
c3_mas__uniform-n6-t20-o80-s10005__cap32000__Qwen-Qwen3-32B-AWQ,uniform-n6-t20-o80-s10005,c3_mas,32000,14,worker_b,490,521,13,stop,False,6855,6855,16.79470423143357
c3_mas__uniform-n6-t20-o80-s10005__cap32000__Qwen-Qwen3-32B-AWQ,uniform-n6-t20-o80-s10005,c3_mas,32000,15,worker_b,527,788,13,stop,False,5794,5794,24.74045662023127
c3_mas__uniform-n6-t20-o80-s10005__cap32000__Qwen-Qwen3-32B-AWQ,uniform-n6-t20-o80-s10005,c3_mas,32000,16,worker_b,564,1429,55,stop,False,4429,4429,46.314695946872234
c3_mas__uniform-n6-t20-o80-s10005__cap32000__Qwen-Qwen3-32B-AWQ,uniform-n6-t20-o80-s10005,c3_mas,32000,17,worker_b,645,506,15,stop,False,2300,2300,16.237957866862416
c3_mas__uniform-n6-t20-o80-s10005__cap32000__Qwen-Qwen3-32B-AWQ,uniform-n6-t20-o80-s10005,c3_mas,32000,18,worker_b,685,1094,0,length,False,1094,1094,34.18848301935941
c3_mas__uniform-n6-t20-o80-s10005__cap32000__Qwen-Qwen3-32B-AWQ,uniform-n6-t20-o80-s10005,c3_mas,32000,19,finalize,93,0,7,stop,False,8307,8307,0.32325458247214556
c3_mas__uniform-n6-t20-o80-s10005__cap64000__Qwen-Qwen3-32B-AWQ,uniform-n6-t20-o80-s10005,c3_mas,64000,0,worker_a,225,1177,7,stop,False,23679,23679,36.938052255660295
c3_mas__uniform-n6-t20-o80-s10005__cap64000__Qwen-Qwen3-32B-AWQ,uniform-n6-t20-o80-s10005,c3_mas,64000,1,worker_a,253,271,32,stop,False,22242,22242,9.37848454900086
c3_mas__uniform-n6-t20-o80-s10005__cap64000__Qwen-Qwen3-32B-AWQ,uniform-n6-t20-o80-s10005,c3_mas,64000,2,worker_a,334,450,28,stop,False,21605,21605,14.884668671526015
c3_mas__uniform-n6-t20-o80-s10005__cap64000__Qwen-Qwen3-32B-AWQ,uniform-n6-t20-o80-s10005,c3_mas,64000,3,worker_a,411,428,27,stop,False,20716,20716,14.291850294917822
c3_mas__uniform-n6-t20-o80-s10005__cap64000__Qwen-Qwen3-32B-AWQ,uniform-n6-t20-o80-s10005,c3_mas,64000,4,worker_a,487,626,43,stop,False,19774,19774,20.662313908338547
c3_mas__uniform-n6-t20-o80-s10005__cap64000__Qwen-Qwen3-32B-AWQ,uniform-n6-t20-o80-s10005,c3_mas,64000,5,worker_a,554,478,15,stop,False,18551,18551,15.371348223648965
c3_mas__uniform-n6-t20-o80-s10005__cap64000__Qwen-Qwen3-32B-AWQ,uniform-n6-t20-o80-s10005,c3_mas,64000,6,worker_a,595,3375,37,stop,False,17463,17463,106.668063133955
c3_mas__uniform-n6-t20-o80-s10005__cap64000__Qwen-Qwen3-32B-AWQ,uniform-n6-t20-o80-s10005,c3_mas,64000,7,worker_a,658,2288,25,stop,False,13393,13393,73.19719654507935
c3_mas__uniform-n6-t20-o80-s10005__cap64000__Qwen-Qwen3-32B-AWQ,uniform-n6-t20-o80-s10005,c3_mas,64000,8,worker_a,703,1186,5,stop,False,10377,10377,37.412243898026645
c3_mas__uniform-n6-t20-o80-s10005__cap64000__Qwen-Qwen3-32B-AWQ,uniform-n6-t20-o80-s10005,c3_mas,64000,9,worker_b,225,1177,7,stop,False,23679,23679,36.22298008389771
c3_mas__uniform-n6-t20-o80-s10005__cap64000__Qwen-Qwen3-32B-AWQ,uniform-n6-t20-o80-s10005,c3_mas,64000,10,worker_b,253,507,10,stop,False,22242,22242,16.04048154130578
c3_mas__uniform-n6-t20-o80-s10005__cap64000__Qwen-Qwen3-32B-AWQ,uniform-n6-t20-o80-s10005,c3_mas,64000,11,worker_b,312,612,33,stop,False,21413,21413,20.158673211932182
c3_mas__uniform-n6-t20-o80-s10005__cap64000__Qwen-Qwen3-32B-AWQ,uniform-n6-t20-o80-s10005,c3_mas,64000,12,worker_b,394,105,10,stop,False,20374,20374,3.8661405881866813
c3_mas__uniform-n6-t20-o80-s10005__cap64000__Qwen-Qwen3-32B-AWQ,uniform-n6-t20-o80-s10005,c3_mas,64000,13,worker_b,453,448,13,stop,False,19806,19806,14.737781095318496
c3_mas__uniform-n6-t20-o80-s10005__cap64000__Qwen-Qwen3-32B-AWQ,uniform-n6-t20-o80-s10005,c3_mas,64000,14,worker_b,490,521,13,stop,False,18855,18855,17.12694655917585
c3_mas__uniform-n6-t20-o80-s10005__cap64000__Qwen-Qwen3-32B-AWQ,uniform-n6-t20-o80-s10005,c3_mas,64000,15,worker_b,527,788,13,stop,False,17794,17794,25.810590527951717
c3_mas__uniform-n6-t20-o80-s10005__cap64000__Qwen-Qwen3-32B-AWQ,uniform-n6-t20-o80-s10005,c3_mas,64000,16,worker_b,564,1149,15,stop,False,16429,16429,36.081658070907
c3_mas__uniform-n6-t20-o80-s10005__cap64000__Qwen-Qwen3-32B-AWQ,uniform-n6-t20-o80-s10005,c3_mas,64000,17,worker_b,605,865,15,stop,False,14660,14660,27.389917405322194
c3_mas__uniform-n6-t20-o80-s10005__cap64000__Qwen-Qwen3-32B-AWQ,uniform-n6-t20-o80-s10005,c3_mas,64000,18,worker_b,645,1661,15,stop,False,13135,13135,52.77012895513326
c3_mas__uniform-n6-t20-o80-s10005__cap64000__Qwen-Qwen3-32B-AWQ,uniform-n6-t20-o80-s10005,c3_mas,64000,19,worker_b,686,3445,24,stop,False,10773,10773,110.30823948606849
c3_mas__uniform-n6-t20-o80-s10005__cap64000__Qwen-Qwen3-32B-AWQ,uniform-n6-t20-o80-s10005,c3_mas,64000,20,worker_b,730,1652,5,stop,False,6574,6574,53.69952520169318
c3_mas__uniform-n6-t20-o80-s10005__cap64000__Qwen-Qwen3-32B-AWQ,uniform-n6-t20-o80-s10005,c3_mas,64000,21,critic,759,4330,46,stop,False,29280,29280,141.68389582354575
c3_mas__uniform-n6-t20-o80-s10005__cap64000__Qwen-Qwen3-32B-AWQ,uniform-n6-t20-o80-s10005,c3_mas,64000,22,finalize,131,0,107,stop,False,25029,25029,3.4888717057183385
c3_mas__uniform-n6-t20-o80-s10005__cap8000__Qwen-Qwen3-32B-AWQ,uniform-n6-t20-o80-s10005,c3_mas,8000,0,worker_a,225,1177,7,stop,False,2679,2679,36.131061249412596
c3_mas__uniform-n6-t20-o80-s10005__cap8000__Qwen-Qwen3-32B-AWQ,uniform-n6-t20-o80-s10005,c3_mas,8000,1,worker_a,253,271,32,stop,False,1242,1242,9.384797581471503
c3_mas__uniform-n6-t20-o80-s10005__cap8000__Qwen-Qwen3-32B-AWQ,uniform-n6-t20-o80-s10005,c3_mas,8000,2,worker_a,334,450,28,stop,False,605,605,14.80078976880759
c3_mas__uniform-n6-t20-o80-s10005__cap8000__Qwen-Qwen3-32B-AWQ,uniform-n6-t20-o80-s10005,c3_mas,8000,3,worker_b,225,754,24,stop,False,2679,2679,23.839679688215256
c3_mas__uniform-n6-t20-o80-s10005__cap8000__Qwen-Qwen3-32B-AWQ,uniform-n6-t20-o80-s10005,c3_mas,8000,4,worker_b,270,1252,34,stop,False,1631,1631,39.66557310894132
c3_mas__uniform-n6-t20-o80-s10005__cap8000__Qwen-Qwen3-32B-AWQ,uniform-n6-t20-o80-s10005,c3_mas,8000,5,finalize,93,0,7,stop,False,2571,2571,0.3188809659332037
c3_mas__uniform-n6-t85-o20-s10005__cap16000__Qwen-Qwen3-32B-AWQ,uniform-n6-t85-o20-s10005,c3_mas,16000,0,worker_a,225,1177,7,stop,False,5679,5679,36.447890183888376
c3_mas__uniform-n6-t85-o20-s10005__cap16000__Qwen-Qwen3-32B-AWQ,uniform-n6-t85-o20-s10005,c3_mas,16000,1,worker_a,253,271,32,stop,False,4242,4242,9.504345062188804
c3_mas__uniform-n6-t85-o20-s10005__cap16000__Qwen-Qwen3-32B-AWQ,uniform-n6-t85-o20-s10005,c3_mas,16000,2,worker_a,335,459,34,stop,False,3604,3604,15.53847949206829
c3_mas__uniform-n6-t85-o20-s10005__cap16000__Qwen-Qwen3-32B-AWQ,uniform-n6-t85-o20-s10005,c3_mas,16000,3,worker_a,419,595,10,stop,False,2692,2692,19.219469340518117
c3_mas__uniform-n6-t85-o20-s10005__cap16000__Qwen-Qwen3-32B-AWQ,uniform-n6-t85-o20-s10005,c3_mas,16000,4,worker_a,479,474,37,stop,False,1608,1608,16.438572471030056
c3_mas__uniform-n6-t85-o20-s10005__cap16000__Qwen-Qwen3-32B-AWQ,uniform-n6-t85-o20-s10005,c3_mas,16000,5,worker_a,540,557,0,length,False,557,557,18.36939233727753
c3_mas__uniform-n6-t85-o20-s10005__cap16000__Qwen-Qwen3-32B-AWQ,uniform-n6-t85-o20-s10005,c3_mas,16000,6,worker_b,225,1177,7,stop,False,5679,5679,37.3092574654147
c3_mas__uniform-n6-t85-o20-s10005__cap16000__Qwen-Qwen3-32B-AWQ,uniform-n6-t85-o20-s10005,c3_mas,16000,7,worker_b,253,507,10,stop,False,4242,4242,15.907642666250467
c3_mas__uniform-n6-t85-o20-s10005__cap16000__Qwen-Qwen3-32B-AWQ,uniform-n6-t85-o20-s10005,c3_mas,16000,8,worker_b,313,548,10,stop,False,3412,3412,17.24839663784951
c3_mas__uniform-n6-t85-o20-s10005__cap16000__Qwen-Qwen3-32B-AWQ,uniform-n6-t85-o20-s10005,c3_mas,16000,9,worker_b,373,424,10,stop,False,2481,2481,13.572075909003615
c3_mas__uniform-n6-t85-o20-s10005__cap16000__Qwen-Qwen3-32B-AWQ,uniform-n6-t85-o20-s10005,c3_mas,16000,10,worker_b,433,269,13,stop,False,1614,1614,8.879947253502905
c3_mas__uniform-n6-t85-o20-s10005__cap16000__Qwen-Qwen3-32B-AWQ,uniform-n6-t85-o20-s10005,c3_mas,16000,11,worker_b,470,862,0,length,False,862,862,27.1992305573076
c3_mas__uniform-n6-t85-o20-s10005__cap16000__Qwen-Qwen3-32B-AWQ,uniform-n6-t85-o20-s10005,c3_mas,16000,12,finalize,93,0,7,stop,False,4099,4099,0.3151710322126746
c3_mas__uniform-n6-t85-o20-s10005__cap32000__Qwen-Qwen3-32B-AWQ,uniform-n6-t85-o20-s10005,c3_mas,32000,0,worker_a,225,1177,7,stop,False,11679,11679,37.17637542728335
c3_mas__uniform-n6-t85-o20-s10005__cap32000__Qwen-Qwen3-32B-AWQ,uniform-n6-t85-o20-s10005,c3_mas,32000,1,worker_a,253,271,32,stop,False,10242,10242,9.38166200183332
c3_mas__uniform-n6-t85-o20-s10005__cap32000__Qwen-Qwen3-32B-AWQ,uniform-n6-t85-o20-s10005,c3_mas,32000,2,worker_a,335,459,34,stop,False,9604,9604,15.343747119419277
c3_mas__uniform-n6-t85-o20-s10005__cap32000__Qwen-Qwen3-32B-AWQ,uniform-n6-t85-o20-s10005,c3_mas,32000,3,worker_a,419,595,10,stop,False,8692,8692,18.973447342403233
c3_mas__uniform-n6-t85-o20-s10005__cap32000__Qwen-Qwen3-32B-AWQ,uniform-n6-t85-o20-s10005,c3_mas,32000,4,worker_a,479,474,37,stop,False,7608,7608,16.235204549506307
c3_mas__uniform-n6-t85-o20-s10005__cap32000__Qwen-Qwen3-32B-AWQ,uniform-n6-t85-o20-s10005,c3_mas,32000,5,worker_a,540,720,15,stop,False,6557,6557,23.495291659608483
c3_mas__uniform-n6-t85-o20-s10005__cap32000__Qwen-Qwen3-32B-AWQ,uniform-n6-t85-o20-s10005,c3_mas,32000,6,worker_a,581,1578,44,stop,False,5241,5241,52.49517449736595
c3_mas__uniform-n6-t85-o20-s10005__cap32000__Qwen-Qwen3-32B-AWQ,uniform-n6-t85-o20-s10005,c3_mas,32000,7,worker_a,651,1719,26,stop,False,2968,2968,55.89635794982314
c3_mas__uniform-n6-t85-o20-s10005__cap32000__Qwen-Qwen3-32B-AWQ,uniform-n6-t85-o20-s10005,c3_mas,32000,8,worker_a,697,526,0,length,False,526,526,16.49867249839008
c3_mas__uniform-n6-t85-o20-s10005__cap32000__Qwen-Qwen3-32B-AWQ,uniform-n6-t85-o20-s10005,c3_mas,32000,9,worker_b,225,1177,7,stop,False,11679,11679,36.40684566926211
c3_mas__uniform-n6-t85-o20-s10005__cap32000__Qwen-Qwen3-32B-AWQ,uniform-n6-t85-o20-s10005,c3_mas,32000,10,worker_b,253,507,10,stop,False,10242,10242,16.023659950122237
c3_mas__uniform-n6-t85-o20-s10005__cap32000__Qwen-Qwen3-32B-AWQ,uniform-n6-t85-o20-s10005,c3_mas,32000,11,worker_b,313,548,10,stop,False,9412,9412,17.32375495135784
c3_mas__uniform-n6-t85-o20-s10005__cap32000__Qwen-Qwen3-32B-AWQ,uniform-n6-t85-o20-s10005,c3_mas,32000,12,worker_b,373,424,10,stop,False,8481,8481,13.404065296985209
c3_mas__uniform-n6-t85-o20-s10005__cap32000__Qwen-Qwen3-32B-AWQ,uniform-n6-t85-o20-s10005,c3_mas,32000,13,worker_b,433,269,13,stop,False,7614,7614,9.106811940670013
c3_mas__uniform-n6-t85-o20-s10005__cap32000__Qwen-Qwen3-32B-AWQ,uniform-n6-t85-o20-s10005,c3_mas,32000,14,worker_b,470,868,201,stop,False,6862,6862,33.17987739481032
c3_mas__uniform-n6-t85-o20-s10005__cap32000__Qwen-Qwen3-32B-AWQ,uniform-n6-t85-o20-s10005,c3_mas,32000,15,worker_b,696,564,74,stop,False,5097,5097,20.03428979124874
c3_mas__uniform-n6-t85-o20-s10005__cap32000__Qwen-Qwen3-32B-AWQ,uniform-n6-t85-o20-s10005,c3_mas,32000,16,critic,464,1565,26,stop,False,11931,11931,50.11744356062263
c3_mas__uniform-n6-t85-o20-s10005__cap32000__Qwen-Qwen3-32B-AWQ,uniform-n6-t85-o20-s10005,c3_mas,32000,17,finalize,111,0,57,stop,False,10485,10485,1.880682174116373
c3_mas__uniform-n6-t85-o20-s10005__cap64000__Qwen-Qwen3-32B-AWQ,uniform-n6-t85-o20-s10005,c3_mas,64000,0,worker_a,225,1177,7,stop,False,23679,23679,36.43551921658218
c3_mas__uniform-n6-t85-o20-s10005__cap64000__Qwen-Qwen3-32B-AWQ,uniform-n6-t85-o20-s10005,c3_mas,64000,1,worker_a,253,271,32,stop,False,22242,22242,9.291622065007687
c3_mas__uniform-n6-t85-o20-s10005__cap64000__Qwen-Qwen3-32B-AWQ,uniform-n6-t85-o20-s10005,c3_mas,64000,2,worker_a,335,459,34,stop,False,21604,21604,15.200089284218848
c3_mas__uniform-n6-t85-o20-s10005__cap64000__Qwen-Qwen3-32B-AWQ,uniform-n6-t85-o20-s10005,c3_mas,64000,3,worker_a,419,618,31,stop,False,20692,20692,20.346845768392086
c3_mas__uniform-n6-t85-o20-s10005__cap64000__Qwen-Qwen3-32B-AWQ,uniform-n6-t85-o20-s10005,c3_mas,64000,4,worker_a,500,274,59,stop,False,19543,19543,10.456902706064284
c3_mas__uniform-n6-t85-o20-s10005__cap64000__Qwen-Qwen3-32B-AWQ,uniform-n6-t85-o20-s10005,c3_mas,64000,5,worker_a,583,2229,26,stop,False,18627,18627,70.87381377536803
c3_mas__uniform-n6-t85-o20-s10005__cap64000__Qwen-Qwen3-32B-AWQ,uniform-n6-t85-o20-s10005,c3_mas,64000,6,worker_a,629,823,48,stop,False,15743,15743,27.97644529491663
c3_mas__uniform-n6-t85-o20-s10005__cap64000__Qwen-Qwen3-32B-AWQ,uniform-n6-t85-o20-s10005,c3_mas,64000,7,worker_a,703,1078,15,stop,False,14169,14169,35.54667512141168
c3_mas__uniform-n6-t85-o20-s10005__cap64000__Qwen-Qwen3-32B-AWQ,uniform-n6-t85-o20-s10005,c3_mas,64000,8,worker_a,744,963,26,stop,False,12332,12332,32.60199105646461
c3_mas__uniform-n6-t85-o20-s10005__cap64000__Qwen-Qwen3-32B-AWQ,uniform-n6-t85-o20-s10005,c3_mas,64000,9,worker_a,790,695,5,stop,False,10553,10553,23.45123946852982
c3_mas__uniform-n6-t85-o20-s10005__cap64000__Qwen-Qwen3-32B-AWQ,uniform-n6-t85-o20-s10005,c3_mas,64000,10,worker_b,225,1177,7,stop,False,23679,23679,38.053446881473064
c3_mas__uniform-n6-t85-o20-s10005__cap64000__Qwen-Qwen3-32B-AWQ,uniform-n6-t85-o20-s10005,c3_mas,64000,11,worker_b,253,507,10,stop,False,22242,22242,15.867009829729795
c3_mas__uniform-n6-t85-o20-s10005__cap64000__Qwen-Qwen3-32B-AWQ,uniform-n6-t85-o20-s10005,c3_mas,64000,12,worker_b,313,548,10,stop,False,21412,21412,17.60833641514182
c3_mas__uniform-n6-t85-o20-s10005__cap64000__Qwen-Qwen3-32B-AWQ,uniform-n6-t85-o20-s10005,c3_mas,64000,13,worker_b,373,424,10,stop,False,20481,20481,13.44549815915525
c3_mas__uniform-n6-t85-o20-s10005__cap64000__Qwen-Qwen3-32B-AWQ,uniform-n6-t85-o20-s10005,c3_mas,64000,14,worker_b,433,269,13,stop,False,19614,19614,8.896240602247417
c3_mas__uniform-n6-t85-o20-s10005__cap64000__Qwen-Qwen3-32B-AWQ,uniform-n6-t85-o20-s10005,c3_mas,64000,15,worker_b,470,868,201,stop,False,18862,18862,33.53969274926931
c3_mas__uniform-n6-t85-o20-s10005__cap64000__Qwen-Qwen3-32B-AWQ,uniform-n6-t85-o20-s10005,c3_mas,64000,16,worker_b,696,608,245,stop,False,17097,17097,27.273558164946735
c3_mas__uniform-n6-t85-o20-s10005__cap64000__Qwen-Qwen3-32B-AWQ,uniform-n6-t85-o20-s10005,c3_mas,64000,17,critic,464,1565,26,stop,True,41569,32304,49.60072437208146
c3_mas__uniform-n6-t85-o20-s10005__cap64000__Qwen-Qwen3-32B-AWQ,uniform-n6-t85-o20-s10005,c3_mas,64000,18,finalize,111,0,57,stop,True,40123,32657,1.8742433320730925
c3_mas__uniform-n6-t85-o20-s10005__cap8000__Qwen-Qwen3-32B-AWQ,uniform-n6-t85-o20-s10005,c3_mas,8000,0,worker_a,225,1532,7,stop,False,2679,2679,47.48050529323518
c3_mas__uniform-n6-t85-o20-s10005__cap8000__Qwen-Qwen3-32B-AWQ,uniform-n6-t85-o20-s10005,c3_mas,8000,1,worker_a,253,271,32,stop,False,887,887,9.448691138066351
c3_mas__uniform-n6-t85-o20-s10005__cap8000__Qwen-Qwen3-32B-AWQ,uniform-n6-t85-o20-s10005,c3_mas,8000,2,worker_a,335,249,0,length,False,249,249,7.909709461033344
c3_mas__uniform-n6-t85-o20-s10005__cap8000__Qwen-Qwen3-32B-AWQ,uniform-n6-t85-o20-s10005,c3_mas,8000,3,worker_b,225,1177,7,stop,False,2679,2679,36.987204615958035
c3_mas__uniform-n6-t85-o20-s10005__cap8000__Qwen-Qwen3-32B-AWQ,uniform-n6-t85-o20-s10005,c3_mas,8000,4,worker_b,253,701,10,stop,False,1242,1242,22.037004709243774
c3_mas__uniform-n6-t85-o20-s10005__cap8000__Qwen-Qwen3-32B-AWQ,uniform-n6-t85-o20-s10005,c3_mas,8000,5,worker_b,313,218,0,length,False,218,218,6.775824838317931
c3_mas__uniform-n6-t85-o20-s10005__cap8000__Qwen-Qwen3-32B-AWQ,uniform-n6-t85-o20-s10005,c3_mas,8000,6,finalize,93,0,7,stop,False,2099,2099,0.31666152086108923
c3_mas__uniform-n8-t100-o20-s10005__cap16000__Qwen-Qwen3-32B-AWQ,uniform-n8-t100-o20-s10005,c3_mas,16000,0,worker_a,225,1177,7,stop,False,5679,5679,36.57860110513866
c3_mas__uniform-n8-t100-o20-s10005__cap16000__Qwen-Qwen3-32B-AWQ,uniform-n8-t100-o20-s10005,c3_mas,16000,1,worker_a,253,271,32,stop,False,4242,4242,9.581221383064985
c3_mas__uniform-n8-t100-o20-s10005__cap16000__Qwen-Qwen3-32B-AWQ,uniform-n8-t100-o20-s10005,c3_mas,16000,2,worker_a,335,304,42,stop,False,3604,3604,11.008075044490397
c3_mas__uniform-n8-t100-o20-s10005__cap16000__Qwen-Qwen3-32B-AWQ,uniform-n8-t100-o20-s10005,c3_mas,16000,3,worker_a,401,566,10,stop,False,2857,2857,17.745844630524516
c3_mas__uniform-n8-t100-o20-s10005__cap16000__Qwen-Qwen3-32B-AWQ,uniform-n8-t100-o20-s10005,c3_mas,16000,4,worker_a,461,574,27,stop,False,1820,1820,18.941095667891204
c3_mas__uniform-n8-t100-o20-s10005__cap16000__Qwen-Qwen3-32B-AWQ,uniform-n8-t100-o20-s10005,c3_mas,16000,5,worker_a,536,683,0,length,False,683,683,21.526277838274837
c3_mas__uniform-n8-t100-o20-s10005__cap16000__Qwen-Qwen3-32B-AWQ,uniform-n8-t100-o20-s10005,c3_mas,16000,6,worker_b,225,1177,7,stop,False,5679,5679,36.3995947483927
c3_mas__uniform-n8-t100-o20-s10005__cap16000__Qwen-Qwen3-32B-AWQ,uniform-n8-t100-o20-s10005,c3_mas,16000,7,worker_b,259,349,10,stop,False,4236,4236,11.629271594807506
c3_mas__uniform-n8-t100-o20-s10005__cap16000__Qwen-Qwen3-32B-AWQ,uniform-n8-t100-o20-s10005,c3_mas,16000,8,worker_b,318,442,13,stop,False,3559,3559,14.167666186578572
c3_mas__uniform-n8-t100-o20-s10005__cap16000__Qwen-Qwen3-32B-AWQ,uniform-n8-t100-o20-s10005,c3_mas,16000,9,worker_b,355,331,10,stop,False,2749,2749,10.486521027982235
c3_mas__uniform-n8-t100-o20-s10005__cap16000__Qwen-Qwen3-32B-AWQ,uniform-n8-t100-o20-s10005,c3_mas,16000,10,worker_b,415,761,34,stop,False,1993,1993,24.488684875890613
c3_mas__uniform-n8-t100-o20-s10005__cap16000__Qwen-Qwen3-32B-AWQ,uniform-n8-t100-o20-s10005,c3_mas,16000,11,worker_b,499,666,10,stop,False,699,699,21.232772626914084
c3_mas__uniform-n8-t100-o20-s10005__cap16000__Qwen-Qwen3-32B-AWQ,uniform-n8-t100-o20-s10005,c3_mas,16000,12,finalize,93,0,7,stop,False,4122,4122,0.3152167173102498
c3_mas__uniform-n8-t100-o20-s10005__cap32000__Qwen-Qwen3-32B-AWQ,uniform-n8-t100-o20-s10005,c3_mas,32000,0,worker_a,225,1177,7,stop,False,11679,11679,37.70634438842535
c3_mas__uniform-n8-t100-o20-s10005__cap32000__Qwen-Qwen3-32B-AWQ,uniform-n8-t100-o20-s10005,c3_mas,32000,1,worker_a,253,271,32,stop,False,10242,10242,9.357856409624219
c3_mas__uniform-n8-t100-o20-s10005__cap32000__Qwen-Qwen3-32B-AWQ,uniform-n8-t100-o20-s10005,c3_mas,32000,2,worker_a,335,304,42,stop,False,9604,9604,11.233302158303559
c3_mas__uniform-n8-t100-o20-s10005__cap32000__Qwen-Qwen3-32B-AWQ,uniform-n8-t100-o20-s10005,c3_mas,32000,3,worker_a,401,566,10,stop,False,8857,8857,17.795054975897074
c3_mas__uniform-n8-t100-o20-s10005__cap32000__Qwen-Qwen3-32B-AWQ,uniform-n8-t100-o20-s10005,c3_mas,32000,4,worker_a,461,574,27,stop,False,7820,7820,19.20933821517974
c3_mas__uniform-n8-t100-o20-s10005__cap32000__Qwen-Qwen3-32B-AWQ,uniform-n8-t100-o20-s10005,c3_mas,32000,5,worker_a,536,850,40,stop,False,6683,6683,27.68373964354396
c3_mas__uniform-n8-t100-o20-s10005__cap32000__Qwen-Qwen3-32B-AWQ,uniform-n8-t100-o20-s10005,c3_mas,32000,6,worker_a,600,1125,13,stop,False,5193,5193,36.26345334481448
c3_mas__uniform-n8-t100-o20-s10005__cap32000__Qwen-Qwen3-32B-AWQ,uniform-n8-t100-o20-s10005,c3_mas,32000,7,worker_a,637,2564,57,stop,False,3418,3418,81.7003821330145
c3_mas__uniform-n8-t100-o20-s10005__cap32000__Qwen-Qwen3-32B-AWQ,uniform-n8-t100-o20-s10005,c3_mas,32000,8,worker_a,720,77,0,length,False,77,77,2.843467411585152
c3_mas__uniform-n8-t100-o20-s10005__cap32000__Qwen-Qwen3-32B-AWQ,uniform-n8-t100-o20-s10005,c3_mas,32000,9,worker_b,225,754,24,stop,False,11679,11679,23.73931917268783
c3_mas__uniform-n8-t100-o20-s10005__cap32000__Qwen-Qwen3-32B-AWQ,uniform-n8-t100-o20-s10005,c3_mas,32000,10,worker_b,276,348,35,stop,False,10625,10625,12.089998984709382
c3_mas__uniform-n8-t100-o20-s10005__cap32000__Qwen-Qwen3-32B-AWQ,uniform-n8-t100-o20-s10005,c3_mas,32000,11,worker_b,360,424,50,stop,False,9882,9882,14.553496464155614
c3_mas__uniform-n8-t100-o20-s10005__cap32000__Qwen-Qwen3-32B-AWQ,uniform-n8-t100-o20-s10005,c3_mas,32000,12,worker_b,434,578,35,stop,False,8974,8974,18.945964246988297
c3_mas__uniform-n8-t100-o20-s10005__cap32000__Qwen-Qwen3-32B-AWQ,uniform-n8-t100-o20-s10005,c3_mas,32000,13,worker_b,519,613,56,stop,False,7842,7842,21.172510331496596
c3_mas__uniform-n8-t100-o20-s10005__cap32000__Qwen-Qwen3-32B-AWQ,uniform-n8-t100-o20-s10005,c3_mas,32000,14,worker_b,601,639,43,stop,False,6572,6572,21.60838884767145
c3_mas__uniform-n8-t100-o20-s10005__cap32000__Qwen-Qwen3-32B-AWQ,uniform-n8-t100-o20-s10005,c3_mas,32000,15,worker_b,694,2337,55,stop,False,5196,5196,74.4450551411137
c3_mas__uniform-n8-t100-o20-s10005__cap32000__Qwen-Qwen3-32B-AWQ,uniform-n8-t100-o20-s10005,c3_mas,32000,16,worker_b,774,2030,0,length,False,2030,2030,63.31873601488769
c3_mas__uniform-n8-t100-o20-s10005__cap32000__Qwen-Qwen3-32B-AWQ,uniform-n8-t100-o20-s10005,c3_mas,32000,17,finalize,93,0,7,stop,False,8099,8099,0.32018815260380507
c3_mas__uniform-n8-t100-o20-s10005__cap64000__Qwen-Qwen3-32B-AWQ,uniform-n8-t100-o20-s10005,c3_mas,64000,0,worker_a,225,1177,7,stop,False,23679,23679,34.86228146869689
c3_mas__uniform-n8-t100-o20-s10005__cap64000__Qwen-Qwen3-32B-AWQ,uniform-n8-t100-o20-s10005,c3_mas,64000,1,worker_a,253,271,32,stop,False,22242,22242,9.006195154041052
c3_mas__uniform-n8-t100-o20-s10005__cap64000__Qwen-Qwen3-32B-AWQ,uniform-n8-t100-o20-s10005,c3_mas,64000,2,worker_a,335,304,42,stop,False,21604,21604,10.333808074705303
c3_mas__uniform-n8-t100-o20-s10005__cap64000__Qwen-Qwen3-32B-AWQ,uniform-n8-t100-o20-s10005,c3_mas,64000,3,worker_a,401,566,10,stop,False,20857,20857,17.11317940428853
c3_mas__uniform-n8-t100-o20-s10005__cap64000__Qwen-Qwen3-32B-AWQ,uniform-n8-t100-o20-s10005,c3_mas,64000,4,worker_a,461,574,27,stop,False,19820,19820,17.89494013413787
c3_mas__uniform-n8-t100-o20-s10005__cap64000__Qwen-Qwen3-32B-AWQ,uniform-n8-t100-o20-s10005,c3_mas,64000,5,worker_a,536,636,37,stop,False,18683,18683,20.074401346966624
c3_mas__uniform-n8-t100-o20-s10005__cap64000__Qwen-Qwen3-32B-AWQ,uniform-n8-t100-o20-s10005,c3_mas,64000,6,worker_a,597,1394,43,stop,False,17413,17413,42.87195326667279
c3_mas__uniform-n8-t100-o20-s10005__cap64000__Qwen-Qwen3-32B-AWQ,uniform-n8-t100-o20-s10005,c3_mas,64000,7,worker_a,666,2641,43,stop,False,15310,15310,80.69629166461527
c3_mas__uniform-n8-t100-o20-s10005__cap64000__Qwen-Qwen3-32B-AWQ,uniform-n8-t100-o20-s10005,c3_mas,64000,8,worker_a,735,4061,18,stop,False,11891,11891,123.83750530984253
c3_mas__uniform-n8-t100-o20-s10005__cap64000__Qwen-Qwen3-32B-AWQ,uniform-n8-t100-o20-s10005,c3_mas,64000,9,worker_a,773,1462,106,stop,False,7039,7039,47.02295911964029
c3_mas__uniform-n8-t100-o20-s10005__cap64000__Qwen-Qwen3-32B-AWQ,uniform-n8-t100-o20-s10005,c3_mas,64000,10,worker_a,912,1558,5,stop,False,4559,4559,47.051156719215214
c3_mas__uniform-n8-t100-o20-s10005__cap64000__Qwen-Qwen3-32B-AWQ,uniform-n8-t100-o20-s10005,c3_mas,64000,11,worker_b,225,1177,7,stop,False,23679,23679,34.838676624931395
c3_mas__uniform-n8-t100-o20-s10005__cap64000__Qwen-Qwen3-32B-AWQ,uniform-n8-t100-o20-s10005,c3_mas,64000,12,worker_b,259,349,10,stop,False,22236,22236,10.666003245860338
c3_mas__uniform-n8-t100-o20-s10005__cap64000__Qwen-Qwen3-32B-AWQ,uniform-n8-t100-o20-s10005,c3_mas,64000,13,worker_b,318,442,13,stop,False,21559,21559,13.495217715390027
c3_mas__uniform-n8-t100-o20-s10005__cap64000__Qwen-Qwen3-32B-AWQ,uniform-n8-t100-o20-s10005,c3_mas,64000,14,worker_b,355,331,10,stop,False,20749,20749,10.200708912685513
c3_mas__uniform-n8-t100-o20-s10005__cap64000__Qwen-Qwen3-32B-AWQ,uniform-n8-t100-o20-s10005,c3_mas,64000,15,worker_b,415,848,15,stop,False,19993,19993,25.54031196143478
c3_mas__uniform-n8-t100-o20-s10005__cap64000__Qwen-Qwen3-32B-AWQ,uniform-n8-t100-o20-s10005,c3_mas,64000,16,worker_b,456,620,10,stop,False,18674,18674,18.73579339776188
c3_mas__uniform-n8-t100-o20-s10005__cap64000__Qwen-Qwen3-32B-AWQ,uniform-n8-t100-o20-s10005,c3_mas,64000,17,worker_b,516,2686,10,stop,False,17528,17528,80.78772880975157
c3_mas__uniform-n8-t100-o20-s10005__cap64000__Qwen-Qwen3-32B-AWQ,uniform-n8-t100-o20-s10005,c3_mas,64000,18,worker_b,576,981,15,stop,False,14256,14256,29.674912365153432
c3_mas__uniform-n8-t100-o20-s10005__cap64000__Qwen-Qwen3-32B-AWQ,uniform-n8-t100-o20-s10005,c3_mas,64000,19,worker_b,616,964,10,stop,False,12644,12644,29.085393731482327
c3_mas__uniform-n8-t100-o20-s10005__cap64000__Qwen-Qwen3-32B-AWQ,uniform-n8-t100-o20-s10005,c3_mas,64000,20,worker_b,676,6787,15,stop,False,10994,10994,209.8755340585485
c3_mas__uniform-n8-t100-o20-s10005__cap64000__Qwen-Qwen3-32B-AWQ,uniform-n8-t100-o20-s10005,c3_mas,64000,21,worker_b,717,3475,0,length,False,3475,3475,105.0968135194853
c3_mas__uniform-n8-t100-o20-s10005__cap64000__Qwen-Qwen3-32B-AWQ,uniform-n8-t100-o20-s10005,c3_mas,64000,22,critic,387,1010,18,stop,False,18545,18545,30.407727005891502
c3_mas__uniform-n8-t100-o20-s10005__cap64000__Qwen-Qwen3-32B-AWQ,uniform-n8-t100-o20-s10005,c3_mas,64000,23,finalize,103,0,7,stop,False,17670,17670,0.29189099185168743
c3_mas__uniform-n8-t100-o20-s10005__cap8000__Qwen-Qwen3-32B-AWQ,uniform-n8-t100-o20-s10005,c3_mas,8000,0,worker_a,225,1177,7,stop,False,2679,2679,37.24164663814008
c3_mas__uniform-n8-t100-o20-s10005__cap8000__Qwen-Qwen3-32B-AWQ,uniform-n8-t100-o20-s10005,c3_mas,8000,1,worker_a,253,271,32,stop,False,1242,1242,9.230703976936638
c3_mas__uniform-n8-t100-o20-s10005__cap8000__Qwen-Qwen3-32B-AWQ,uniform-n8-t100-o20-s10005,c3_mas,8000,2,worker_a,335,304,42,stop,False,604,604,10.675498217344284
c3_mas__uniform-n8-t100-o20-s10005__cap8000__Qwen-Qwen3-32B-AWQ,uniform-n8-t100-o20-s10005,c3_mas,8000,3,worker_b,225,1177,7,stop,False,2679,2679,36.2013128567487
c3_mas__uniform-n8-t100-o20-s10005__cap8000__Qwen-Qwen3-32B-AWQ,uniform-n8-t100-o20-s10005,c3_mas,8000,4,worker_b,259,349,10,stop,False,1236,1236,11.159023756161332
c3_mas__uniform-n8-t100-o20-s10005__cap8000__Qwen-Qwen3-32B-AWQ,uniform-n8-t100-o20-s10005,c3_mas,8000,5,worker_b,318,442,13,stop,False,559,559,14.149128755554557
c3_mas__uniform-n8-t100-o20-s10005__cap8000__Qwen-Qwen3-32B-AWQ,uniform-n8-t100-o20-s10005,c3_mas,8000,6,finalize,93,0,7,stop,False,2461,2461,0.3113464815542102
c3_mas__uniform-n8-t100-o80-s10005__cap16000__Qwen-Qwen3-32B-AWQ,uniform-n8-t100-o80-s10005,c3_mas,16000,0,worker_a,225,1177,7,stop,False,5679,5679,36.48001693561673
c3_mas__uniform-n8-t100-o80-s10005__cap16000__Qwen-Qwen3-32B-AWQ,uniform-n8-t100-o80-s10005,c3_mas,16000,1,worker_a,253,271,32,stop,False,4242,4242,9.42822914198041
c3_mas__uniform-n8-t100-o80-s10005__cap16000__Qwen-Qwen3-32B-AWQ,uniform-n8-t100-o80-s10005,c3_mas,16000,2,worker_a,335,652,25,stop,False,3604,3604,21.113503074273467
c3_mas__uniform-n8-t100-o80-s10005__cap16000__Qwen-Qwen3-32B-AWQ,uniform-n8-t100-o80-s10005,c3_mas,16000,3,worker_a,410,743,32,stop,False,2517,2517,24.43766204919666
c3_mas__uniform-n8-t100-o80-s10005__cap16000__Qwen-Qwen3-32B-AWQ,uniform-n8-t100-o80-s10005,c3_mas,16000,4,worker_a,492,703,13,stop,False,1250,1250,22.86050441209227
c3_mas__uniform-n8-t100-o80-s10005__cap16000__Qwen-Qwen3-32B-AWQ,uniform-n8-t100-o80-s10005,c3_mas,16000,5,worker_a,529,5,0,length,False,5,5,0.5592699442058802
c3_mas__uniform-n8-t100-o80-s10005__cap16000__Qwen-Qwen3-32B-AWQ,uniform-n8-t100-o80-s10005,c3_mas,16000,6,worker_b,225,1177,7,stop,False,5679,5679,36.731416212394834
c3_mas__uniform-n8-t100-o80-s10005__cap16000__Qwen-Qwen3-32B-AWQ,uniform-n8-t100-o80-s10005,c3_mas,16000,7,worker_b,259,349,10,stop,False,4236,4236,11.103765377774835
c3_mas__uniform-n8-t100-o80-s10005__cap16000__Qwen-Qwen3-32B-AWQ,uniform-n8-t100-o80-s10005,c3_mas,16000,8,worker_b,319,712,54,stop,False,3558,3558,23.773991108871996
c3_mas__uniform-n8-t100-o80-s10005__cap16000__Qwen-Qwen3-32B-AWQ,uniform-n8-t100-o80-s10005,c3_mas,16000,9,worker_b,397,288,10,stop,False,2395,2395,9.48042371775955
c3_mas__uniform-n8-t100-o80-s10005__cap16000__Qwen-Qwen3-32B-AWQ,uniform-n8-t100-o80-s10005,c3_mas,16000,10,worker_b,457,531,60,stop,False,1640,1640,18.5840820716694
c3_mas__uniform-n8-t100-o80-s10005__cap16000__Qwen-Qwen3-32B-AWQ,uniform-n8-t100-o80-s10005,c3_mas,16000,11,worker_b,543,506,0,length,False,506,506,15.70981792267412
c3_mas__uniform-n8-t100-o80-s10005__cap16000__Qwen-Qwen3-32B-AWQ,uniform-n8-t100-o80-s10005,c3_mas,16000,12,finalize,93,0,7,stop,False,4099,4099,0.31543161254376173
c3_mas__uniform-n8-t100-o80-s10005__cap32000__Qwen-Qwen3-32B-AWQ,uniform-n8-t100-o80-s10005,c3_mas,32000,0,worker_a,225,1177,7,stop,False,11679,11679,36.74182420410216
c3_mas__uniform-n8-t100-o80-s10005__cap32000__Qwen-Qwen3-32B-AWQ,uniform-n8-t100-o80-s10005,c3_mas,32000,1,worker_a,253,271,32,stop,False,10242,10242,9.704323068261147
c3_mas__uniform-n8-t100-o80-s10005__cap32000__Qwen-Qwen3-32B-AWQ,uniform-n8-t100-o80-s10005,c3_mas,32000,2,worker_a,335,652,25,stop,False,9604,9604,20.80588593520224
c3_mas__uniform-n8-t100-o80-s10005__cap32000__Qwen-Qwen3-32B-AWQ,uniform-n8-t100-o80-s10005,c3_mas,32000,3,worker_a,410,609,27,stop,False,8517,8517,20.090590030886233
c3_mas__uniform-n8-t100-o80-s10005__cap32000__Qwen-Qwen3-32B-AWQ,uniform-n8-t100-o80-s10005,c3_mas,32000,4,worker_a,487,6293,61,stop,False,7394,7394,204.00697146635503
c3_mas__uniform-n8-t100-o80-s10005__cap32000__Qwen-Qwen3-32B-AWQ,uniform-n8-t100-o80-s10005,c3_mas,32000,5,worker_a,572,468,0,length,False,468,468,15.058892449364066
c3_mas__uniform-n8-t100-o80-s10005__cap32000__Qwen-Qwen3-32B-AWQ,uniform-n8-t100-o80-s10005,c3_mas,32000,6,worker_b,225,1177,7,stop,False,11679,11679,37.62254003342241
c3_mas__uniform-n8-t100-o80-s10005__cap32000__Qwen-Qwen3-32B-AWQ,uniform-n8-t100-o80-s10005,c3_mas,32000,7,worker_b,259,349,10,stop,False,10236,10236,11.635878382250667
c3_mas__uniform-n8-t100-o80-s10005__cap32000__Qwen-Qwen3-32B-AWQ,uniform-n8-t100-o80-s10005,c3_mas,32000,8,worker_b,319,712,54,stop,False,9558,9558,24.803588663227856
c3_mas__uniform-n8-t100-o80-s10005__cap32000__Qwen-Qwen3-32B-AWQ,uniform-n8-t100-o80-s10005,c3_mas,32000,9,worker_b,397,288,10,stop,False,8395,8395,9.593664204701781
c3_mas__uniform-n8-t100-o80-s10005__cap32000__Qwen-Qwen3-32B-AWQ,uniform-n8-t100-o80-s10005,c3_mas,32000,10,worker_b,457,988,55,stop,False,7640,7640,32.117072058841586
c3_mas__uniform-n8-t100-o80-s10005__cap32000__Qwen-Qwen3-32B-AWQ,uniform-n8-t100-o80-s10005,c3_mas,32000,11,worker_b,538,438,10,stop,False,6059,6059,14.074498525820673
c3_mas__uniform-n8-t100-o80-s10005__cap32000__Qwen-Qwen3-32B-AWQ,uniform-n8-t100-o80-s10005,c3_mas,32000,12,worker_b,598,615,55,stop,False,5013,5013,20.917692065238953
c3_mas__uniform-n8-t100-o80-s10005__cap32000__Qwen-Qwen3-32B-AWQ,uniform-n8-t100-o80-s10005,c3_mas,32000,13,worker_b,678,825,10,stop,False,3665,3665,26.431374524720013
c3_mas__uniform-n8-t100-o80-s10005__cap32000__Qwen-Qwen3-32B-AWQ,uniform-n8-t100-o80-s10005,c3_mas,32000,14,worker_b,738,1055,10,stop,False,2092,2092,33.17463652417064
c3_mas__uniform-n8-t100-o80-s10005__cap32000__Qwen-Qwen3-32B-AWQ,uniform-n8-t100-o80-s10005,c3_mas,32000,15,worker_b,798,229,0,length,False,229,229,7.930072620511055
c3_mas__uniform-n8-t100-o80-s10005__cap32000__Qwen-Qwen3-32B-AWQ,uniform-n8-t100-o80-s10005,c3_mas,32000,16,finalize,93,0,7,stop,False,8099,8099,0.315406690351665
c3_mas__uniform-n8-t100-o80-s10005__cap64000__Qwen-Qwen3-32B-AWQ,uniform-n8-t100-o80-s10005,c3_mas,64000,0,worker_a,225,1177,7,stop,False,23679,23679,34.828145602717996
c3_mas__uniform-n8-t100-o80-s10005__cap64000__Qwen-Qwen3-32B-AWQ,uniform-n8-t100-o80-s10005,c3_mas,64000,1,worker_a,253,271,32,stop,False,22242,22242,9.00436876155436
c3_mas__uniform-n8-t100-o80-s10005__cap64000__Qwen-Qwen3-32B-AWQ,uniform-n8-t100-o80-s10005,c3_mas,64000,2,worker_a,335,652,25,stop,False,21604,21604,20.019640309736133
c3_mas__uniform-n8-t100-o80-s10005__cap64000__Qwen-Qwen3-32B-AWQ,uniform-n8-t100-o80-s10005,c3_mas,64000,3,worker_a,410,609,27,stop,False,20517,20517,18.877761455252767
c3_mas__uniform-n8-t100-o80-s10005__cap64000__Qwen-Qwen3-32B-AWQ,uniform-n8-t100-o80-s10005,c3_mas,64000,4,worker_a,487,599,50,stop,False,19394,19394,19.315836912952363
c3_mas__uniform-n8-t100-o80-s10005__cap64000__Qwen-Qwen3-32B-AWQ,uniform-n8-t100-o80-s10005,c3_mas,64000,5,worker_a,561,731,58,stop,False,18184,18184,23.527905519120395
c3_mas__uniform-n8-t100-o80-s10005__cap64000__Qwen-Qwen3-32B-AWQ,uniform-n8-t100-o80-s10005,c3_mas,64000,6,worker_a,645,959,15,stop,False,16750,16750,29.117290990427136
c3_mas__uniform-n8-t100-o80-s10005__cap64000__Qwen-Qwen3-32B-AWQ,uniform-n8-t100-o80-s10005,c3_mas,64000,7,worker_a,686,8075,45,stop,False,15090,15090,252.6501115784049
c3_mas__uniform-n8-t100-o80-s10005__cap64000__Qwen-Qwen3-32B-AWQ,uniform-n8-t100-o80-s10005,c3_mas,64000,8,worker_a,751,1406,5,stop,False,6219,6219,42.27748939022422
c3_mas__uniform-n8-t100-o80-s10005__cap64000__Qwen-Qwen3-32B-AWQ,uniform-n8-t100-o80-s10005,c3_mas,64000,9,worker_b,225,1177,7,stop,False,23679,23679,34.85946376621723
c3_mas__uniform-n8-t100-o80-s10005__cap64000__Qwen-Qwen3-32B-AWQ,uniform-n8-t100-o80-s10005,c3_mas,64000,10,worker_b,259,349,10,stop,False,22236,22236,10.67510790284723
c3_mas__uniform-n8-t100-o80-s10005__cap64000__Qwen-Qwen3-32B-AWQ,uniform-n8-t100-o80-s10005,c3_mas,64000,11,worker_b,319,273,13,stop,False,21558,21558,8.565661209635437
c3_mas__uniform-n8-t100-o80-s10005__cap64000__Qwen-Qwen3-32B-AWQ,uniform-n8-t100-o80-s10005,c3_mas,64000,12,worker_b,356,603,10,stop,False,20916,20916,18.167859562672675
c3_mas__uniform-n8-t100-o80-s10005__cap64000__Qwen-Qwen3-32B-AWQ,uniform-n8-t100-o80-s10005,c3_mas,64000,13,worker_b,416,596,15,stop,False,19887,19887,18.139781311154366
c3_mas__uniform-n8-t100-o80-s10005__cap64000__Qwen-Qwen3-32B-AWQ,uniform-n8-t100-o80-s10005,c3_mas,64000,14,worker_b,457,670,10,stop,False,18819,18819,20.208276284858584
c3_mas__uniform-n8-t100-o80-s10005__cap64000__Qwen-Qwen3-32B-AWQ,uniform-n8-t100-o80-s10005,c3_mas,64000,15,worker_b,517,946,15,stop,False,17622,17622,28.584422844462097
c3_mas__uniform-n8-t100-o80-s10005__cap64000__Qwen-Qwen3-32B-AWQ,uniform-n8-t100-o80-s10005,c3_mas,64000,16,worker_b,557,1398,15,stop,False,16104,16104,42.108008382841945
c3_mas__uniform-n8-t100-o80-s10005__cap64000__Qwen-Qwen3-32B-AWQ,uniform-n8-t100-o80-s10005,c3_mas,64000,17,worker_b,598,1208,10,stop,False,14093,14093,36.34315303340554
c3_mas__uniform-n8-t100-o80-s10005__cap64000__Qwen-Qwen3-32B-AWQ,uniform-n8-t100-o80-s10005,c3_mas,64000,18,worker_b,658,3551,10,stop,False,12217,12217,107.58090384677052
c3_mas__uniform-n8-t100-o80-s10005__cap64000__Qwen-Qwen3-32B-AWQ,uniform-n8-t100-o80-s10005,c3_mas,64000,19,worker_b,718,1413,1991,stop,False,7938,7938,102.87357592117041
c3_mas__uniform-n8-t100-o80-s10005__cap64000__Qwen-Qwen3-32B-AWQ,uniform-n8-t100-o80-s10005,c3_mas,64000,20,worker_b,2735,1799,0,length,False,1799,1799,56.98261858895421
c3_mas__uniform-n8-t100-o80-s10005__cap64000__Qwen-Qwen3-32B-AWQ,uniform-n8-t100-o80-s10005,c3_mas,64000,21,critic,330,738,12,stop,False,20414,20414,22.14759612828493
c3_mas__uniform-n8-t100-o80-s10005__cap64000__Qwen-Qwen3-32B-AWQ,uniform-n8-t100-o80-s10005,c3_mas,64000,22,finalize,97,0,7,stop,False,19823,19823,0.28934767562896013
c3_mas__uniform-n8-t100-o80-s10005__cap8000__Qwen-Qwen3-32B-AWQ,uniform-n8-t100-o80-s10005,c3_mas,8000,0,worker_a,225,1177,7,stop,False,2679,2679,36.82337717246264
c3_mas__uniform-n8-t100-o80-s10005__cap8000__Qwen-Qwen3-32B-AWQ,uniform-n8-t100-o80-s10005,c3_mas,8000,1,worker_a,253,271,32,stop,False,1242,1242,9.381350605748594
c3_mas__uniform-n8-t100-o80-s10005__cap8000__Qwen-Qwen3-32B-AWQ,uniform-n8-t100-o80-s10005,c3_mas,8000,2,worker_a,335,604,0,length,False,604,604,18.841753900051117
c3_mas__uniform-n8-t100-o80-s10005__cap8000__Qwen-Qwen3-32B-AWQ,uniform-n8-t100-o80-s10005,c3_mas,8000,3,worker_b,225,1177,7,stop,False,2679,2679,36.307925158180296
c3_mas__uniform-n8-t100-o80-s10005__cap8000__Qwen-Qwen3-32B-AWQ,uniform-n8-t100-o80-s10005,c3_mas,8000,4,worker_b,259,349,10,stop,False,1236,1236,10.94990511983633
c3_mas__uniform-n8-t100-o80-s10005__cap8000__Qwen-Qwen3-32B-AWQ,uniform-n8-t100-o80-s10005,c3_mas,8000,5,worker_b,319,558,0,length,False,558,558,17.17662419565022
c3_mas__uniform-n8-t100-o80-s10005__cap8000__Qwen-Qwen3-32B-AWQ,uniform-n8-t100-o80-s10005,c3_mas,8000,6,finalize,93,0,7,stop,False,2099,2099,0.31300156842917204
c3_mas__uniform-n8-t20-o20-s10005__cap16000__Qwen-Qwen3-32B-AWQ,uniform-n8-t20-o20-s10005,c3_mas,16000,0,worker_a,225,1177,7,stop,False,5679,5679,36.51188364904374
c3_mas__uniform-n8-t20-o20-s10005__cap16000__Qwen-Qwen3-32B-AWQ,uniform-n8-t20-o20-s10005,c3_mas,16000,1,worker_a,253,271,32,stop,False,4242,4242,9.678615280427039
c3_mas__uniform-n8-t20-o20-s10005__cap16000__Qwen-Qwen3-32B-AWQ,uniform-n8-t20-o20-s10005,c3_mas,16000,2,worker_a,334,201,13,stop,False,3605,3605,6.77460422553122
c3_mas__uniform-n8-t20-o20-s10005__cap16000__Qwen-Qwen3-32B-AWQ,uniform-n8-t20-o20-s10005,c3_mas,16000,3,worker_a,371,1282,37,stop,False,3020,3020,41.353470019064844
c3_mas__uniform-n8-t20-o20-s10005__cap16000__Qwen-Qwen3-32B-AWQ,uniform-n8-t20-o20-s10005,c3_mas,16000,4,worker_a,457,692,15,stop,False,1244,1244,21.912273864261806
c3_mas__uniform-n8-t20-o20-s10005__cap16000__Qwen-Qwen3-32B-AWQ,uniform-n8-t20-o20-s10005,c3_mas,16000,5,worker_a,498,39,0,length,False,39,39,1.5656352629885077
c3_mas__uniform-n8-t20-o20-s10005__cap16000__Qwen-Qwen3-32B-AWQ,uniform-n8-t20-o20-s10005,c3_mas,16000,6,worker_b,225,1177,7,stop,False,5679,5679,36.90076915640384
c3_mas__uniform-n8-t20-o20-s10005__cap16000__Qwen-Qwen3-32B-AWQ,uniform-n8-t20-o20-s10005,c3_mas,16000,7,worker_b,259,349,10,stop,False,4236,4236,11.178736540488899
c3_mas__uniform-n8-t20-o20-s10005__cap16000__Qwen-Qwen3-32B-AWQ,uniform-n8-t20-o20-s10005,c3_mas,16000,8,worker_b,318,403,10,stop,False,3559,3559,12.920103997923434
c3_mas__uniform-n8-t20-o20-s10005__cap16000__Qwen-Qwen3-32B-AWQ,uniform-n8-t20-o20-s10005,c3_mas,16000,9,worker_b,377,341,31,stop,False,2769,2769,11.434801767580211
c3_mas__uniform-n8-t20-o20-s10005__cap16000__Qwen-Qwen3-32B-AWQ,uniform-n8-t20-o20-s10005,c3_mas,16000,10,worker_b,457,382,34,stop,False,1940,1940,12.914228204637766
c3_mas__uniform-n8-t20-o20-s10005__cap16000__Qwen-Qwen3-32B-AWQ,uniform-n8-t20-o20-s10005,c3_mas,16000,11,worker_b,540,425,28,stop,False,984,984,14.170872987248003
c3_mas__uniform-n8-t20-o20-s10005__cap16000__Qwen-Qwen3-32B-AWQ,uniform-n8-t20-o20-s10005,c3_mas,16000,12,finalize,93,0,7,stop,False,4630,4630,0.31706744246184826
c3_mas__uniform-n8-t20-o20-s10005__cap32000__Qwen-Qwen3-32B-AWQ,uniform-n8-t20-o20-s10005,c3_mas,32000,0,worker_a,225,1177,7,stop,False,11679,11679,36.098395242355764
c3_mas__uniform-n8-t20-o20-s10005__cap32000__Qwen-Qwen3-32B-AWQ,uniform-n8-t20-o20-s10005,c3_mas,32000,1,worker_a,253,271,32,stop,False,10242,10242,9.3545979000628
c3_mas__uniform-n8-t20-o20-s10005__cap32000__Qwen-Qwen3-32B-AWQ,uniform-n8-t20-o20-s10005,c3_mas,32000,2,worker_a,334,201,13,stop,False,9605,9605,6.818444998934865
c3_mas__uniform-n8-t20-o20-s10005__cap32000__Qwen-Qwen3-32B-AWQ,uniform-n8-t20-o20-s10005,c3_mas,32000,3,worker_a,371,969,43,stop,False,9020,9020,31.05023950524628
c3_mas__uniform-n8-t20-o20-s10005__cap32000__Qwen-Qwen3-32B-AWQ,uniform-n8-t20-o20-s10005,c3_mas,32000,4,worker_a,463,435,35,stop,False,7545,7545,14.78871008940041
c3_mas__uniform-n8-t20-o20-s10005__cap32000__Qwen-Qwen3-32B-AWQ,uniform-n8-t20-o20-s10005,c3_mas,32000,5,worker_a,547,729,13,stop,False,6528,6528,23.174337284639478
c3_mas__uniform-n8-t20-o20-s10005__cap32000__Qwen-Qwen3-32B-AWQ,uniform-n8-t20-o20-s10005,c3_mas,32000,6,worker_a,584,637,13,stop,False,5202,5202,20.25367079395801
c3_mas__uniform-n8-t20-o20-s10005__cap32000__Qwen-Qwen3-32B-AWQ,uniform-n8-t20-o20-s10005,c3_mas,32000,7,worker_a,621,845,15,stop,False,3931,3931,26.97589212562889
c3_mas__uniform-n8-t20-o20-s10005__cap32000__Qwen-Qwen3-32B-AWQ,uniform-n8-t20-o20-s10005,c3_mas,32000,8,worker_a,662,1171,15,stop,False,2409,2409,37.647074323147535
c3_mas__uniform-n8-t20-o20-s10005__cap32000__Qwen-Qwen3-32B-AWQ,uniform-n8-t20-o20-s10005,c3_mas,32000,9,worker_a,703,520,0,length,False,520,520,17.221341799013317
c3_mas__uniform-n8-t20-o20-s10005__cap32000__Qwen-Qwen3-32B-AWQ,uniform-n8-t20-o20-s10005,c3_mas,32000,10,worker_b,225,1177,7,stop,False,11679,11679,36.429302976466715
c3_mas__uniform-n8-t20-o20-s10005__cap32000__Qwen-Qwen3-32B-AWQ,uniform-n8-t20-o20-s10005,c3_mas,32000,11,worker_b,259,349,10,stop,False,10236,10236,11.081785324960947
c3_mas__uniform-n8-t20-o20-s10005__cap32000__Qwen-Qwen3-32B-AWQ,uniform-n8-t20-o20-s10005,c3_mas,32000,12,worker_b,318,403,10,stop,False,9559,9559,12.829303799197078
c3_mas__uniform-n8-t20-o20-s10005__cap32000__Qwen-Qwen3-32B-AWQ,uniform-n8-t20-o20-s10005,c3_mas,32000,13,worker_b,377,341,31,stop,False,8769,8769,12.082702616229653
c3_mas__uniform-n8-t20-o20-s10005__cap32000__Qwen-Qwen3-32B-AWQ,uniform-n8-t20-o20-s10005,c3_mas,32000,14,worker_b,457,382,34,stop,False,7940,7940,12.90199845470488
c3_mas__uniform-n8-t20-o20-s10005__cap32000__Qwen-Qwen3-32B-AWQ,uniform-n8-t20-o20-s10005,c3_mas,32000,15,worker_b,540,425,28,stop,False,6984,6984,14.260493744164705
c3_mas__uniform-n8-t20-o20-s10005__cap32000__Qwen-Qwen3-32B-AWQ,uniform-n8-t20-o20-s10005,c3_mas,32000,16,worker_b,617,565,44,stop,False,5914,5914,19.18111385963857
c3_mas__uniform-n8-t20-o20-s10005__cap32000__Qwen-Qwen3-32B-AWQ,uniform-n8-t20-o20-s10005,c3_mas,32000,17,worker_b,685,4620,0,length,False,4620,4620,147.07095035072416
c3_mas__uniform-n8-t20-o20-s10005__cap32000__Qwen-Qwen3-32B-AWQ,uniform-n8-t20-o20-s10005,c3_mas,32000,18,finalize,93,0,7,stop,False,8099,8099,0.32002486009150743
c3_mas__uniform-n8-t20-o20-s10005__cap64000__Qwen-Qwen3-32B-AWQ,uniform-n8-t20-o20-s10005,c3_mas,64000,0,worker_a,225,1177,7,stop,False,23679,23679,36.10996394697577
c3_mas__uniform-n8-t20-o20-s10005__cap64000__Qwen-Qwen3-32B-AWQ,uniform-n8-t20-o20-s10005,c3_mas,64000,1,worker_a,253,271,32,stop,False,22242,22242,9.456806199625134
c3_mas__uniform-n8-t20-o20-s10005__cap64000__Qwen-Qwen3-32B-AWQ,uniform-n8-t20-o20-s10005,c3_mas,64000,2,worker_a,334,201,13,stop,False,21605,21605,6.654822377488017
c3_mas__uniform-n8-t20-o20-s10005__cap64000__Qwen-Qwen3-32B-AWQ,uniform-n8-t20-o20-s10005,c3_mas,64000,3,worker_a,371,548,29,stop,False,21020,21020,17.878031778149307
c3_mas__uniform-n8-t20-o20-s10005__cap64000__Qwen-Qwen3-32B-AWQ,uniform-n8-t20-o20-s10005,c3_mas,64000,4,worker_a,449,809,10,stop,False,19994,19994,25.286910008639097
c3_mas__uniform-n8-t20-o20-s10005__cap64000__Qwen-Qwen3-32B-AWQ,uniform-n8-t20-o20-s10005,c3_mas,64000,5,worker_a,508,2417,42,stop,False,18667,18667,77.23191176820546
c3_mas__uniform-n8-t20-o20-s10005__cap64000__Qwen-Qwen3-32B-AWQ,uniform-n8-t20-o20-s10005,c3_mas,64000,6,worker_a,574,1318,49,stop,False,15634,15634,42.51666555181146
c3_mas__uniform-n8-t20-o20-s10005__cap64000__Qwen-Qwen3-32B-AWQ,uniform-n8-t20-o20-s10005,c3_mas,64000,7,worker_a,649,1325,40,stop,False,13618,13618,42.62989452108741
c3_mas__uniform-n8-t20-o20-s10005__cap64000__Qwen-Qwen3-32B-AWQ,uniform-n8-t20-o20-s10005,c3_mas,64000,8,worker_a,715,3003,25,stop,False,11538,11538,95.94847372081131
c3_mas__uniform-n8-t20-o20-s10005__cap64000__Qwen-Qwen3-32B-AWQ,uniform-n8-t20-o20-s10005,c3_mas,64000,9,worker_a,760,720,5,stop,False,7750,7750,22.60985728073865
c3_mas__uniform-n8-t20-o20-s10005__cap64000__Qwen-Qwen3-32B-AWQ,uniform-n8-t20-o20-s10005,c3_mas,64000,10,worker_b,225,1177,7,stop,False,23679,23679,36.228038577362895
c3_mas__uniform-n8-t20-o20-s10005__cap64000__Qwen-Qwen3-32B-AWQ,uniform-n8-t20-o20-s10005,c3_mas,64000,11,worker_b,259,595,10,stop,False,22236,22236,18.7812579004094
c3_mas__uniform-n8-t20-o20-s10005__cap64000__Qwen-Qwen3-32B-AWQ,uniform-n8-t20-o20-s10005,c3_mas,64000,12,worker_b,318,403,10,stop,False,21313,21313,12.961206746287644
c3_mas__uniform-n8-t20-o20-s10005__cap64000__Qwen-Qwen3-32B-AWQ,uniform-n8-t20-o20-s10005,c3_mas,64000,13,worker_b,377,341,31,stop,False,20523,20523,11.452107437886298
c3_mas__uniform-n8-t20-o20-s10005__cap64000__Qwen-Qwen3-32B-AWQ,uniform-n8-t20-o20-s10005,c3_mas,64000,14,worker_b,457,382,34,stop,False,19694,19694,12.941466180607677
c3_mas__uniform-n8-t20-o20-s10005__cap64000__Qwen-Qwen3-32B-AWQ,uniform-n8-t20-o20-s10005,c3_mas,64000,15,worker_b,540,425,28,stop,False,18738,18738,14.477248508483171
c3_mas__uniform-n8-t20-o20-s10005__cap64000__Qwen-Qwen3-32B-AWQ,uniform-n8-t20-o20-s10005,c3_mas,64000,16,worker_b,617,565,44,stop,False,17668,17668,19.21484229527414
c3_mas__uniform-n8-t20-o20-s10005__cap64000__Qwen-Qwen3-32B-AWQ,uniform-n8-t20-o20-s10005,c3_mas,64000,17,worker_b,685,4890,38,stop,False,16374,16374,155.6214959723875
c3_mas__uniform-n8-t20-o20-s10005__cap64000__Qwen-Qwen3-32B-AWQ,uniform-n8-t20-o20-s10005,c3_mas,64000,18,worker_b,743,1302,75,stop,False,10703,10703,43.3112527159974
c3_mas__uniform-n8-t20-o20-s10005__cap64000__Qwen-Qwen3-32B-AWQ,uniform-n8-t20-o20-s10005,c3_mas,64000,19,worker_b,844,875,15,stop,False,8482,8482,27.996532765217125
c3_mas__uniform-n8-t20-o20-s10005__cap64000__Qwen-Qwen3-32B-AWQ,uniform-n8-t20-o20-s10005,c3_mas,64000,20,worker_b,885,1439,56,stop,False,6707,6707,46.95585996191949
c3_mas__uniform-n8-t20-o20-s10005__cap64000__Qwen-Qwen3-32B-AWQ,uniform-n8-t20-o20-s10005,c3_mas,64000,21,worker_b,965,1678,15,stop,False,4247,4247,53.08472931291908
c3_mas__uniform-n8-t20-o20-s10005__cap64000__Qwen-Qwen3-32B-AWQ,uniform-n8-t20-o20-s10005,c3_mas,64000,22,worker_b,1006,1548,0,length,False,1548,1548,48.75388647802174
c3_mas__uniform-n8-t20-o20-s10005__cap64000__Qwen-Qwen3-32B-AWQ,uniform-n8-t20-o20-s10005,c3_mas,64000,23,critic,460,1101,25,stop,False,22501,22501,34.96291667968035
c3_mas__uniform-n8-t20-o20-s10005__cap64000__Qwen-Qwen3-32B-AWQ,uniform-n8-t20-o20-s10005,c3_mas,64000,24,finalize,110,0,56,stop,False,21521,21521,1.8011510511860251
c3_mas__uniform-n8-t20-o20-s10005__cap8000__Qwen-Qwen3-32B-AWQ,uniform-n8-t20-o20-s10005,c3_mas,8000,0,worker_a,225,1177,7,stop,False,2679,2679,36.29224222712219
c3_mas__uniform-n8-t20-o20-s10005__cap8000__Qwen-Qwen3-32B-AWQ,uniform-n8-t20-o20-s10005,c3_mas,8000,1,worker_a,253,271,32,stop,False,1242,1242,9.312696014530957
c3_mas__uniform-n8-t20-o20-s10005__cap8000__Qwen-Qwen3-32B-AWQ,uniform-n8-t20-o20-s10005,c3_mas,8000,2,worker_a,334,201,13,stop,False,605,605,6.744405606761575
c3_mas__uniform-n8-t20-o20-s10005__cap8000__Qwen-Qwen3-32B-AWQ,uniform-n8-t20-o20-s10005,c3_mas,8000,3,worker_a,371,20,0,length,False,20,20,0.900080120190978
c3_mas__uniform-n8-t20-o20-s10005__cap8000__Qwen-Qwen3-32B-AWQ,uniform-n8-t20-o20-s10005,c3_mas,8000,4,worker_b,225,1177,7,stop,False,2679,2679,36.39463583473116
c3_mas__uniform-n8-t20-o20-s10005__cap8000__Qwen-Qwen3-32B-AWQ,uniform-n8-t20-o20-s10005,c3_mas,8000,5,worker_b,259,595,10,stop,False,1236,1236,18.832278054207563
c3_mas__uniform-n8-t20-o20-s10005__cap8000__Qwen-Qwen3-32B-AWQ,uniform-n8-t20-o20-s10005,c3_mas,8000,6,worker_b,318,313,0,length,False,313,313,9.586770578287542
c3_mas__uniform-n8-t20-o20-s10005__cap8000__Qwen-Qwen3-32B-AWQ,uniform-n8-t20-o20-s10005,c3_mas,8000,7,finalize,93,0,7,stop,False,2099,2099,0.31508674658834934
c3_mas__uniform-n8-t85-o20-s10005__cap16000__Qwen-Qwen3-32B-AWQ,uniform-n8-t85-o20-s10005,c3_mas,16000,0,worker_a,225,1177,7,stop,False,5679,5679,36.27159312553704
c3_mas__uniform-n8-t85-o20-s10005__cap16000__Qwen-Qwen3-32B-AWQ,uniform-n8-t85-o20-s10005,c3_mas,16000,1,worker_a,253,271,32,stop,False,4242,4242,9.538155005313456
c3_mas__uniform-n8-t85-o20-s10005__cap16000__Qwen-Qwen3-32B-AWQ,uniform-n8-t85-o20-s10005,c3_mas,16000,2,worker_a,335,446,27,stop,False,3604,3604,14.542101841419935
c3_mas__uniform-n8-t85-o20-s10005__cap16000__Qwen-Qwen3-32B-AWQ,uniform-n8-t85-o20-s10005,c3_mas,16000,3,worker_a,412,416,10,stop,False,2719,2719,13.723323183134198
c3_mas__uniform-n8-t85-o20-s10005__cap16000__Qwen-Qwen3-32B-AWQ,uniform-n8-t85-o20-s10005,c3_mas,16000,4,worker_a,471,1096,13,stop,False,1822,1822,34.26849472336471
c3_mas__uniform-n8-t85-o20-s10005__cap16000__Qwen-Qwen3-32B-AWQ,uniform-n8-t85-o20-s10005,c3_mas,16000,5,worker_a,508,205,0,length,False,205,205,6.634968579746783
c3_mas__uniform-n8-t85-o20-s10005__cap16000__Qwen-Qwen3-32B-AWQ,uniform-n8-t85-o20-s10005,c3_mas,16000,6,worker_b,225,1177,7,stop,False,5679,5679,36.75337310601026
c3_mas__uniform-n8-t85-o20-s10005__cap16000__Qwen-Qwen3-32B-AWQ,uniform-n8-t85-o20-s10005,c3_mas,16000,7,worker_b,259,349,10,stop,False,4236,4236,11.083397270180285
c3_mas__uniform-n8-t85-o20-s10005__cap16000__Qwen-Qwen3-32B-AWQ,uniform-n8-t85-o20-s10005,c3_mas,16000,8,worker_b,318,508,52,stop,False,3559,3559,17.274515878409147
c3_mas__uniform-n8-t85-o20-s10005__cap16000__Qwen-Qwen3-32B-AWQ,uniform-n8-t85-o20-s10005,c3_mas,16000,9,worker_b,394,359,59,stop,False,2605,2605,13.116906957700849
c3_mas__uniform-n8-t85-o20-s10005__cap16000__Qwen-Qwen3-32B-AWQ,uniform-n8-t85-o20-s10005,c3_mas,16000,10,worker_b,503,701,57,stop,False,1684,1684,23.841377987526357
c3_mas__uniform-n8-t85-o20-s10005__cap16000__Qwen-Qwen3-32B-AWQ,uniform-n8-t85-o20-s10005,c3_mas,16000,11,worker_b,586,340,0,length,False,340,340,11.036479722708464
c3_mas__uniform-n8-t85-o20-s10005__cap16000__Qwen-Qwen3-32B-AWQ,uniform-n8-t85-o20-s10005,c3_mas,16000,12,finalize,93,0,7,stop,False,4099,4099,0.32977365981787443
c3_mas__uniform-n8-t85-o20-s10005__cap32000__Qwen-Qwen3-32B-AWQ,uniform-n8-t85-o20-s10005,c3_mas,32000,0,worker_a,225,1177,7,stop,False,11679,11679,36.77649716846645
c3_mas__uniform-n8-t85-o20-s10005__cap32000__Qwen-Qwen3-32B-AWQ,uniform-n8-t85-o20-s10005,c3_mas,32000,1,worker_a,253,271,32,stop,False,10242,10242,9.588771908544004
c3_mas__uniform-n8-t85-o20-s10005__cap32000__Qwen-Qwen3-32B-AWQ,uniform-n8-t85-o20-s10005,c3_mas,32000,2,worker_a,335,446,27,stop,False,9604,9604,14.554720387794077
c3_mas__uniform-n8-t85-o20-s10005__cap32000__Qwen-Qwen3-32B-AWQ,uniform-n8-t85-o20-s10005,c3_mas,32000,3,worker_a,412,416,10,stop,False,8719,8719,13.225070457905531
c3_mas__uniform-n8-t85-o20-s10005__cap32000__Qwen-Qwen3-32B-AWQ,uniform-n8-t85-o20-s10005,c3_mas,32000,4,worker_a,471,1105,13,stop,False,7822,7822,35.1378089459613
c3_mas__uniform-n8-t85-o20-s10005__cap32000__Qwen-Qwen3-32B-AWQ,uniform-n8-t85-o20-s10005,c3_mas,32000,5,worker_a,508,1375,72,stop,False,6196,6196,44.782000133767724
c3_mas__uniform-n8-t85-o20-s10005__cap32000__Qwen-Qwen3-32B-AWQ,uniform-n8-t85-o20-s10005,c3_mas,32000,6,worker_a,606,1336,15,stop,False,4143,4143,42.62610985990614
c3_mas__uniform-n8-t85-o20-s10005__cap32000__Qwen-Qwen3-32B-AWQ,uniform-n8-t85-o20-s10005,c3_mas,32000,7,worker_a,647,1326,25,stop,False,2145,2145,42.34678130224347
c3_mas__uniform-n8-t85-o20-s10005__cap32000__Qwen-Qwen3-32B-AWQ,uniform-n8-t85-o20-s10005,c3_mas,32000,8,worker_a,692,102,0,length,False,102,102,3.5762331364676356
c3_mas__uniform-n8-t85-o20-s10005__cap32000__Qwen-Qwen3-32B-AWQ,uniform-n8-t85-o20-s10005,c3_mas,32000,9,worker_b,225,1177,7,stop,False,11679,11679,36.315485450439155
c3_mas__uniform-n8-t85-o20-s10005__cap32000__Qwen-Qwen3-32B-AWQ,uniform-n8-t85-o20-s10005,c3_mas,32000,10,worker_b,259,349,10,stop,False,10236,10236,10.985693359747529
c3_mas__uniform-n8-t85-o20-s10005__cap32000__Qwen-Qwen3-32B-AWQ,uniform-n8-t85-o20-s10005,c3_mas,32000,11,worker_b,318,508,52,stop,False,9559,9559,17.649039255455136
c3_mas__uniform-n8-t85-o20-s10005__cap32000__Qwen-Qwen3-32B-AWQ,uniform-n8-t85-o20-s10005,c3_mas,32000,12,worker_b,394,359,59,stop,False,8605,8605,13.269931721501052
c3_mas__uniform-n8-t85-o20-s10005__cap32000__Qwen-Qwen3-32B-AWQ,uniform-n8-t85-o20-s10005,c3_mas,32000,13,worker_b,503,701,57,stop,False,7684,7684,23.373702365905046
c3_mas__uniform-n8-t85-o20-s10005__cap32000__Qwen-Qwen3-32B-AWQ,uniform-n8-t85-o20-s10005,c3_mas,32000,14,worker_b,586,435,58,stop,False,6340,6340,15.488876932300627
c3_mas__uniform-n8-t85-o20-s10005__cap32000__Qwen-Qwen3-32B-AWQ,uniform-n8-t85-o20-s10005,c3_mas,32000,15,worker_b,694,519,75,stop,False,5153,5153,19.012939957901835
c3_mas__uniform-n8-t85-o20-s10005__cap32000__Qwen-Qwen3-32B-AWQ,uniform-n8-t85-o20-s10005,c3_mas,32000,16,worker_b,794,2879,10,stop,False,3765,3765,91.24972690735012
c3_mas__uniform-n8-t85-o20-s10005__cap32000__Qwen-Qwen3-32B-AWQ,uniform-n8-t85-o20-s10005,c3_mas,32000,17,worker_b,854,22,0,length,False,22,22,1.2543591214343905
c3_mas__uniform-n8-t85-o20-s10005__cap32000__Qwen-Qwen3-32B-AWQ,uniform-n8-t85-o20-s10005,c3_mas,32000,18,critic,462,1434,25,stop,False,7474,7474,45.17095491103828
c3_mas__uniform-n8-t85-o20-s10005__cap32000__Qwen-Qwen3-32B-AWQ,uniform-n8-t85-o20-s10005,c3_mas,32000,19,finalize,110,0,56,stop,False,6161,6161,1.82345184776932
c3_mas__uniform-n8-t85-o20-s10005__cap64000__Qwen-Qwen3-32B-AWQ,uniform-n8-t85-o20-s10005,c3_mas,64000,0,worker_a,225,1177,7,stop,False,23679,23679,37.75761457812041
c3_mas__uniform-n8-t85-o20-s10005__cap64000__Qwen-Qwen3-32B-AWQ,uniform-n8-t85-o20-s10005,c3_mas,64000,1,worker_a,253,271,32,stop,False,22242,22242,9.398992151021957
c3_mas__uniform-n8-t85-o20-s10005__cap64000__Qwen-Qwen3-32B-AWQ,uniform-n8-t85-o20-s10005,c3_mas,64000,2,worker_a,335,446,27,stop,False,21604,21604,14.750614957883954
c3_mas__uniform-n8-t85-o20-s10005__cap64000__Qwen-Qwen3-32B-AWQ,uniform-n8-t85-o20-s10005,c3_mas,64000,3,worker_a,412,416,10,stop,False,20719,20719,13.424344471655786
c3_mas__uniform-n8-t85-o20-s10005__cap64000__Qwen-Qwen3-32B-AWQ,uniform-n8-t85-o20-s10005,c3_mas,64000,4,worker_a,471,1096,13,stop,False,19822,19822,35.04300753958523
c3_mas__uniform-n8-t85-o20-s10005__cap64000__Qwen-Qwen3-32B-AWQ,uniform-n8-t85-o20-s10005,c3_mas,64000,5,worker_a,508,1375,72,stop,False,18205,18205,46.27035086322576
c3_mas__uniform-n8-t85-o20-s10005__cap64000__Qwen-Qwen3-32B-AWQ,uniform-n8-t85-o20-s10005,c3_mas,64000,6,worker_a,606,1336,15,stop,False,16152,16152,41.723705638200045
c3_mas__uniform-n8-t85-o20-s10005__cap64000__Qwen-Qwen3-32B-AWQ,uniform-n8-t85-o20-s10005,c3_mas,64000,7,worker_a,647,1326,25,stop,False,14154,14154,42.069194299168885
c3_mas__uniform-n8-t85-o20-s10005__cap64000__Qwen-Qwen3-32B-AWQ,uniform-n8-t85-o20-s10005,c3_mas,64000,8,worker_a,692,490,5,stop,False,12111,12111,15.750996258109808
c3_mas__uniform-n8-t85-o20-s10005__cap64000__Qwen-Qwen3-32B-AWQ,uniform-n8-t85-o20-s10005,c3_mas,64000,9,worker_b,225,1177,7,stop,False,23679,23679,36.39569659810513
c3_mas__uniform-n8-t85-o20-s10005__cap64000__Qwen-Qwen3-32B-AWQ,uniform-n8-t85-o20-s10005,c3_mas,64000,10,worker_b,259,349,10,stop,False,22236,22236,11.357338103465736
c3_mas__uniform-n8-t85-o20-s10005__cap64000__Qwen-Qwen3-32B-AWQ,uniform-n8-t85-o20-s10005,c3_mas,64000,11,worker_b,318,508,52,stop,False,21559,21559,17.594566924497485
c3_mas__uniform-n8-t85-o20-s10005__cap64000__Qwen-Qwen3-32B-AWQ,uniform-n8-t85-o20-s10005,c3_mas,64000,12,worker_b,394,359,59,stop,False,20605,20605,12.959721478633583
c3_mas__uniform-n8-t85-o20-s10005__cap64000__Qwen-Qwen3-32B-AWQ,uniform-n8-t85-o20-s10005,c3_mas,64000,13,worker_b,503,701,57,stop,False,19684,19684,23.56159022822976
c3_mas__uniform-n8-t85-o20-s10005__cap64000__Qwen-Qwen3-32B-AWQ,uniform-n8-t85-o20-s10005,c3_mas,64000,14,worker_b,586,435,58,stop,False,18340,18340,15.627341968007386
c3_mas__uniform-n8-t85-o20-s10005__cap64000__Qwen-Qwen3-32B-AWQ,uniform-n8-t85-o20-s10005,c3_mas,64000,15,worker_b,694,519,75,stop,False,17153,17153,18.97204307001084
c3_mas__uniform-n8-t85-o20-s10005__cap64000__Qwen-Qwen3-32B-AWQ,uniform-n8-t85-o20-s10005,c3_mas,64000,16,worker_b,794,2836,39,stop,False,15765,15765,93.49002406001091
c3_mas__uniform-n8-t85-o20-s10005__cap64000__Qwen-Qwen3-32B-AWQ,uniform-n8-t85-o20-s10005,c3_mas,64000,17,worker_b,853,1316,5,stop,False,12037,12037,43.38116288650781
c3_mas__uniform-n8-t85-o20-s10005__cap64000__Qwen-Qwen3-32B-AWQ,uniform-n8-t85-o20-s10005,c3_mas,64000,18,critic,462,1434,25,stop,True,37806,32306,45.32401984371245
c3_mas__uniform-n8-t85-o20-s10005__cap64000__Qwen-Qwen3-32B-AWQ,uniform-n8-t85-o20-s10005,c3_mas,64000,19,finalize,110,0,56,stop,True,36493,32658,1.837597337551415
c3_mas__uniform-n8-t85-o20-s10005__cap8000__Qwen-Qwen3-32B-AWQ,uniform-n8-t85-o20-s10005,c3_mas,8000,0,worker_a,225,1177,7,stop,False,2679,2679,36.49318721611053
c3_mas__uniform-n8-t85-o20-s10005__cap8000__Qwen-Qwen3-32B-AWQ,uniform-n8-t85-o20-s10005,c3_mas,8000,1,worker_a,253,271,32,stop,False,1242,1242,9.346567939966917
c3_mas__uniform-n8-t85-o20-s10005__cap8000__Qwen-Qwen3-32B-AWQ,uniform-n8-t85-o20-s10005,c3_mas,8000,2,worker_a,335,446,27,stop,False,604,604,14.760438354685903
c3_mas__uniform-n8-t85-o20-s10005__cap8000__Qwen-Qwen3-32B-AWQ,uniform-n8-t85-o20-s10005,c3_mas,8000,3,worker_b,225,1177,7,stop,False,2679,2679,36.23168775625527
c3_mas__uniform-n8-t85-o20-s10005__cap8000__Qwen-Qwen3-32B-AWQ,uniform-n8-t85-o20-s10005,c3_mas,8000,4,worker_b,259,349,10,stop,False,1236,1236,11.206767961382866
c3_mas__uniform-n8-t85-o20-s10005__cap8000__Qwen-Qwen3-32B-AWQ,uniform-n8-t85-o20-s10005,c3_mas,8000,5,worker_b,318,508,51,length,False,559,559,17.3469545757398
c3_mas__uniform-n8-t85-o20-s10005__cap8000__Qwen-Qwen3-32B-AWQ,uniform-n8-t85-o20-s10005,c3_mas,8000,6,finalize,93,0,7,stop,False,2230,2230,0.3162516262382269
