run_id,condition,instance_id,cap,level,model,seed,subset_hash,binning_hash,git_commit,max_model_len,base_url,has_endpoint_usage,internal_total_tokens,endpoint_total_tokens,think_leak,n_people,travel_structure,tightness,overlap,complexity_metric,optimum,achieved,abs_gap,satisfaction,feasible,optimality,final_plan_meetings,nonempty_plan,tokens_total,tokens_remaining,cap_utilisation,budget_exhausted,latency_seconds,n_calls,n_steps,termination,finalization_mismatch,empty_turns,calls_react_step,calls_verify,calls_revise,calls_worker_a,calls_worker_b,calls_critic,calls_finalize,attempts,attempts_react_step,attempts_revise,attempts_worker_a,attempts_worker_b,attempts_critic,valid_react_step,valid_revise,valid_worker_a,valid_worker_b,valid_critic,parsed,valid,accepted,any_valid,ctx_limited_calls,length_calls,reasons,invalid_reasons
c1_react__clustered-n4-t100-o20-s10005__cap16000__Qwen-Qwen3-32B-AWQ,c1_react,clustered-n4-t100-o20-s10005,16000,medium,Qwen/Qwen3-32B-AWQ,10005,29d836cb56141f3a29ac3fa9670e662c123586e967f2d5ae1280925c2228edbd,e6a365481dd4a485867c62377ac5bc6dc58b277113ccd207605a0258d5cba306,916434ac8d27a4c889ee754c779d1dfeaf47e29a,32768,,True,15910,15910,False,4,clustered,1.0,0.2,1,3,3,0,1.0,True,True,3,True,15910,90,0.9944,False,359.2047290978953,10,9,aborted,False,1,9,0,0,0,0,0,1,1,1,0,0,0,0,1,0,0,0,0,1,1,1,True,0,1,,
c1_react__clustered-n4-t100-o20-s10005__cap32000__Qwen-Qwen3-32B-AWQ,c1_react,clustered-n4-t100-o20-s10005,32000,medium,Qwen/Qwen3-32B-AWQ,10005,29d836cb56141f3a29ac3fa9670e662c123586e967f2d5ae1280925c2228edbd,e6a365481dd4a485867c62377ac5bc6dc58b277113ccd207605a0258d5cba306,916434ac8d27a4c889ee754c779d1dfeaf47e29a,32768,,True,22743,22743,False,4,clustered,1.0,0.2,1,3,3,0,1.0,True,True,3,True,22743,9257,0.7107,False,522.7906551007181,12,11,agent_finish,False,0,11,0,0,0,0,0,1,1,1,0,0,0,0,1,0,0,0,0,1,1,1,True,0,0,,
c1_react__clustered-n4-t100-o20-s10005__cap64000__Qwen-Qwen3-32B-AWQ,c1_react,clustered-n4-t100-o20-s10005,64000,medium,Qwen/Qwen3-32B-AWQ,10005,29d836cb56141f3a29ac3fa9670e662c123586e967f2d5ae1280925c2228edbd,e6a365481dd4a485867c62377ac5bc6dc58b277113ccd207605a0258d5cba306,916434ac8d27a4c889ee754c779d1dfeaf47e29a,32768,,True,22743,22743,False,4,clustered,1.0,0.2,1,3,3,0,1.0,True,True,3,True,22743,41257,0.3554,False,522.9779318962246,12,11,agent_finish,False,0,11,0,0,0,0,0,1,1,1,0,0,0,0,1,0,0,0,0,1,1,1,True,12,0,,
c1_react__clustered-n4-t100-o20-s10005__cap8000__Qwen-Qwen3-32B-AWQ,c1_react,clustered-n4-t100-o20-s10005,8000,medium,Qwen/Qwen3-32B-AWQ,10005,29d836cb56141f3a29ac3fa9670e662c123586e967f2d5ae1280925c2228edbd,e6a365481dd4a485867c62377ac5bc6dc58b277113ccd207605a0258d5cba306,916434ac8d27a4c889ee754c779d1dfeaf47e29a,32768,,True,7844,7844,False,4,clustered,1.0,0.2,1,3,0,3,0.0,True,False,0,False,7844,156,0.9805,False,151.50033631548285,8,7,aborted,False,1,7,0,0,0,0,0,1,0,0,0,0,0,0,0,0,0,0,0,0,0,0,False,0,1,,
c1_react__clustered-n4-t100-o80-s10005__cap16000__Qwen-Qwen3-32B-AWQ,c1_react,clustered-n4-t100-o80-s10005,16000,medium,Qwen/Qwen3-32B-AWQ,10005,29d836cb56141f3a29ac3fa9670e662c123586e967f2d5ae1280925c2228edbd,e6a365481dd4a485867c62377ac5bc6dc58b277113ccd207605a0258d5cba306,916434ac8d27a4c889ee754c779d1dfeaf47e29a,32768,,True,15844,15844,False,4,clustered,1.0,0.8,5,2,0,2,0.0,True,False,0,False,15844,156,0.9902,False,380.3198468852788,9,8,aborted,False,1,8,0,0,0,0,0,1,0,0,0,0,0,0,0,0,0,0,0,0,0,0,False,0,1,,
c1_react__clustered-n4-t100-o80-s10005__cap32000__Qwen-Qwen3-32B-AWQ,c1_react,clustered-n4-t100-o80-s10005,32000,medium,Qwen/Qwen3-32B-AWQ,10005,29d836cb56141f3a29ac3fa9670e662c123586e967f2d5ae1280925c2228edbd,e6a365481dd4a485867c62377ac5bc6dc58b277113ccd207605a0258d5cba306,916434ac8d27a4c889ee754c779d1dfeaf47e29a,32768,,True,31855,31855,False,4,clustered,1.0,0.8,5,2,2,0,1.0,True,True,2,True,31855,145,0.9955,False,811.4992335820571,12,11,aborted,True,1,11,0,0,0,0,0,1,1,1,0,0,0,0,1,0,0,0,0,1,1,1,True,0,1,,
c1_react__clustered-n4-t100-o80-s10005__cap64000__Qwen-Qwen3-32B-AWQ,c1_react,clustered-n4-t100-o80-s10005,64000,medium,Qwen/Qwen3-32B-AWQ,10005,29d836cb56141f3a29ac3fa9670e662c123586e967f2d5ae1280925c2228edbd,e6a365481dd4a485867c62377ac5bc6dc58b277113ccd207605a0258d5cba306,916434ac8d27a4c889ee754c779d1dfeaf47e29a,32768,,True,32983,32983,False,4,clustered,1.0,0.8,5,2,2,0,1.0,True,True,2,True,32983,31017,0.5154,False,846.0556073375046,12,11,agent_finish,True,0,11,0,0,0,0,0,1,1,1,0,0,0,0,1,0,0,0,0,1,1,1,True,11,0,,
c1_react__clustered-n4-t100-o80-s10005__cap8000__Qwen-Qwen3-32B-AWQ,c1_react,clustered-n4-t100-o80-s10005,8000,medium,Qwen/Qwen3-32B-AWQ,10005,29d836cb56141f3a29ac3fa9670e662c123586e967f2d5ae1280925c2228edbd,e6a365481dd4a485867c62377ac5bc6dc58b277113ccd207605a0258d5cba306,916434ac8d27a4c889ee754c779d1dfeaf47e29a,32768,,True,7844,7844,False,4,clustered,1.0,0.8,5,2,0,2,0.0,True,False,0,False,7844,156,0.9805,False,154.5117631610483,8,7,aborted,False,1,7,0,0,0,0,0,1,0,0,0,0,0,0,0,0,0,0,0,0,0,0,False,0,1,,
c1_react__clustered-n4-t20-o20-s10005__cap16000__Qwen-Qwen3-32B-AWQ,c1_react,clustered-n4-t20-o20-s10005,16000,easy,Qwen/Qwen3-32B-AWQ,10005,29d836cb56141f3a29ac3fa9670e662c123586e967f2d5ae1280925c2228edbd,e6a365481dd4a485867c62377ac5bc6dc58b277113ccd207605a0258d5cba306,916434ac8d27a4c889ee754c779d1dfeaf47e29a,32768,,True,12866,12866,False,4,clustered,0.2,0.2,0,4,0,4,0.0,True,False,0,False,12866,3134,0.8041,False,287.3801536578685,8,7,agent_finish,False,0,7,0,0,0,0,0,1,0,0,0,0,0,0,0,0,0,0,0,0,0,0,False,0,0,,
c1_react__clustered-n4-t20-o20-s10005__cap32000__Qwen-Qwen3-32B-AWQ,c1_react,clustered-n4-t20-o20-s10005,32000,easy,Qwen/Qwen3-32B-AWQ,10005,29d836cb56141f3a29ac3fa9670e662c123586e967f2d5ae1280925c2228edbd,e6a365481dd4a485867c62377ac5bc6dc58b277113ccd207605a0258d5cba306,916434ac8d27a4c889ee754c779d1dfeaf47e29a,32768,,True,12866,12866,False,4,clustered,0.2,0.2,0,4,0,4,0.0,True,False,0,False,12866,19134,0.4021,False,287.51218783669174,8,7,agent_finish,False,0,7,0,0,0,0,0,1,0,0,0,0,0,0,0,0,0,0,0,0,0,0,False,0,0,,
c1_react__clustered-n4-t20-o20-s10005__cap64000__Qwen-Qwen3-32B-AWQ,c1_react,clustered-n4-t20-o20-s10005,64000,easy,Qwen/Qwen3-32B-AWQ,10005,29d836cb56141f3a29ac3fa9670e662c123586e967f2d5ae1280925c2228edbd,e6a365481dd4a485867c62377ac5bc6dc58b277113ccd207605a0258d5cba306,916434ac8d27a4c889ee754c779d1dfeaf47e29a,32768,,True,12866,12866,False,4,clustered,0.2,0.2,0,4,0,4,0.0,True,False,0,False,12866,51134,0.201,False,287.62315789889544,8,7,agent_finish,False,0,7,0,0,0,0,0,1,0,0,0,0,0,0,0,0,0,0,0,0,0,0,False,8,0,,
c1_react__clustered-n4-t20-o20-s10005__cap8000__Qwen-Qwen3-32B-AWQ,c1_react,clustered-n4-t20-o20-s10005,8000,easy,Qwen/Qwen3-32B-AWQ,10005,29d836cb56141f3a29ac3fa9670e662c123586e967f2d5ae1280925c2228edbd,e6a365481dd4a485867c62377ac5bc6dc58b277113ccd207605a0258d5cba306,916434ac8d27a4c889ee754c779d1dfeaf47e29a,32768,,True,7844,7844,False,4,clustered,0.2,0.2,0,4,0,4,0.0,True,False,0,False,7844,156,0.9805,False,161.62142633181065,7,6,aborted,False,1,6,0,0,0,0,0,1,0,0,0,0,0,0,0,0,0,0,0,0,0,0,False,0,1,,
c1_react__clustered-n4-t20-o80-s10005__cap16000__Qwen-Qwen3-32B-AWQ,c1_react,clustered-n4-t20-o80-s10005,16000,easy,Qwen/Qwen3-32B-AWQ,10005,29d836cb56141f3a29ac3fa9670e662c123586e967f2d5ae1280925c2228edbd,e6a365481dd4a485867c62377ac5bc6dc58b277113ccd207605a0258d5cba306,916434ac8d27a4c889ee754c779d1dfeaf47e29a,32768,,True,15741,15741,False,4,clustered,0.2,0.8,0,4,0,4,0.0,True,False,0,False,15741,259,0.9838,True,303.6303463112563,12,11,budget,False,0,11,0,0,0,0,0,1,0,0,0,0,0,0,0,0,0,0,0,0,0,0,False,0,0,,
c1_react__clustered-n4-t20-o80-s10005__cap32000__Qwen-Qwen3-32B-AWQ,c1_react,clustered-n4-t20-o80-s10005,32000,easy,Qwen/Qwen3-32B-AWQ,10005,29d836cb56141f3a29ac3fa9670e662c123586e967f2d5ae1280925c2228edbd,e6a365481dd4a485867c62377ac5bc6dc58b277113ccd207605a0258d5cba306,916434ac8d27a4c889ee754c779d1dfeaf47e29a,32768,,True,22462,22462,False,4,clustered,0.2,0.8,0,4,4,0,1.0,True,True,4,True,22462,9538,0.7019,False,422.078954606317,15,14,agent_finish,False,0,14,0,0,0,0,0,1,1,1,0,0,0,0,1,0,0,0,0,1,1,1,True,0,0,,
c1_react__clustered-n4-t20-o80-s10005__cap64000__Qwen-Qwen3-32B-AWQ,c1_react,clustered-n4-t20-o80-s10005,64000,easy,Qwen/Qwen3-32B-AWQ,10005,29d836cb56141f3a29ac3fa9670e662c123586e967f2d5ae1280925c2228edbd,e6a365481dd4a485867c62377ac5bc6dc58b277113ccd207605a0258d5cba306,916434ac8d27a4c889ee754c779d1dfeaf47e29a,32768,,True,22462,22462,False,4,clustered,0.2,0.8,0,4,4,0,1.0,True,True,4,True,22462,41538,0.351,False,422.2803388973698,15,14,agent_finish,False,0,14,0,0,0,0,0,1,1,1,0,0,0,0,1,0,0,0,0,1,1,1,True,15,0,,
c1_react__clustered-n4-t20-o80-s10005__cap8000__Qwen-Qwen3-32B-AWQ,c1_react,clustered-n4-t20-o80-s10005,8000,easy,Qwen/Qwen3-32B-AWQ,10005,29d836cb56141f3a29ac3fa9670e662c123586e967f2d5ae1280925c2228edbd,e6a365481dd4a485867c62377ac5bc6dc58b277113ccd207605a0258d5cba306,916434ac8d27a4c889ee754c779d1dfeaf47e29a,32768,,True,7844,7844,False,4,clustered,0.2,0.8,0,4,0,4,0.0,True,False,0,False,7844,156,0.9805,False,132.7128824982792,9,8,aborted,False,1,8,0,0,0,0,0,1,0,0,0,0,0,0,0,0,0,0,0,0,0,0,False,0,1,,
c1_react__clustered-n6-t100-o20-s10005__cap16000__Qwen-Qwen3-32B-AWQ,c1_react,clustered-n6-t100-o20-s10005,16000,medium,Qwen/Qwen3-32B-AWQ,10005,29d836cb56141f3a29ac3fa9670e662c123586e967f2d5ae1280925c2228edbd,e6a365481dd4a485867c62377ac5bc6dc58b277113ccd207605a0258d5cba306,916434ac8d27a4c889ee754c779d1dfeaf47e29a,32768,,True,15256,15256,False,6,clustered,1.0,0.2,6,3,0,3,0.0,True,False,0,False,15256,744,0.9535,True,292.01305828243494,11,10,budget,False,0,10,0,0,0,0,0,1,0,0,0,0,0,0,0,0,0,0,0,0,0,0,False,0,0,,
c1_react__clustered-n6-t100-o20-s10005__cap32000__Qwen-Qwen3-32B-AWQ,c1_react,clustered-n6-t100-o20-s10005,32000,medium,Qwen/Qwen3-32B-AWQ,10005,29d836cb56141f3a29ac3fa9670e662c123586e967f2d5ae1280925c2228edbd,e6a365481dd4a485867c62377ac5bc6dc58b277113ccd207605a0258d5cba306,916434ac8d27a4c889ee754c779d1dfeaf47e29a,32768,,True,31844,31844,False,6,clustered,1.0,0.2,6,3,0,3,0.0,True,False,0,False,31844,156,0.9951,False,710.338019493036,14,13,aborted,False,1,13,0,0,0,0,0,1,0,0,0,0,0,0,0,0,0,0,0,0,0,0,False,0,1,,
c1_react__clustered-n6-t100-o20-s10005__cap64000__Qwen-Qwen3-32B-AWQ,c1_react,clustered-n6-t100-o20-s10005,64000,medium,Qwen/Qwen3-32B-AWQ,10005,29d836cb56141f3a29ac3fa9670e662c123586e967f2d5ae1280925c2228edbd,e6a365481dd4a485867c62377ac5bc6dc58b277113ccd207605a0258d5cba306,916434ac8d27a4c889ee754c779d1dfeaf47e29a,32768,,True,48483,48483,False,6,clustered,1.0,0.2,6,3,0,3,0.0,True,False,0,False,48483,15517,0.7575,False,1112.2700200229883,17,16,agent_finish,False,0,16,0,0,0,0,0,1,2,2,0,0,0,0,0,0,0,0,0,2,0,0,False,13,0,travel_infeasible;travel_infeasible;window_violation,
c1_react__clustered-n6-t100-o20-s10005__cap8000__Qwen-Qwen3-32B-AWQ,c1_react,clustered-n6-t100-o20-s10005,8000,medium,Qwen/Qwen3-32B-AWQ,10005,29d836cb56141f3a29ac3fa9670e662c123586e967f2d5ae1280925c2228edbd,e6a365481dd4a485867c62377ac5bc6dc58b277113ccd207605a0258d5cba306,916434ac8d27a4c889ee754c779d1dfeaf47e29a,32768,,True,7844,7844,False,6,clustered,1.0,0.2,6,3,0,3,0.0,True,False,0,False,7844,156,0.9805,False,140.59274622891098,8,7,aborted,False,1,7,0,0,0,0,0,1,0,0,0,0,0,0,0,0,0,0,0,0,0,0,False,0,1,,
c1_react__clustered-n6-t100-o20-s10007__cap16000__Qwen-Qwen3-32B-AWQ,c1_react,clustered-n6-t100-o20-s10007,16000,hard,Qwen/Qwen3-32B-AWQ,10007,29d836cb56141f3a29ac3fa9670e662c123586e967f2d5ae1280925c2228edbd,e6a365481dd4a485867c62377ac5bc6dc58b277113ccd207605a0258d5cba306,916434ac8d27a4c889ee754c779d1dfeaf47e29a,32768,,True,15844,15844,False,6,clustered,1.0,0.2,8,3,0,3,0.0,True,False,0,False,15844,156,0.9902,False,321.1910578450188,11,10,aborted,False,1,10,0,0,0,0,0,1,0,0,0,0,0,0,0,0,0,0,0,0,0,0,False,0,1,,
c1_react__clustered-n6-t100-o20-s10007__cap32000__Qwen-Qwen3-32B-AWQ,c1_react,clustered-n6-t100-o20-s10007,32000,hard,Qwen/Qwen3-32B-AWQ,10007,29d836cb56141f3a29ac3fa9670e662c123586e967f2d5ae1280925c2228edbd,e6a365481dd4a485867c62377ac5bc6dc58b277113ccd207605a0258d5cba306,916434ac8d27a4c889ee754c779d1dfeaf47e29a,32768,,True,31861,31861,False,6,clustered,1.0,0.2,8,3,3,0,1.0,True,True,3,True,31861,139,0.9957,False,732.6049025626853,14,13,aborted,True,1,13,0,0,0,0,0,1,1,1,0,0,0,0,1,0,0,0,0,1,1,1,True,0,1,,
c1_react__clustered-n6-t100-o20-s10007__cap64000__Qwen-Qwen3-32B-AWQ,c1_react,clustered-n6-t100-o20-s10007,64000,hard,Qwen/Qwen3-32B-AWQ,10007,29d836cb56141f3a29ac3fa9670e662c123586e967f2d5ae1280925c2228edbd,e6a365481dd4a485867c62377ac5bc6dc58b277113ccd207605a0258d5cba306,916434ac8d27a4c889ee754c779d1dfeaf47e29a,32768,,True,32841,32841,False,6,clustered,1.0,0.2,8,3,3,0,1.0,True,True,3,True,32841,31159,0.5131,False,762.9748185547069,14,13,agent_finish,True,0,13,0,0,0,0,0,1,1,1,0,0,0,0,1,0,0,0,0,1,1,1,True,13,0,,
c1_react__clustered-n6-t100-o20-s10007__cap8000__Qwen-Qwen3-32B-AWQ,c1_react,clustered-n6-t100-o20-s10007,8000,hard,Qwen/Qwen3-32B-AWQ,10007,29d836cb56141f3a29ac3fa9670e662c123586e967f2d5ae1280925c2228edbd,e6a365481dd4a485867c62377ac5bc6dc58b277113ccd207605a0258d5cba306,916434ac8d27a4c889ee754c779d1dfeaf47e29a,32768,,True,7844,7844,False,6,clustered,1.0,0.2,8,3,0,3,0.0,True,False,0,False,7844,156,0.9805,False,163.0383532466367,7,6,aborted,False,1,6,0,0,0,0,0,1,0,0,0,0,0,0,0,0,0,0,0,0,0,0,False,0,1,,
c1_react__clustered-n6-t100-o80-s10005__cap16000__Qwen-Qwen3-32B-AWQ,c1_react,clustered-n6-t100-o80-s10005,16000,hard,Qwen/Qwen3-32B-AWQ,10005,29d836cb56141f3a29ac3fa9670e662c123586e967f2d5ae1280925c2228edbd,e6a365481dd4a485867c62377ac5bc6dc58b277113ccd207605a0258d5cba306,916434ac8d27a4c889ee754c779d1dfeaf47e29a,32768,,True,15844,15844,False,6,clustered,1.0,0.8,13,2,0,2,0.0,True,False,0,False,15844,156,0.9902,False,319.5310648633167,11,10,aborted,False,1,10,0,0,0,0,0,1,0,0,0,0,0,0,0,0,0,0,0,0,0,0,False,0,1,,
c1_react__clustered-n6-t100-o80-s10005__cap32000__Qwen-Qwen3-32B-AWQ,c1_react,clustered-n6-t100-o80-s10005,32000,hard,Qwen/Qwen3-32B-AWQ,10005,29d836cb56141f3a29ac3fa9670e662c123586e967f2d5ae1280925c2228edbd,e6a365481dd4a485867c62377ac5bc6dc58b277113ccd207605a0258d5cba306,916434ac8d27a4c889ee754c779d1dfeaf47e29a,32768,,True,31844,31844,False,6,clustered,1.0,0.8,13,2,0,2,0.0,True,False,0,False,31844,156,0.9951,False,727.5440445877612,14,13,aborted,False,1,13,0,0,0,0,0,1,0,0,0,0,0,0,0,0,0,0,0,0,0,0,False,0,1,,
c1_react__clustered-n6-t100-o80-s10005__cap64000__Qwen-Qwen3-32B-AWQ,c1_react,clustered-n6-t100-o80-s10005,64000,hard,Qwen/Qwen3-32B-AWQ,10005,29d836cb56141f3a29ac3fa9670e662c123586e967f2d5ae1280925c2228edbd,e6a365481dd4a485867c62377ac5bc6dc58b277113ccd207605a0258d5cba306,916434ac8d27a4c889ee754c779d1dfeaf47e29a,32768,,True,53392,53392,False,6,clustered,1.0,0.8,13,2,0,2,0.0,True,False,0,False,53392,10608,0.8343,False,1338.707177550532,16,15,agent_finish,False,0,15,0,0,0,0,0,1,1,1,0,0,0,0,0,0,0,0,0,1,0,0,False,13,0,travel_infeasible,
c1_react__clustered-n6-t100-o80-s10005__cap8000__Qwen-Qwen3-32B-AWQ,c1_react,clustered-n6-t100-o80-s10005,8000,hard,Qwen/Qwen3-32B-AWQ,10005,29d836cb56141f3a29ac3fa9670e662c123586e967f2d5ae1280925c2228edbd,e6a365481dd4a485867c62377ac5bc6dc58b277113ccd207605a0258d5cba306,916434ac8d27a4c889ee754c779d1dfeaf47e29a,32768,,True,7392,7392,False,6,clustered,1.0,0.8,13,2,0,2,0.0,True,False,0,False,7392,608,0.924,True,148.09018510952592,7,6,budget,False,0,6,0,0,0,0,0,1,0,0,0,0,0,0,0,0,0,0,0,0,0,0,False,0,0,,
c1_react__clustered-n6-t100-o80-s10006__cap16000__Qwen-Qwen3-32B-AWQ,c1_react,clustered-n6-t100-o80-s10006,16000,hard,Qwen/Qwen3-32B-AWQ,10006,29d836cb56141f3a29ac3fa9670e662c123586e967f2d5ae1280925c2228edbd,e6a365481dd4a485867c62377ac5bc6dc58b277113ccd207605a0258d5cba306,916434ac8d27a4c889ee754c779d1dfeaf47e29a,32768,,True,15844,15844,False,6,clustered,1.0,0.8,12,2,0,2,0.0,True,False,0,False,15844,156,0.9902,False,305.7454504519701,11,10,aborted,False,1,10,0,0,0,0,0,1,0,0,0,0,0,0,0,0,0,0,0,0,0,0,False,0,1,,
c1_react__clustered-n6-t100-o80-s10006__cap32000__Qwen-Qwen3-32B-AWQ,c1_react,clustered-n6-t100-o80-s10006,32000,hard,Qwen/Qwen3-32B-AWQ,10006,29d836cb56141f3a29ac3fa9670e662c123586e967f2d5ae1280925c2228edbd,e6a365481dd4a485867c62377ac5bc6dc58b277113ccd207605a0258d5cba306,916434ac8d27a4c889ee754c779d1dfeaf47e29a,32768,,True,31322,31322,False,6,clustered,1.0,0.8,12,2,0,2,0.0,True,False,0,False,31322,678,0.9788,True,694.8549289172515,14,13,budget,False,0,13,0,0,0,0,0,1,1,1,0,0,0,0,0,0,0,0,0,1,0,0,False,0,0,travel_infeasible;window_violation,
c1_react__clustered-n6-t100-o80-s10006__cap64000__Qwen-Qwen3-32B-AWQ,c1_react,clustered-n6-t100-o80-s10006,64000,hard,Qwen/Qwen3-32B-AWQ,10006,29d836cb56141f3a29ac3fa9670e662c123586e967f2d5ae1280925c2228edbd,e6a365481dd4a485867c62377ac5bc6dc58b277113ccd207605a0258d5cba306,916434ac8d27a4c889ee754c779d1dfeaf47e29a,32768,,True,46738,46738,False,6,clustered,1.0,0.8,12,2,2,0,1.0,True,True,2,True,46738,17262,0.7303,False,1105.5656397836283,16,15,agent_finish,True,0,15,0,0,0,0,0,1,2,2,0,0,0,0,1,0,0,0,0,2,1,1,True,13,0,travel_infeasible;window_violation,
c1_react__clustered-n6-t100-o80-s10006__cap8000__Qwen-Qwen3-32B-AWQ,c1_react,clustered-n6-t100-o80-s10006,8000,hard,Qwen/Qwen3-32B-AWQ,10006,29d836cb56141f3a29ac3fa9670e662c123586e967f2d5ae1280925c2228edbd,e6a365481dd4a485867c62377ac5bc6dc58b277113ccd207605a0258d5cba306,916434ac8d27a4c889ee754c779d1dfeaf47e29a,32768,,True,7844,7844,False,6,clustered,1.0,0.8,12,2,0,2,0.0,True,False,0,False,7844,156,0.9805,False,136.73254801612347,8,7,aborted,False,1,7,0,0,0,0,0,1,0,0,0,0,0,0,0,0,0,0,0,0,0,0,False,0,1,,
c1_react__clustered-n6-t20-o20-s10005__cap16000__Qwen-Qwen3-32B-AWQ,c1_react,clustered-n6-t20-o20-s10005,16000,easy,Qwen/Qwen3-32B-AWQ,10005,29d836cb56141f3a29ac3fa9670e662c123586e967f2d5ae1280925c2228edbd,e6a365481dd4a485867c62377ac5bc6dc58b277113ccd207605a0258d5cba306,916434ac8d27a4c889ee754c779d1dfeaf47e29a,32768,,True,15844,15844,False,6,clustered,0.2,0.2,0,6,0,6,0.0,True,False,0,False,15844,156,0.9902,False,301.72016226965934,12,11,aborted,False,1,11,0,0,0,0,0,1,0,0,0,0,0,0,0,0,0,0,0,0,0,0,False,0,1,,
c1_react__clustered-n6-t20-o20-s10005__cap32000__Qwen-Qwen3-32B-AWQ,c1_react,clustered-n6-t20-o20-s10005,32000,easy,Qwen/Qwen3-32B-AWQ,10005,29d836cb56141f3a29ac3fa9670e662c123586e967f2d5ae1280925c2228edbd,e6a365481dd4a485867c62377ac5bc6dc58b277113ccd207605a0258d5cba306,916434ac8d27a4c889ee754c779d1dfeaf47e29a,32768,,True,31844,31844,False,6,clustered,0.2,0.2,0,6,0,6,0.0,True,False,0,False,31844,156,0.9951,False,636.3572579026222,17,16,aborted,False,1,16,0,0,0,0,0,1,1,1,0,0,0,0,0,0,0,0,0,1,0,0,False,0,1,travel_infeasible;window_violation,
c1_react__clustered-n6-t20-o20-s10005__cap64000__Qwen-Qwen3-32B-AWQ,c1_react,clustered-n6-t20-o20-s10005,64000,easy,Qwen/Qwen3-32B-AWQ,10005,29d836cb56141f3a29ac3fa9670e662c123586e967f2d5ae1280925c2228edbd,e6a365481dd4a485867c62377ac5bc6dc58b277113ccd207605a0258d5cba306,916434ac8d27a4c889ee754c779d1dfeaf47e29a,32768,,True,45316,45316,False,6,clustered,0.2,0.2,0,6,5,1,0.8333333333333334,True,False,5,True,45316,18684,0.7081,False,925.1152757322416,20,19,agent_finish,False,0,19,0,0,0,0,0,1,3,3,0,0,0,0,2,0,0,0,0,3,2,2,True,16,0,travel_infeasible;window_violation,
c1_react__clustered-n6-t20-o20-s10005__cap8000__Qwen-Qwen3-32B-AWQ,c1_react,clustered-n6-t20-o20-s10005,8000,easy,Qwen/Qwen3-32B-AWQ,10005,29d836cb56141f3a29ac3fa9670e662c123586e967f2d5ae1280925c2228edbd,e6a365481dd4a485867c62377ac5bc6dc58b277113ccd207605a0258d5cba306,916434ac8d27a4c889ee754c779d1dfeaf47e29a,32768,,True,7510,7510,False,6,clustered,0.2,0.2,0,6,0,6,0.0,True,False,0,False,7510,490,0.9387,True,137.3917113430798,8,7,budget,False,0,7,0,0,0,0,0,1,0,0,0,0,0,0,0,0,0,0,0,0,0,0,False,0,0,,
c1_react__clustered-n6-t20-o80-s10005__cap16000__Qwen-Qwen3-32B-AWQ,c1_react,clustered-n6-t20-o80-s10005,16000,easy,Qwen/Qwen3-32B-AWQ,10005,29d836cb56141f3a29ac3fa9670e662c123586e967f2d5ae1280925c2228edbd,e6a365481dd4a485867c62377ac5bc6dc58b277113ccd207605a0258d5cba306,916434ac8d27a4c889ee754c779d1dfeaf47e29a,32768,,True,15844,15844,False,6,clustered,0.2,0.8,0,6,0,6,0.0,True,False,0,False,15844,156,0.9902,False,313.94854178559035,11,10,aborted,False,1,10,0,0,0,0,0,1,0,0,0,0,0,0,0,0,0,0,0,0,0,0,False,0,1,,
c1_react__clustered-n6-t20-o80-s10005__cap32000__Qwen-Qwen3-32B-AWQ,c1_react,clustered-n6-t20-o80-s10005,32000,easy,Qwen/Qwen3-32B-AWQ,10005,29d836cb56141f3a29ac3fa9670e662c123586e967f2d5ae1280925c2228edbd,e6a365481dd4a485867c62377ac5bc6dc58b277113ccd207605a0258d5cba306,916434ac8d27a4c889ee754c779d1dfeaf47e29a,32768,,True,31157,31157,False,6,clustered,0.2,0.8,0,6,0,6,0.0,True,False,0,False,31157,843,0.9737,True,686.9303794736043,14,13,budget,False,0,13,0,0,0,0,0,1,1,1,0,0,0,0,0,0,0,0,0,1,0,0,False,0,0,window_violation,
c1_react__clustered-n6-t20-o80-s10005__cap64000__Qwen-Qwen3-32B-AWQ,c1_react,clustered-n6-t20-o80-s10005,64000,easy,Qwen/Qwen3-32B-AWQ,10005,29d836cb56141f3a29ac3fa9670e662c123586e967f2d5ae1280925c2228edbd,e6a365481dd4a485867c62377ac5bc6dc58b277113ccd207605a0258d5cba306,916434ac8d27a4c889ee754c779d1dfeaf47e29a,32768,,True,39579,39579,False,6,clustered,0.2,0.8,0,6,0,6,0.0,True,False,0,False,39579,24421,0.6184,False,869.6032961877063,16,15,aborted,False,1,15,0,0,0,0,0,1,1,1,0,0,0,0,0,0,0,0,0,1,0,0,False,13,0,window_violation,
c1_react__clustered-n6-t20-o80-s10005__cap8000__Qwen-Qwen3-32B-AWQ,c1_react,clustered-n6-t20-o80-s10005,8000,easy,Qwen/Qwen3-32B-AWQ,10005,29d836cb56141f3a29ac3fa9670e662c123586e967f2d5ae1280925c2228edbd,e6a365481dd4a485867c62377ac5bc6dc58b277113ccd207605a0258d5cba306,916434ac8d27a4c889ee754c779d1dfeaf47e29a,32768,,True,7844,7844,False,6,clustered,0.2,0.8,0,6,0,6,0.0,True,False,0,False,7844,156,0.9805,False,143.66913618613034,8,7,aborted,False,1,7,0,0,0,0,0,1,0,0,0,0,0,0,0,0,0,0,0,0,0,0,False,0,1,,
c1_react__clustered-n6-t85-o20-s10005__cap16000__Qwen-Qwen3-32B-AWQ,c1_react,clustered-n6-t85-o20-s10005,16000,medium,Qwen/Qwen3-32B-AWQ,10005,29d836cb56141f3a29ac3fa9670e662c123586e967f2d5ae1280925c2228edbd,e6a365481dd4a485867c62377ac5bc6dc58b277113ccd207605a0258d5cba306,916434ac8d27a4c889ee754c779d1dfeaf47e29a,32768,,True,15844,15844,False,6,clustered,0.85,0.2,1,5,0,5,0.0,True,False,0,False,15844,156,0.9902,False,307.5821293499321,11,10,aborted,False,1,10,0,0,0,0,0,1,1,1,0,0,0,0,0,0,0,0,0,1,0,0,False,0,1,travel_infeasible,
c1_react__clustered-n6-t85-o20-s10005__cap32000__Qwen-Qwen3-32B-AWQ,c1_react,clustered-n6-t85-o20-s10005,32000,medium,Qwen/Qwen3-32B-AWQ,10005,29d836cb56141f3a29ac3fa9670e662c123586e967f2d5ae1280925c2228edbd,e6a365481dd4a485867c62377ac5bc6dc58b277113ccd207605a0258d5cba306,916434ac8d27a4c889ee754c779d1dfeaf47e29a,32768,,True,28590,28590,False,6,clustered,0.85,0.2,1,5,0,5,0.0,True,False,0,False,28590,3410,0.8934,False,592.9104725858197,14,13,agent_finish,False,0,13,0,0,0,0,0,1,2,2,0,0,0,0,0,0,0,0,0,2,0,0,False,0,0,travel_infeasible;travel_infeasible,
c1_react__clustered-n6-t85-o20-s10005__cap64000__Qwen-Qwen3-32B-AWQ,c1_react,clustered-n6-t85-o20-s10005,64000,medium,Qwen/Qwen3-32B-AWQ,10005,29d836cb56141f3a29ac3fa9670e662c123586e967f2d5ae1280925c2228edbd,e6a365481dd4a485867c62377ac5bc6dc58b277113ccd207605a0258d5cba306,916434ac8d27a4c889ee754c779d1dfeaf47e29a,32768,,True,28590,28590,False,6,clustered,0.85,0.2,1,5,0,5,0.0,True,False,0,False,28590,35410,0.4467,False,593.0785622056574,14,13,agent_finish,False,0,13,0,0,0,0,0,1,2,2,0,0,0,0,0,0,0,0,0,2,0,0,False,14,0,travel_infeasible;travel_infeasible,
c1_react__clustered-n6-t85-o20-s10005__cap8000__Qwen-Qwen3-32B-AWQ,c1_react,clustered-n6-t85-o20-s10005,8000,medium,Qwen/Qwen3-32B-AWQ,10005,29d836cb56141f3a29ac3fa9670e662c123586e967f2d5ae1280925c2228edbd,e6a365481dd4a485867c62377ac5bc6dc58b277113ccd207605a0258d5cba306,916434ac8d27a4c889ee754c779d1dfeaf47e29a,32768,,True,7329,7329,False,6,clustered,0.85,0.2,1,5,0,5,0.0,True,False,0,False,7329,671,0.9161,True,145.42880100943148,7,6,budget,False,0,6,0,0,0,0,0,1,0,0,0,0,0,0,0,0,0,0,0,0,0,0,False,0,0,,
c1_react__clustered-n8-t100-o20-s10005__cap16000__Qwen-Qwen3-32B-AWQ,c1_react,clustered-n8-t100-o20-s10005,16000,hard,Qwen/Qwen3-32B-AWQ,10005,29d836cb56141f3a29ac3fa9670e662c123586e967f2d5ae1280925c2228edbd,e6a365481dd4a485867c62377ac5bc6dc58b277113ccd207605a0258d5cba306,916434ac8d27a4c889ee754c779d1dfeaf47e29a,32768,,True,15844,15844,False,8,clustered,1.0,0.2,9,4,0,4,0.0,True,False,0,False,15844,156,0.9902,False,312.06630337424576,12,11,aborted,False,1,11,0,0,0,0,0,1,0,0,0,0,0,0,0,0,0,0,0,0,0,0,False,0,1,,
c1_react__clustered-n8-t100-o20-s10005__cap32000__Qwen-Qwen3-32B-AWQ,c1_react,clustered-n8-t100-o20-s10005,32000,hard,Qwen/Qwen3-32B-AWQ,10005,29d836cb56141f3a29ac3fa9670e662c123586e967f2d5ae1280925c2228edbd,e6a365481dd4a485867c62377ac5bc6dc58b277113ccd207605a0258d5cba306,916434ac8d27a4c889ee754c779d1dfeaf47e29a,32768,,True,31844,31844,False,8,clustered,1.0,0.2,9,4,0,4,0.0,True,False,0,False,31844,156,0.9951,False,623.0039391061291,18,17,aborted,False,1,17,0,0,0,0,0,1,0,0,0,0,0,0,0,0,0,0,0,0,0,0,False,0,1,,
c1_react__clustered-n8-t100-o20-s10005__cap64000__Qwen-Qwen3-32B-AWQ,c1_react,clustered-n8-t100-o20-s10005,64000,hard,Qwen/Qwen3-32B-AWQ,10005,29d836cb56141f3a29ac3fa9670e662c123586e967f2d5ae1280925c2228edbd,e6a365481dd4a485867c62377ac5bc6dc58b277113ccd207605a0258d5cba306,916434ac8d27a4c889ee754c779d1dfeaf47e29a,32768,,True,63934,63934,False,8,clustered,1.0,0.2,9,4,4,0,1.0,True,True,4,True,63934,66,0.999,False,1409.2512663789093,23,22,aborted,False,1,22,0,0,0,0,0,1,3,3,0,0,0,0,2,0,0,0,0,3,2,1,True,17,1,window_violation,
c1_react__clustered-n8-t100-o20-s10005__cap8000__Qwen-Qwen3-32B-AWQ,c1_react,clustered-n8-t100-o20-s10005,8000,hard,Qwen/Qwen3-32B-AWQ,10005,29d836cb56141f3a29ac3fa9670e662c123586e967f2d5ae1280925c2228edbd,e6a365481dd4a485867c62377ac5bc6dc58b277113ccd207605a0258d5cba306,916434ac8d27a4c889ee754c779d1dfeaf47e29a,32768,,True,7844,7844,False,8,clustered,1.0,0.2,9,4,0,4,0.0,True,False,0,False,7844,156,0.9805,False,167.6237409543246,7,6,aborted,False,1,6,0,0,0,0,0,1,0,0,0,0,0,0,0,0,0,0,0,0,0,0,False,0,1,,
c1_react__clustered-n8-t100-o80-s10005__cap16000__Qwen-Qwen3-32B-AWQ,c1_react,clustered-n8-t100-o80-s10005,16000,hard,Qwen/Qwen3-32B-AWQ,10005,29d836cb56141f3a29ac3fa9670e662c123586e967f2d5ae1280925c2228edbd,e6a365481dd4a485867c62377ac5bc6dc58b277113ccd207605a0258d5cba306,916434ac8d27a4c889ee754c779d1dfeaf47e29a,32768,,True,15844,15844,False,8,clustered,1.0,0.8,23,2,0,2,0.0,True,False,0,False,15844,156,0.9902,False,314.6532867914066,11,10,aborted,False,1,10,0,0,0,0,0,1,0,0,0,0,0,0,0,0,0,0,0,0,0,0,False,0,1,,
c1_react__clustered-n8-t100-o80-s10005__cap32000__Qwen-Qwen3-32B-AWQ,c1_react,clustered-n8-t100-o80-s10005,32000,hard,Qwen/Qwen3-32B-AWQ,10005,29d836cb56141f3a29ac3fa9670e662c123586e967f2d5ae1280925c2228edbd,e6a365481dd4a485867c62377ac5bc6dc58b277113ccd207605a0258d5cba306,916434ac8d27a4c889ee754c779d1dfeaf47e29a,32768,,True,31844,31844,False,8,clustered,1.0,0.8,23,2,0,2,0.0,True,False,0,False,31844,156,0.9951,False,632.5486911460757,16,15,aborted,False,1,15,0,0,0,0,0,1,0,0,0,0,0,0,0,0,0,0,0,0,0,0,False,0,1,,
c1_react__clustered-n8-t100-o80-s10005__cap64000__Qwen-Qwen3-32B-AWQ,c1_react,clustered-n8-t100-o80-s10005,64000,hard,Qwen/Qwen3-32B-AWQ,10005,29d836cb56141f3a29ac3fa9670e662c123586e967f2d5ae1280925c2228edbd,e6a365481dd4a485867c62377ac5bc6dc58b277113ccd207605a0258d5cba306,916434ac8d27a4c889ee754c779d1dfeaf47e29a,32768,,True,41371,41371,False,8,clustered,1.0,0.8,23,2,2,0,1.0,True,True,2,True,41371,22629,0.6464,False,887.3717354480177,17,16,agent_finish,True,0,16,0,0,0,0,0,1,1,1,0,0,0,0,1,0,0,0,0,1,1,1,True,15,0,,
c1_react__clustered-n8-t100-o80-s10005__cap8000__Qwen-Qwen3-32B-AWQ,c1_react,clustered-n8-t100-o80-s10005,8000,hard,Qwen/Qwen3-32B-AWQ,10005,29d836cb56141f3a29ac3fa9670e662c123586e967f2d5ae1280925c2228edbd,e6a365481dd4a485867c62377ac5bc6dc58b277113ccd207605a0258d5cba306,916434ac8d27a4c889ee754c779d1dfeaf47e29a,32768,,True,7844,7844,False,8,clustered,1.0,0.8,23,2,0,2,0.0,True,False,0,False,7844,156,0.9805,False,145.66082850191742,8,7,aborted,False,1,7,0,0,0,0,0,1,0,0,0,0,0,0,0,0,0,0,0,0,0,0,False,0,1,,
c1_react__clustered-n8-t20-o20-s10005__cap16000__Qwen-Qwen3-32B-AWQ,c1_react,clustered-n8-t20-o20-s10005,16000,easy,Qwen/Qwen3-32B-AWQ,10005,29d836cb56141f3a29ac3fa9670e662c123586e967f2d5ae1280925c2228edbd,e6a365481dd4a485867c62377ac5bc6dc58b277113ccd207605a0258d5cba306,916434ac8d27a4c889ee754c779d1dfeaf47e29a,32768,,True,15514,15514,False,8,clustered,0.2,0.2,0,8,0,8,0.0,True,False,0,False,15514,486,0.9696,True,291.11760317347944,11,10,budget,False,0,10,0,0,0,0,0,1,0,0,0,0,0,0,0,0,0,0,0,0,0,0,False,0,0,,
c1_react__clustered-n8-t20-o20-s10005__cap32000__Qwen-Qwen3-32B-AWQ,c1_react,clustered-n8-t20-o20-s10005,32000,easy,Qwen/Qwen3-32B-AWQ,10005,29d836cb56141f3a29ac3fa9670e662c123586e967f2d5ae1280925c2228edbd,e6a365481dd4a485867c62377ac5bc6dc58b277113ccd207605a0258d5cba306,916434ac8d27a4c889ee754c779d1dfeaf47e29a,32768,,True,30675,30675,False,8,clustered,0.2,0.2,0,8,4,4,0.5,True,False,4,True,30675,1325,0.9586,True,480.4292262997478,18,17,budget,False,0,17,0,0,0,0,0,1,1,1,0,0,0,0,1,0,0,0,0,1,1,1,True,0,0,,
c1_react__clustered-n8-t20-o20-s10005__cap64000__Qwen-Qwen3-32B-AWQ,c1_react,clustered-n8-t20-o20-s10005,64000,easy,Qwen/Qwen3-32B-AWQ,10005,29d836cb56141f3a29ac3fa9670e662c123586e967f2d5ae1280925c2228edbd,e6a365481dd4a485867c62377ac5bc6dc58b277113ccd207605a0258d5cba306,916434ac8d27a4c889ee754c779d1dfeaf47e29a,32768,,True,32775,32775,False,8,clustered,0.2,0.2,0,8,4,4,0.5,True,False,4,True,32775,31225,0.5121,False,497.8231060830876,19,18,agent_finish,False,0,18,0,0,0,0,0,1,1,1,0,0,0,0,1,0,0,0,0,1,1,1,True,18,0,,
c1_react__clustered-n8-t20-o20-s10005__cap8000__Qwen-Qwen3-32B-AWQ,c1_react,clustered-n8-t20-o20-s10005,8000,easy,Qwen/Qwen3-32B-AWQ,10005,29d836cb56141f3a29ac3fa9670e662c123586e967f2d5ae1280925c2228edbd,e6a365481dd4a485867c62377ac5bc6dc58b277113ccd207605a0258d5cba306,916434ac8d27a4c889ee754c779d1dfeaf47e29a,32768,,True,7349,7349,False,8,clustered,0.2,0.2,0,8,0,8,0.0,True,False,0,False,7349,651,0.9186,True,144.19453309848905,7,6,budget,False,0,6,0,0,0,0,0,1,0,0,0,0,0,0,0,0,0,0,0,0,0,0,False,0,0,,
c1_react__clustered-n8-t85-o20-s10005__cap16000__Qwen-Qwen3-32B-AWQ,c1_react,clustered-n8-t85-o20-s10005,16000,medium,Qwen/Qwen3-32B-AWQ,10005,29d836cb56141f3a29ac3fa9670e662c123586e967f2d5ae1280925c2228edbd,e6a365481dd4a485867c62377ac5bc6dc58b277113ccd207605a0258d5cba306,916434ac8d27a4c889ee754c779d1dfeaf47e29a,32768,,True,15695,15695,False,8,clustered,0.85,0.2,5,5,0,5,0.0,True,False,0,False,15695,305,0.9809,True,323.27064148616046,11,10,budget,False,0,10,0,0,0,0,0,1,0,0,0,0,0,0,0,0,0,0,0,0,0,0,False,0,0,,
c1_react__clustered-n8-t85-o20-s10005__cap32000__Qwen-Qwen3-32B-AWQ,c1_react,clustered-n8-t85-o20-s10005,32000,medium,Qwen/Qwen3-32B-AWQ,10005,29d836cb56141f3a29ac3fa9670e662c123586e967f2d5ae1280925c2228edbd,e6a365481dd4a485867c62377ac5bc6dc58b277113ccd207605a0258d5cba306,916434ac8d27a4c889ee754c779d1dfeaf47e29a,32768,,True,31844,31844,False,8,clustered,0.85,0.2,5,5,0,5,0.0,True,False,0,False,31844,156,0.9951,False,704.5471149506047,15,14,aborted,False,1,14,0,0,0,0,0,1,0,0,0,0,0,0,0,0,0,0,0,0,0,0,False,0,1,,
c1_react__clustered-n8-t85-o20-s10005__cap64000__Qwen-Qwen3-32B-AWQ,c1_react,clustered-n8-t85-o20-s10005,64000,medium,Qwen/Qwen3-32B-AWQ,10005,29d836cb56141f3a29ac3fa9670e662c123586e967f2d5ae1280925c2228edbd,e6a365481dd4a485867c62377ac5bc6dc58b277113ccd207605a0258d5cba306,916434ac8d27a4c889ee754c779d1dfeaf47e29a,32768,,True,63844,63844,False,8,clustered,0.85,0.2,5,5,0,5,0.0,True,False,0,False,63844,156,0.9976,False,1315.702993903309,23,22,aborted,False,1,22,0,0,0,0,0,1,3,3,0,0,0,0,0,0,0,0,0,3,0,0,False,14,1,window_violation;travel_infeasible;window_violation;travel_infeasible;window_violation,
c1_react__clustered-n8-t85-o20-s10005__cap8000__Qwen-Qwen3-32B-AWQ,c1_react,clustered-n8-t85-o20-s10005,8000,medium,Qwen/Qwen3-32B-AWQ,10005,29d836cb56141f3a29ac3fa9670e662c123586e967f2d5ae1280925c2228edbd,e6a365481dd4a485867c62377ac5bc6dc58b277113ccd207605a0258d5cba306,916434ac8d27a4c889ee754c779d1dfeaf47e29a,32768,,True,7438,7438,False,8,clustered,0.85,0.2,5,5,0,5,0.0,True,False,0,False,7438,562,0.9297,True,154.46563869342208,7,6,budget,False,0,6,0,0,0,0,0,1,0,0,0,0,0,0,0,0,0,0,0,0,0,0,False,0,0,,
c1_react__uniform-n4-t100-o20-s10005__cap16000__Qwen-Qwen3-32B-AWQ,c1_react,uniform-n4-t100-o20-s10005,16000,medium,Qwen/Qwen3-32B-AWQ,10005,29d836cb56141f3a29ac3fa9670e662c123586e967f2d5ae1280925c2228edbd,e6a365481dd4a485867c62377ac5bc6dc58b277113ccd207605a0258d5cba306,916434ac8d27a4c889ee754c779d1dfeaf47e29a,32768,,True,15910,15910,False,4,uniform,1.0,0.2,2,3,3,0,1.0,True,True,3,True,15910,90,0.9944,True,359.8722115345299,10,9,budget,False,0,9,0,0,0,0,0,1,1,1,0,0,0,0,1,0,0,0,0,1,1,1,True,0,1,,
c1_react__uniform-n4-t100-o20-s10005__cap32000__Qwen-Qwen3-32B-AWQ,c1_react,uniform-n4-t100-o20-s10005,32000,medium,Qwen/Qwen3-32B-AWQ,10005,29d836cb56141f3a29ac3fa9670e662c123586e967f2d5ae1280925c2228edbd,e6a365481dd4a485867c62377ac5bc6dc58b277113ccd207605a0258d5cba306,916434ac8d27a4c889ee754c779d1dfeaf47e29a,32768,,True,24939,24939,False,4,uniform,1.0,0.2,2,3,3,0,1.0,True,True,3,True,24939,7061,0.7793,False,509.7682096734643,11,10,agent_finish,False,0,10,0,0,0,0,0,1,1,1,0,0,0,0,1,0,0,0,0,1,1,1,True,0,0,,
c1_react__uniform-n4-t100-o20-s10005__cap64000__Qwen-Qwen3-32B-AWQ,c1_react,uniform-n4-t100-o20-s10005,64000,medium,Qwen/Qwen3-32B-AWQ,10005,29d836cb56141f3a29ac3fa9670e662c123586e967f2d5ae1280925c2228edbd,e6a365481dd4a485867c62377ac5bc6dc58b277113ccd207605a0258d5cba306,916434ac8d27a4c889ee754c779d1dfeaf47e29a,32768,,True,24939,24939,False,4,uniform,1.0,0.2,2,3,3,0,1.0,True,True,3,True,24939,39061,0.3897,False,510.0363239319995,11,10,agent_finish,False,0,10,0,0,0,0,0,1,1,1,0,0,0,0,1,0,0,0,0,1,1,1,True,11,0,,
c1_react__uniform-n4-t100-o20-s10005__cap8000__Qwen-Qwen3-32B-AWQ,c1_react,uniform-n4-t100-o20-s10005,8000,medium,Qwen/Qwen3-32B-AWQ,10005,29d836cb56141f3a29ac3fa9670e662c123586e967f2d5ae1280925c2228edbd,e6a365481dd4a485867c62377ac5bc6dc58b277113ccd207605a0258d5cba306,916434ac8d27a4c889ee754c779d1dfeaf47e29a,32768,,True,7488,7488,False,4,uniform,1.0,0.2,2,3,0,3,0.0,True,False,0,False,7488,512,0.936,True,140.59620586037636,8,7,budget,False,0,7,0,0,0,0,0,1,0,0,0,0,0,0,0,0,0,0,0,0,0,0,False,0,0,,
c1_react__uniform-n4-t100-o80-s10005__cap16000__Qwen-Qwen3-32B-AWQ,c1_react,uniform-n4-t100-o80-s10005,16000,medium,Qwen/Qwen3-32B-AWQ,10005,29d836cb56141f3a29ac3fa9670e662c123586e967f2d5ae1280925c2228edbd,e6a365481dd4a485867c62377ac5bc6dc58b277113ccd207605a0258d5cba306,916434ac8d27a4c889ee754c779d1dfeaf47e29a,32768,,True,15844,15844,False,4,uniform,1.0,0.8,6,1,0,1,0.0,True,False,0,False,15844,156,0.9902,False,361.4342014370486,10,9,aborted,False,1,9,0,0,0,0,0,1,0,0,0,0,0,0,0,0,0,0,0,0,0,0,False,0,1,,
c1_react__uniform-n4-t100-o80-s10005__cap32000__Qwen-Qwen3-32B-AWQ,c1_react,uniform-n4-t100-o80-s10005,32000,medium,Qwen/Qwen3-32B-AWQ,10005,29d836cb56141f3a29ac3fa9670e662c123586e967f2d5ae1280925c2228edbd,e6a365481dd4a485867c62377ac5bc6dc58b277113ccd207605a0258d5cba306,916434ac8d27a4c889ee754c779d1dfeaf47e29a,32768,,True,31844,31844,False,4,uniform,1.0,0.8,6,1,0,1,0.0,True,False,0,False,31844,156,0.9951,False,816.3264562515542,12,11,aborted,False,1,11,0,0,0,0,0,1,1,1,0,0,0,0,0,0,0,0,0,1,0,0,False,0,1,travel_infeasible,
c1_react__uniform-n4-t100-o80-s10005__cap64000__Qwen-Qwen3-32B-AWQ,c1_react,uniform-n4-t100-o80-s10005,64000,medium,Qwen/Qwen3-32B-AWQ,10005,29d836cb56141f3a29ac3fa9670e662c123586e967f2d5ae1280925c2228edbd,e6a365481dd4a485867c62377ac5bc6dc58b277113ccd207605a0258d5cba306,916434ac8d27a4c889ee754c779d1dfeaf47e29a,32768,,True,52605,52605,False,4,uniform,1.0,0.8,6,1,0,1,0.0,True,False,0,False,52605,11395,0.822,False,1457.3258852483705,13,12,agent_finish,False,0,12,0,0,0,0,0,1,1,1,0,0,0,0,0,0,0,0,0,1,0,0,False,11,0,travel_infeasible,
c1_react__uniform-n4-t100-o80-s10005__cap8000__Qwen-Qwen3-32B-AWQ,c1_react,uniform-n4-t100-o80-s10005,8000,medium,Qwen/Qwen3-32B-AWQ,10005,29d836cb56141f3a29ac3fa9670e662c123586e967f2d5ae1280925c2228edbd,e6a365481dd4a485867c62377ac5bc6dc58b277113ccd207605a0258d5cba306,916434ac8d27a4c889ee754c779d1dfeaf47e29a,32768,,True,7844,7844,False,4,uniform,1.0,0.8,6,1,0,1,0.0,True,False,0,False,7844,156,0.9805,False,137.45195870567113,9,8,aborted,False,1,8,0,0,0,0,0,1,0,0,0,0,0,0,0,0,0,0,0,0,0,0,False,0,1,,
c1_react__uniform-n4-t20-o20-s10005__cap16000__Qwen-Qwen3-32B-AWQ,c1_react,uniform-n4-t20-o20-s10005,16000,easy,Qwen/Qwen3-32B-AWQ,10005,29d836cb56141f3a29ac3fa9670e662c123586e967f2d5ae1280925c2228edbd,e6a365481dd4a485867c62377ac5bc6dc58b277113ccd207605a0258d5cba306,916434ac8d27a4c889ee754c779d1dfeaf47e29a,32768,,True,11989,11989,False,4,uniform,0.2,0.2,0,4,0,4,0.0,True,False,0,False,11989,4011,0.7493,False,260.2518234439194,8,7,agent_finish,False,0,7,0,0,0,0,0,1,0,0,0,0,0,0,0,0,0,0,0,0,0,0,False,0,0,,
c1_react__uniform-n4-t20-o20-s10005__cap32000__Qwen-Qwen3-32B-AWQ,c1_react,uniform-n4-t20-o20-s10005,32000,easy,Qwen/Qwen3-32B-AWQ,10005,29d836cb56141f3a29ac3fa9670e662c123586e967f2d5ae1280925c2228edbd,e6a365481dd4a485867c62377ac5bc6dc58b277113ccd207605a0258d5cba306,916434ac8d27a4c889ee754c779d1dfeaf47e29a,32768,,True,11989,11989,False,4,uniform,0.2,0.2,0,4,0,4,0.0,True,False,0,False,11989,20011,0.3747,False,260.2578298067674,8,7,agent_finish,False,0,7,0,0,0,0,0,1,0,0,0,0,0,0,0,0,0,0,0,0,0,0,False,0,0,,
c1_react__uniform-n4-t20-o20-s10005__cap64000__Qwen-Qwen3-32B-AWQ,c1_react,uniform-n4-t20-o20-s10005,64000,easy,Qwen/Qwen3-32B-AWQ,10005,29d836cb56141f3a29ac3fa9670e662c123586e967f2d5ae1280925c2228edbd,e6a365481dd4a485867c62377ac5bc6dc58b277113ccd207605a0258d5cba306,916434ac8d27a4c889ee754c779d1dfeaf47e29a,32768,,True,11989,11989,False,4,uniform,0.2,0.2,0,4,0,4,0.0,True,False,0,False,11989,52011,0.1873,False,260.5233196252957,8,7,agent_finish,False,0,7,0,0,0,0,0,1,0,0,0,0,0,0,0,0,0,0,0,0,0,0,False,8,0,,
c1_react__uniform-n4-t20-o20-s10005__cap8000__Qwen-Qwen3-32B-AWQ,c1_react,uniform-n4-t20-o20-s10005,8000,easy,Qwen/Qwen3-32B-AWQ,10005,29d836cb56141f3a29ac3fa9670e662c123586e967f2d5ae1280925c2228edbd,e6a365481dd4a485867c62377ac5bc6dc58b277113ccd207605a0258d5cba306,916434ac8d27a4c889ee754c779d1dfeaf47e29a,32768,,True,7844,7844,False,4,uniform,0.2,0.2,0,4,0,4,0.0,True,False,0,False,7844,156,0.9805,False,161.56900620739907,7,6,aborted,False,1,6,0,0,0,0,0,1,0,0,0,0,0,0,0,0,0,0,0,0,0,0,False,0,1,,
c1_react__uniform-n4-t20-o80-s10005__cap16000__Qwen-Qwen3-32B-AWQ,c1_react,uniform-n4-t20-o80-s10005,16000,easy,Qwen/Qwen3-32B-AWQ,10005,29d836cb56141f3a29ac3fa9670e662c123586e967f2d5ae1280925c2228edbd,e6a365481dd4a485867c62377ac5bc6dc58b277113ccd207605a0258d5cba306,916434ac8d27a4c889ee754c779d1dfeaf47e29a,32768,,True,15844,15844,False,4,uniform,0.2,0.8,0,4,0,4,0.0,True,False,0,False,15844,156,0.9902,False,329.92468834109604,11,10,aborted,False,1,10,0,0,0,0,0,1,1,1,0,0,0,0,0,0,0,0,0,1,0,0,False,0,1,travel_infeasible,
c1_react__uniform-n4-t20-o80-s10005__cap32000__Qwen-Qwen3-32B-AWQ,c1_react,uniform-n4-t20-o80-s10005,32000,easy,Qwen/Qwen3-32B-AWQ,10005,29d836cb56141f3a29ac3fa9670e662c123586e967f2d5ae1280925c2228edbd,e6a365481dd4a485867c62377ac5bc6dc58b277113ccd207605a0258d5cba306,916434ac8d27a4c889ee754c779d1dfeaf47e29a,32768,,True,26669,26669,False,4,uniform,0.2,0.8,0,4,4,0,1.0,True,True,4,True,26669,5331,0.8334,False,547.4780171150342,15,14,agent_finish,True,0,14,0,0,0,0,0,1,2,2,0,0,0,0,1,0,0,0,0,2,1,1,True,0,0,travel_infeasible,
c1_react__uniform-n4-t20-o80-s10005__cap64000__Qwen-Qwen3-32B-AWQ,c1_react,uniform-n4-t20-o80-s10005,64000,easy,Qwen/Qwen3-32B-AWQ,10005,29d836cb56141f3a29ac3fa9670e662c123586e967f2d5ae1280925c2228edbd,e6a365481dd4a485867c62377ac5bc6dc58b277113ccd207605a0258d5cba306,916434ac8d27a4c889ee754c779d1dfeaf47e29a,32768,,True,26669,26669,False,4,uniform,0.2,0.8,0,4,4,0,1.0,True,True,4,True,26669,37331,0.4167,False,547.7860341835767,15,14,agent_finish,True,0,14,0,0,0,0,0,1,2,2,0,0,0,0,1,0,0,0,0,2,1,1,True,15,0,travel_infeasible,
c1_react__uniform-n4-t20-o80-s10005__cap8000__Qwen-Qwen3-32B-AWQ,c1_react,uniform-n4-t20-o80-s10005,8000,easy,Qwen/Qwen3-32B-AWQ,10005,29d836cb56141f3a29ac3fa9670e662c123586e967f2d5ae1280925c2228edbd,e6a365481dd4a485867c62377ac5bc6dc58b277113ccd207605a0258d5cba306,916434ac8d27a4c889ee754c779d1dfeaf47e29a,32768,,True,7219,7219,False,4,uniform,0.2,0.8,0,4,0,4,0.0,True,False,0,False,7219,781,0.9024,True,132.16308498103172,8,7,budget,False,0,7,0,0,0,0,0,1,0,0,0,0,0,0,0,0,0,0,0,0,0,0,False,0,0,,
c1_react__uniform-n6-t100-o20-s10005__cap16000__Qwen-Qwen3-32B-AWQ,c1_react,uniform-n6-t100-o20-s10005,16000,medium,Qwen/Qwen3-32B-AWQ,10005,29d836cb56141f3a29ac3fa9670e662c123586e967f2d5ae1280925c2228edbd,e6a365481dd4a485867c62377ac5bc6dc58b277113ccd207605a0258d5cba306,916434ac8d27a4c889ee754c779d1dfeaf47e29a,32768,,True,15844,15844,False,6,uniform,1.0,0.2,5,3,0,3,0.0,True,False,0,False,15844,156,0.9902,False,334.5677307108417,10,9,aborted,False,1,9,0,0,0,0,0,1,0,0,0,0,0,0,0,0,0,0,0,0,0,0,False,0,1,,
c1_react__uniform-n6-t100-o20-s10005__cap32000__Qwen-Qwen3-32B-AWQ,c1_react,uniform-n6-t100-o20-s10005,32000,medium,Qwen/Qwen3-32B-AWQ,10005,29d836cb56141f3a29ac3fa9670e662c123586e967f2d5ae1280925c2228edbd,e6a365481dd4a485867c62377ac5bc6dc58b277113ccd207605a0258d5cba306,916434ac8d27a4c889ee754c779d1dfeaf47e29a,32768,,True,31912,31912,False,6,uniform,1.0,0.2,5,3,3,0,1.0,True,True,3,True,31912,88,0.9972,False,662.1842052862048,15,14,aborted,False,1,14,0,0,0,0,0,1,2,2,0,0,0,0,1,0,0,0,0,2,1,1,True,0,1,window_violation,
c1_react__uniform-n6-t100-o20-s10005__cap64000__Qwen-Qwen3-32B-AWQ,c1_react,uniform-n6-t100-o20-s10005,64000,medium,Qwen/Qwen3-32B-AWQ,10005,29d836cb56141f3a29ac3fa9670e662c123586e967f2d5ae1280925c2228edbd,e6a365481dd4a485867c62377ac5bc6dc58b277113ccd207605a0258d5cba306,916434ac8d27a4c889ee754c779d1dfeaf47e29a,32768,,True,39484,39484,False,6,uniform,1.0,0.2,5,3,3,0,1.0,True,True,3,True,39484,24516,0.6169,False,852.4563217507675,16,15,agent_finish,False,0,15,0,0,0,0,0,1,2,2,0,0,0,0,1,0,0,0,0,2,1,1,True,14,0,window_violation,
c1_react__uniform-n6-t100-o20-s10005__cap8000__Qwen-Qwen3-32B-AWQ,c1_react,uniform-n6-t100-o20-s10005,8000,medium,Qwen/Qwen3-32B-AWQ,10005,29d836cb56141f3a29ac3fa9670e662c123586e967f2d5ae1280925c2228edbd,e6a365481dd4a485867c62377ac5bc6dc58b277113ccd207605a0258d5cba306,916434ac8d27a4c889ee754c779d1dfeaf47e29a,32768,,True,7844,7844,False,6,uniform,1.0,0.2,5,3,0,3,0.0,True,False,0,False,7844,156,0.9805,False,141.2849179143086,8,7,aborted,False,1,7,0,0,0,0,0,1,0,0,0,0,0,0,0,0,0,0,0,0,0,0,False,0,1,,
c1_react__uniform-n6-t100-o20-s10006__cap16000__Qwen-Qwen3-32B-AWQ,c1_react,uniform-n6-t100-o20-s10006,16000,hard,Qwen/Qwen3-32B-AWQ,10006,29d836cb56141f3a29ac3fa9670e662c123586e967f2d5ae1280925c2228edbd,e6a365481dd4a485867c62377ac5bc6dc58b277113ccd207605a0258d5cba306,916434ac8d27a4c889ee754c779d1dfeaf47e29a,32768,,True,15844,15844,False,6,uniform,1.0,0.2,7,3,0,3,0.0,True,False,0,False,15844,156,0.9902,False,309.31088707223535,11,10,aborted,False,1,10,0,0,0,0,0,1,0,0,0,0,0,0,0,0,0,0,0,0,0,0,False,0,1,,
c1_react__uniform-n6-t100-o20-s10006__cap32000__Qwen-Qwen3-32B-AWQ,c1_react,uniform-n6-t100-o20-s10006,32000,hard,Qwen/Qwen3-32B-AWQ,10006,29d836cb56141f3a29ac3fa9670e662c123586e967f2d5ae1280925c2228edbd,e6a365481dd4a485867c62377ac5bc6dc58b277113ccd207605a0258d5cba306,916434ac8d27a4c889ee754c779d1dfeaf47e29a,32768,,True,31826,31826,False,6,uniform,1.0,0.2,7,3,0,3,0.0,True,False,0,False,31826,174,0.9946,True,746.1370777338743,13,12,budget,False,0,12,0,0,0,0,0,1,0,0,0,0,0,0,0,0,0,0,0,0,0,0,False,0,0,,
c1_react__uniform-n6-t100-o20-s10006__cap64000__Qwen-Qwen3-32B-AWQ,c1_react,uniform-n6-t100-o20-s10006,64000,hard,Qwen/Qwen3-32B-AWQ,10006,29d836cb56141f3a29ac3fa9670e662c123586e967f2d5ae1280925c2228edbd,e6a365481dd4a485867c62377ac5bc6dc58b277113ccd207605a0258d5cba306,916434ac8d27a4c889ee754c779d1dfeaf47e29a,32768,,True,46397,46397,False,6,uniform,1.0,0.2,7,3,0,3,0.0,True,False,0,False,46397,17603,0.725,False,1126.4131703935564,15,14,agent_finish,False,0,14,0,0,0,0,0,1,1,1,0,0,0,0,0,0,0,0,0,1,0,0,False,12,0,travel_infeasible,
c1_react__uniform-n6-t100-o20-s10006__cap8000__Qwen-Qwen3-32B-AWQ,c1_react,uniform-n6-t100-o20-s10006,8000,hard,Qwen/Qwen3-32B-AWQ,10006,29d836cb56141f3a29ac3fa9670e662c123586e967f2d5ae1280925c2228edbd,e6a365481dd4a485867c62377ac5bc6dc58b277113ccd207605a0258d5cba306,916434ac8d27a4c889ee754c779d1dfeaf47e29a,32768,,True,7563,7563,False,6,uniform,1.0,0.2,7,3,0,3,0.0,True,False,0,False,7563,437,0.9454,True,151.7079585371539,7,6,budget,False,0,6,0,0,0,0,0,1,0,0,0,0,0,0,0,0,0,0,0,0,0,0,False,0,0,,
c1_react__uniform-n6-t100-o80-s10005__cap16000__Qwen-Qwen3-32B-AWQ,c1_react,uniform-n6-t100-o80-s10005,16000,hard,Qwen/Qwen3-32B-AWQ,10005,29d836cb56141f3a29ac3fa9670e662c123586e967f2d5ae1280925c2228edbd,e6a365481dd4a485867c62377ac5bc6dc58b277113ccd207605a0258d5cba306,916434ac8d27a4c889ee754c779d1dfeaf47e29a,32768,,True,15844,15844,False,6,uniform,1.0,0.8,15,1,0,1,0.0,True,False,0,False,15844,156,0.9902,False,360.18697187304497,9,8,aborted,False,1,8,0,0,0,0,0,1,0,0,0,0,0,0,0,0,0,0,0,0,0,0,False,0,1,,
c1_react__uniform-n6-t100-o80-s10005__cap32000__Qwen-Qwen3-32B-AWQ,c1_react,uniform-n6-t100-o80-s10005,32000,hard,Qwen/Qwen3-32B-AWQ,10005,29d836cb56141f3a29ac3fa9670e662c123586e967f2d5ae1280925c2228edbd,e6a365481dd4a485867c62377ac5bc6dc58b277113ccd207605a0258d5cba306,916434ac8d27a4c889ee754c779d1dfeaf47e29a,32768,,True,31844,31844,False,6,uniform,1.0,0.8,15,1,0,1,0.0,True,False,0,False,31844,156,0.9951,False,655.3665048452094,15,14,aborted,False,1,14,0,0,0,0,0,1,1,1,0,0,0,0,0,0,0,0,0,1,0,0,False,0,1,travel_infeasible;window_violation,
c1_react__uniform-n6-t100-o80-s10005__cap64000__Qwen-Qwen3-32B-AWQ,c1_react,uniform-n6-t100-o80-s10005,64000,hard,Qwen/Qwen3-32B-AWQ,10005,29d836cb56141f3a29ac3fa9670e662c123586e967f2d5ae1280925c2228edbd,e6a365481dd4a485867c62377ac5bc6dc58b277113ccd207605a0258d5cba306,916434ac8d27a4c889ee754c779d1dfeaf47e29a,32768,,True,45022,45022,False,6,uniform,1.0,0.8,15,1,1,0,1.0,True,True,1,True,45022,18978,0.7035,False,1022.2231281874701,16,15,agent_finish,True,0,15,0,0,0,0,0,1,2,2,0,0,0,0,1,0,0,0,0,2,1,1,True,14,0,travel_infeasible;window_violation,
c1_react__uniform-n6-t100-o80-s10005__cap8000__Qwen-Qwen3-32B-AWQ,c1_react,uniform-n6-t100-o80-s10005,8000,hard,Qwen/Qwen3-32B-AWQ,10005,29d836cb56141f3a29ac3fa9670e662c123586e967f2d5ae1280925c2228edbd,e6a365481dd4a485867c62377ac5bc6dc58b277113ccd207605a0258d5cba306,916434ac8d27a4c889ee754c779d1dfeaf47e29a,32768,,True,7310,7310,False,6,uniform,1.0,0.8,15,1,0,1,0.0,True,False,0,False,7310,690,0.9137,True,145.190477354452,7,6,budget,False,0,6,0,0,0,0,0,1,0,0,0,0,0,0,0,0,0,0,0,0,0,0,False,0,0,,
c1_react__uniform-n6-t100-o80-s10006__cap16000__Qwen-Qwen3-32B-AWQ,c1_react,uniform-n6-t100-o80-s10006,16000,hard,Qwen/Qwen3-32B-AWQ,10006,29d836cb56141f3a29ac3fa9670e662c123586e967f2d5ae1280925c2228edbd,e6a365481dd4a485867c62377ac5bc6dc58b277113ccd207605a0258d5cba306,916434ac8d27a4c889ee754c779d1dfeaf47e29a,32768,,True,15844,15844,False,6,uniform,1.0,0.8,14,2,0,2,0.0,True,False,0,False,15844,156,0.9902,False,305.65137638524175,11,10,aborted,False,1,10,0,0,0,0,0,1,0,0,0,0,0,0,0,0,0,0,0,0,0,0,False,0,1,,
c1_react__uniform-n6-t100-o80-s10006__cap32000__Qwen-Qwen3-32B-AWQ,c1_react,uniform-n6-t100-o80-s10006,32000,hard,Qwen/Qwen3-32B-AWQ,10006,29d836cb56141f3a29ac3fa9670e662c123586e967f2d5ae1280925c2228edbd,e6a365481dd4a485867c62377ac5bc6dc58b277113ccd207605a0258d5cba306,916434ac8d27a4c889ee754c779d1dfeaf47e29a,32768,,True,31844,31844,False,6,uniform,1.0,0.8,14,2,0,2,0.0,True,False,0,False,31844,156,0.9951,False,732.9876179266721,13,12,aborted,False,1,12,0,0,0,0,0,1,0,0,0,0,0,0,0,0,0,0,0,0,0,0,False,0,1,,
c1_react__uniform-n6-t100-o80-s10006__cap64000__Qwen-Qwen3-32B-AWQ,c1_react,uniform-n6-t100-o80-s10006,64000,hard,Qwen/Qwen3-32B-AWQ,10006,29d836cb56141f3a29ac3fa9670e662c123586e967f2d5ae1280925c2228edbd,e6a365481dd4a485867c62377ac5bc6dc58b277113ccd207605a0258d5cba306,916434ac8d27a4c889ee754c779d1dfeaf47e29a,32768,,True,45427,45427,False,6,uniform,1.0,0.8,14,2,0,2,0.0,True,False,0,False,45427,18573,0.7098,False,1130.6248369561508,14,13,agent_finish,False,0,13,0,0,0,0,0,1,1,1,0,0,0,0,0,0,0,0,0,1,0,0,False,12,0,travel_infeasible,
c1_react__uniform-n6-t100-o80-s10006__cap8000__Qwen-Qwen3-32B-AWQ,c1_react,uniform-n6-t100-o80-s10006,8000,hard,Qwen/Qwen3-32B-AWQ,10006,29d836cb56141f3a29ac3fa9670e662c123586e967f2d5ae1280925c2228edbd,e6a365481dd4a485867c62377ac5bc6dc58b277113ccd207605a0258d5cba306,916434ac8d27a4c889ee754c779d1dfeaf47e29a,32768,,True,7844,7844,False,6,uniform,1.0,0.8,14,2,0,2,0.0,True,False,0,False,7844,156,0.9805,False,115.21465021185577,9,8,aborted,False,1,8,0,0,0,0,0,1,0,0,0,0,0,0,0,0,0,0,0,0,0,0,False,0,1,,
c1_react__uniform-n6-t20-o20-s10005__cap16000__Qwen-Qwen3-32B-AWQ,c1_react,uniform-n6-t20-o20-s10005,16000,easy,Qwen/Qwen3-32B-AWQ,10005,29d836cb56141f3a29ac3fa9670e662c123586e967f2d5ae1280925c2228edbd,e6a365481dd4a485867c62377ac5bc6dc58b277113ccd207605a0258d5cba306,916434ac8d27a4c889ee754c779d1dfeaf47e29a,32768,,True,15844,15844,False,6,uniform,0.2,0.2,0,6,0,6,0.0,True,False,0,False,15844,156,0.9902,False,256.85823949612677,13,12,aborted,False,1,12,0,0,0,0,0,1,0,0,0,0,0,0,0,0,0,0,0,0,0,0,False,0,1,,
c1_react__uniform-n6-t20-o20-s10005__cap32000__Qwen-Qwen3-32B-AWQ,c1_react,uniform-n6-t20-o20-s10005,32000,easy,Qwen/Qwen3-32B-AWQ,10005,29d836cb56141f3a29ac3fa9670e662c123586e967f2d5ae1280925c2228edbd,e6a365481dd4a485867c62377ac5bc6dc58b277113ccd207605a0258d5cba306,916434ac8d27a4c889ee754c779d1dfeaf47e29a,32768,,True,19545,19545,False,6,uniform,0.2,0.2,0,6,0,6,0.0,True,False,0,False,19545,12455,0.6108,False,338.20243738312274,14,13,agent_finish,False,0,13,0,0,0,0,0,1,1,1,0,0,0,0,0,0,0,0,0,1,0,0,False,0,0,travel_infeasible,
c1_react__uniform-n6-t20-o20-s10005__cap64000__Qwen-Qwen3-32B-AWQ,c1_react,uniform-n6-t20-o20-s10005,64000,easy,Qwen/Qwen3-32B-AWQ,10005,29d836cb56141f3a29ac3fa9670e662c123586e967f2d5ae1280925c2228edbd,e6a365481dd4a485867c62377ac5bc6dc58b277113ccd207605a0258d5cba306,916434ac8d27a4c889ee754c779d1dfeaf47e29a,32768,,True,19545,19545,False,6,uniform,0.2,0.2,0,6,0,6,0.0,True,False,0,False,19545,44455,0.3054,False,338.48903284035623,14,13,agent_finish,False,0,13,0,0,0,0,0,1,1,1,0,0,0,0,0,0,0,0,0,1,0,0,False,14,0,travel_infeasible,
c1_react__uniform-n6-t20-o20-s10005__cap8000__Qwen-Qwen3-32B-AWQ,c1_react,uniform-n6-t20-o20-s10005,8000,easy,Qwen/Qwen3-32B-AWQ,10005,29d836cb56141f3a29ac3fa9670e662c123586e967f2d5ae1280925c2228edbd,e6a365481dd4a485867c62377ac5bc6dc58b277113ccd207605a0258d5cba306,916434ac8d27a4c889ee754c779d1dfeaf47e29a,32768,,True,7806,7806,False,6,uniform,0.2,0.2,0,6,0,6,0.0,True,False,0,False,7806,194,0.9758,True,140.338801802136,8,7,budget,False,0,7,0,0,0,0,0,1,0,0,0,0,0,0,0,0,0,0,0,0,0,0,False,0,0,,
c1_react__uniform-n6-t20-o80-s10005__cap16000__Qwen-Qwen3-32B-AWQ,c1_react,uniform-n6-t20-o80-s10005,16000,easy,Qwen/Qwen3-32B-AWQ,10005,29d836cb56141f3a29ac3fa9670e662c123586e967f2d5ae1280925c2228edbd,e6a365481dd4a485867c62377ac5bc6dc58b277113ccd207605a0258d5cba306,916434ac8d27a4c889ee754c779d1dfeaf47e29a,32768,,True,15844,15844,False,6,uniform,0.2,0.8,0,6,0,6,0.0,True,False,0,False,15844,156,0.9902,False,209.20390104688704,13,12,aborted,False,1,12,0,0,0,0,0,1,0,0,0,0,0,0,0,0,0,0,0,0,0,0,False,0,1,,
c1_react__uniform-n6-t20-o80-s10005__cap32000__Qwen-Qwen3-32B-AWQ,c1_react,uniform-n6-t20-o80-s10005,32000,easy,Qwen/Qwen3-32B-AWQ,10005,29d836cb56141f3a29ac3fa9670e662c123586e967f2d5ae1280925c2228edbd,e6a365481dd4a485867c62377ac5bc6dc58b277113ccd207605a0258d5cba306,916434ac8d27a4c889ee754c779d1dfeaf47e29a,32768,,True,21005,21005,False,6,uniform,0.2,0.8,0,6,0,6,0.0,True,False,0,False,21005,10995,0.6564,False,286.206494897604,15,14,agent_finish,False,0,14,0,0,0,0,0,1,1,1,0,0,0,0,0,0,0,0,0,1,0,0,False,0,0,travel_infeasible,
c1_react__uniform-n6-t20-o80-s10005__cap64000__Qwen-Qwen3-32B-AWQ,c1_react,uniform-n6-t20-o80-s10005,64000,easy,Qwen/Qwen3-32B-AWQ,10005,29d836cb56141f3a29ac3fa9670e662c123586e967f2d5ae1280925c2228edbd,e6a365481dd4a485867c62377ac5bc6dc58b277113ccd207605a0258d5cba306,916434ac8d27a4c889ee754c779d1dfeaf47e29a,32768,,True,21005,21005,False,6,uniform,0.2,0.8,0,6,0,6,0.0,True,False,0,False,21005,42995,0.3282,False,286.3721175035462,15,14,agent_finish,False,0,14,0,0,0,0,0,1,1,1,0,0,0,0,0,0,0,0,0,1,0,0,False,15,0,travel_infeasible,
c1_react__uniform-n6-t20-o80-s10005__cap8000__Qwen-Qwen3-32B-AWQ,c1_react,uniform-n6-t20-o80-s10005,8000,easy,Qwen/Qwen3-32B-AWQ,10005,29d836cb56141f3a29ac3fa9670e662c123586e967f2d5ae1280925c2228edbd,e6a365481dd4a485867c62377ac5bc6dc58b277113ccd207605a0258d5cba306,916434ac8d27a4c889ee754c779d1dfeaf47e29a,32768,,True,7640,7640,False,6,uniform,0.2,0.8,0,6,0,6,0.0,True,False,0,False,7640,360,0.955,True,124.24151965789497,8,7,budget,False,0,7,0,0,0,0,0,1,0,0,0,0,0,0,0,0,0,0,0,0,0,0,False,0,0,,
c1_react__uniform-n6-t85-o20-s10005__cap16000__Qwen-Qwen3-32B-AWQ,c1_react,uniform-n6-t85-o20-s10005,16000,medium,Qwen/Qwen3-32B-AWQ,10005,29d836cb56141f3a29ac3fa9670e662c123586e967f2d5ae1280925c2228edbd,e6a365481dd4a485867c62377ac5bc6dc58b277113ccd207605a0258d5cba306,916434ac8d27a4c889ee754c779d1dfeaf47e29a,32768,,True,15522,15522,False,6,uniform,0.85,0.2,2,4,0,4,0.0,True,False,0,False,15522,478,0.9701,True,297.2898882739246,11,10,budget,False,0,10,0,0,0,0,0,1,1,1,0,0,0,0,0,0,0,0,0,1,0,0,False,0,0,travel_infeasible,
c1_react__uniform-n6-t85-o20-s10005__cap32000__Qwen-Qwen3-32B-AWQ,c1_react,uniform-n6-t85-o20-s10005,32000,medium,Qwen/Qwen3-32B-AWQ,10005,29d836cb56141f3a29ac3fa9670e662c123586e967f2d5ae1280925c2228edbd,e6a365481dd4a485867c62377ac5bc6dc58b277113ccd207605a0258d5cba306,916434ac8d27a4c889ee754c779d1dfeaf47e29a,32768,,True,31844,31844,False,6,uniform,0.85,0.2,2,4,0,4,0.0,True,False,0,False,31844,156,0.9951,False,605.3741972520947,16,15,aborted,False,1,15,0,0,0,0,0,1,1,1,0,0,0,0,0,0,0,0,0,1,0,0,False,0,1,travel_infeasible,
c1_react__uniform-n6-t85-o20-s10005__cap64000__Qwen-Qwen3-32B-AWQ,c1_react,uniform-n6-t85-o20-s10005,64000,medium,Qwen/Qwen3-32B-AWQ,10005,29d836cb56141f3a29ac3fa9670e662c123586e967f2d5ae1280925c2228edbd,e6a365481dd4a485867c62377ac5bc6dc58b277113ccd207605a0258d5cba306,916434ac8d27a4c889ee754c779d1dfeaf47e29a,32768,,True,37106,37106,False,6,uniform,0.85,0.2,2,4,0,4,0.0,True,False,0,False,37106,26894,0.5798,False,714.062640523538,17,16,agent_finish,False,0,16,0,0,0,0,0,1,2,2,0,0,0,0,0,0,0,0,0,2,0,0,False,15,0,travel_infeasible;travel_infeasible,
c1_react__uniform-n6-t85-o20-s10005__cap8000__Qwen-Qwen3-32B-AWQ,c1_react,uniform-n6-t85-o20-s10005,8000,medium,Qwen/Qwen3-32B-AWQ,10005,29d836cb56141f3a29ac3fa9670e662c123586e967f2d5ae1280925c2228edbd,e6a365481dd4a485867c62377ac5bc6dc58b277113ccd207605a0258d5cba306,916434ac8d27a4c889ee754c779d1dfeaf47e29a,32768,,True,7329,7329,False,6,uniform,0.85,0.2,2,4,0,4,0.0,True,False,0,False,7329,671,0.9161,True,144.91760775260627,7,6,budget,False,0,6,0,0,0,0,0,1,0,0,0,0,0,0,0,0,0,0,0,0,0,0,False,0,0,,
c1_react__uniform-n8-t100-o20-s10005__cap16000__Qwen-Qwen3-32B-AWQ,c1_react,uniform-n8-t100-o20-s10005,16000,hard,Qwen/Qwen3-32B-AWQ,10005,29d836cb56141f3a29ac3fa9670e662c123586e967f2d5ae1280925c2228edbd,e6a365481dd4a485867c62377ac5bc6dc58b277113ccd207605a0258d5cba306,916434ac8d27a4c889ee754c779d1dfeaf47e29a,32768,,True,15844,15844,False,8,uniform,1.0,0.2,10,4,0,4,0.0,True,False,0,False,15844,156,0.9902,False,316.75034572929144,12,11,aborted,False,1,11,0,0,0,0,0,1,0,0,0,0,0,0,0,0,0,0,0,0,0,0,False,0,1,,
c1_react__uniform-n8-t100-o20-s10005__cap32000__Qwen-Qwen3-32B-AWQ,c1_react,uniform-n8-t100-o20-s10005,32000,hard,Qwen/Qwen3-32B-AWQ,10005,29d836cb56141f3a29ac3fa9670e662c123586e967f2d5ae1280925c2228edbd,e6a365481dd4a485867c62377ac5bc6dc58b277113ccd207605a0258d5cba306,916434ac8d27a4c889ee754c779d1dfeaf47e29a,32768,,True,31844,31844,False,8,uniform,1.0,0.2,10,4,0,4,0.0,True,False,0,False,31844,156,0.9951,False,609.4271264942363,19,18,aborted,False,1,18,0,0,0,0,0,1,0,0,0,0,0,0,0,0,0,0,0,0,0,0,False,0,1,,
c1_react__uniform-n8-t100-o20-s10005__cap64000__Qwen-Qwen3-32B-AWQ,c1_react,uniform-n8-t100-o20-s10005,64000,hard,Qwen/Qwen3-32B-AWQ,10005,29d836cb56141f3a29ac3fa9670e662c123586e967f2d5ae1280925c2228edbd,e6a365481dd4a485867c62377ac5bc6dc58b277113ccd207605a0258d5cba306,916434ac8d27a4c889ee754c779d1dfeaf47e29a,32768,,True,47299,47299,False,8,uniform,1.0,0.2,10,4,3,1,0.75,True,False,3,True,47299,16701,0.739,False,1060.407749443315,20,19,agent_finish,False,0,19,0,0,0,0,0,1,1,1,0,0,0,0,1,0,0,0,0,1,1,1,True,18,0,,
c1_react__uniform-n8-t100-o20-s10005__cap8000__Qwen-Qwen3-32B-AWQ,c1_react,uniform-n8-t100-o20-s10005,8000,hard,Qwen/Qwen3-32B-AWQ,10005,29d836cb56141f3a29ac3fa9670e662c123586e967f2d5ae1280925c2228edbd,e6a365481dd4a485867c62377ac5bc6dc58b277113ccd207605a0258d5cba306,916434ac8d27a4c889ee754c779d1dfeaf47e29a,32768,,True,7844,7844,False,8,uniform,1.0,0.2,10,4,0,4,0.0,True,False,0,False,7844,156,0.9805,False,152.72657853364944,8,7,aborted,False,1,7,0,0,0,0,0,1,0,0,0,0,0,0,0,0,0,0,0,0,0,0,False,0,1,,
c1_react__uniform-n8-t100-o80-s10005__cap16000__Qwen-Qwen3-32B-AWQ,c1_react,uniform-n8-t100-o80-s10005,16000,hard,Qwen/Qwen3-32B-AWQ,10005,29d836cb56141f3a29ac3fa9670e662c123586e967f2d5ae1280925c2228edbd,e6a365481dd4a485867c62377ac5bc6dc58b277113ccd207605a0258d5cba306,916434ac8d27a4c889ee754c779d1dfeaf47e29a,32768,,True,15844,15844,False,8,uniform,1.0,0.8,26,2,0,2,0.0,True,False,0,False,15844,156,0.9902,False,291.8692499566823,13,12,aborted,False,1,12,0,0,0,0,0,1,0,0,0,0,0,0,0,0,0,0,0,0,0,0,False,0,1,,
c1_react__uniform-n8-t100-o80-s10005__cap32000__Qwen-Qwen3-32B-AWQ,c1_react,uniform-n8-t100-o80-s10005,32000,hard,Qwen/Qwen3-32B-AWQ,10005,29d836cb56141f3a29ac3fa9670e662c123586e967f2d5ae1280925c2228edbd,e6a365481dd4a485867c62377ac5bc6dc58b277113ccd207605a0258d5cba306,916434ac8d27a4c889ee754c779d1dfeaf47e29a,32768,,True,31844,31844,False,8,uniform,1.0,0.8,26,2,0,2,0.0,True,False,0,False,31844,156,0.9951,False,730.6505516339093,15,14,aborted,False,1,14,0,0,0,0,0,1,1,1,0,0,0,0,0,0,0,0,0,1,0,0,False,0,1,travel_infeasible,
c1_react__uniform-n8-t100-o80-s10005__cap64000__Qwen-Qwen3-32B-AWQ,c1_react,uniform-n8-t100-o80-s10005,64000,hard,Qwen/Qwen3-32B-AWQ,10005,29d836cb56141f3a29ac3fa9670e662c123586e967f2d5ae1280925c2228edbd,e6a365481dd4a485867c62377ac5bc6dc58b277113ccd207605a0258d5cba306,916434ac8d27a4c889ee754c779d1dfeaf47e29a,32768,,True,43704,43704,False,8,uniform,1.0,0.8,26,2,0,2,0.0,True,False,0,False,43704,20296,0.6829,False,1073.8647473528981,16,15,agent_finish,False,0,15,0,0,0,0,0,1,1,1,0,0,0,0,0,0,0,0,0,1,0,0,False,14,0,travel_infeasible,
c1_react__uniform-n8-t100-o80-s10005__cap8000__Qwen-Qwen3-32B-AWQ,c1_react,uniform-n8-t100-o80-s10005,8000,hard,Qwen/Qwen3-32B-AWQ,10005,29d836cb56141f3a29ac3fa9670e662c123586e967f2d5ae1280925c2228edbd,e6a365481dd4a485867c62377ac5bc6dc58b277113ccd207605a0258d5cba306,916434ac8d27a4c889ee754c779d1dfeaf47e29a,32768,,True,7844,7844,False,8,uniform,1.0,0.8,26,2,0,2,0.0,True,False,0,False,7844,156,0.9805,False,152.1822339138016,8,7,aborted,False,1,7,0,0,0,0,0,1,0,0,0,0,0,0,0,0,0,0,0,0,0,0,False,0,1,,
c1_react__uniform-n8-t20-o20-s10005__cap16000__Qwen-Qwen3-32B-AWQ,c1_react,uniform-n8-t20-o20-s10005,16000,easy,Qwen/Qwen3-32B-AWQ,10005,29d836cb56141f3a29ac3fa9670e662c123586e967f2d5ae1280925c2228edbd,e6a365481dd4a485867c62377ac5bc6dc58b277113ccd207605a0258d5cba306,916434ac8d27a4c889ee754c779d1dfeaf47e29a,32768,,True,15240,15240,False,8,uniform,0.2,0.2,0,7,0,7,0.0,True,False,0,False,15240,760,0.9525,True,311.67550170607865,10,9,budget,False,0,9,0,0,0,0,0,1,0,0,0,0,0,0,0,0,0,0,0,0,0,0,False,0,0,,
c1_react__uniform-n8-t20-o20-s10005__cap32000__Qwen-Qwen3-32B-AWQ,c1_react,uniform-n8-t20-o20-s10005,32000,easy,Qwen/Qwen3-32B-AWQ,10005,29d836cb56141f3a29ac3fa9670e662c123586e967f2d5ae1280925c2228edbd,e6a365481dd4a485867c62377ac5bc6dc58b277113ccd207605a0258d5cba306,916434ac8d27a4c889ee754c779d1dfeaf47e29a,32768,,True,31093,31093,False,8,uniform,0.2,0.2,0,7,0,7,0.0,True,False,0,False,31093,907,0.9717,True,673.5381749719381,14,13,budget,False,0,13,0,0,0,0,0,1,1,1,0,0,0,0,0,0,0,0,0,1,0,0,False,0,0,travel_infeasible,
c1_react__uniform-n8-t20-o20-s10005__cap64000__Qwen-Qwen3-32B-AWQ,c1_react,uniform-n8-t20-o20-s10005,64000,easy,Qwen/Qwen3-32B-AWQ,10005,29d836cb56141f3a29ac3fa9670e662c123586e967f2d5ae1280925c2228edbd,e6a365481dd4a485867c62377ac5bc6dc58b277113ccd207605a0258d5cba306,916434ac8d27a4c889ee754c779d1dfeaf47e29a,32768,,True,55060,55060,False,8,uniform,0.2,0.2,0,7,0,7,0.0,True,False,0,False,55060,8940,0.8603,False,1006.2019877294078,23,22,agent_finish,False,0,22,0,0,0,0,0,1,2,2,0,0,0,0,0,0,0,0,0,2,0,0,False,13,0,travel_infeasible;travel_infeasible,
c1_react__uniform-n8-t20-o20-s10005__cap8000__Qwen-Qwen3-32B-AWQ,c1_react,uniform-n8-t20-o20-s10005,8000,easy,Qwen/Qwen3-32B-AWQ,10005,29d836cb56141f3a29ac3fa9670e662c123586e967f2d5ae1280925c2228edbd,e6a365481dd4a485867c62377ac5bc6dc58b277113ccd207605a0258d5cba306,916434ac8d27a4c889ee754c779d1dfeaf47e29a,32768,,True,7844,7844,False,8,uniform,0.2,0.2,0,7,0,7,0.0,True,False,0,False,7844,156,0.9805,False,138.5621222741902,8,7,aborted,False,1,7,0,0,0,0,0,1,0,0,0,0,0,0,0,0,0,0,0,0,0,0,False,0,1,,
c1_react__uniform-n8-t85-o20-s10005__cap16000__Qwen-Qwen3-32B-AWQ,c1_react,uniform-n8-t85-o20-s10005,16000,medium,Qwen/Qwen3-32B-AWQ,10005,29d836cb56141f3a29ac3fa9670e662c123586e967f2d5ae1280925c2228edbd,e6a365481dd4a485867c62377ac5bc6dc58b277113ccd207605a0258d5cba306,916434ac8d27a4c889ee754c779d1dfeaf47e29a,32768,,True,15844,15844,False,8,uniform,0.85,0.2,5,4,0,4,0.0,True,False,0,False,15844,156,0.9902,False,316.7740189367905,11,10,aborted,False,1,10,0,0,0,0,0,1,0,0,0,0,0,0,0,0,0,0,0,0,0,0,False,0,1,,
c1_react__uniform-n8-t85-o20-s10005__cap32000__Qwen-Qwen3-32B-AWQ,c1_react,uniform-n8-t85-o20-s10005,32000,medium,Qwen/Qwen3-32B-AWQ,10005,29d836cb56141f3a29ac3fa9670e662c123586e967f2d5ae1280925c2228edbd,e6a365481dd4a485867c62377ac5bc6dc58b277113ccd207605a0258d5cba306,916434ac8d27a4c889ee754c779d1dfeaf47e29a,32768,,True,31844,31844,False,8,uniform,0.85,0.2,5,4,0,4,0.0,True,False,0,False,31844,156,0.9951,False,688.5641477443278,15,14,aborted,False,1,14,0,0,0,0,0,1,1,1,0,0,0,0,0,0,0,0,0,1,0,0,False,0,1,travel_infeasible;window_violation,
c1_react__uniform-n8-t85-o20-s10005__cap64000__Qwen-Qwen3-32B-AWQ,c1_react,uniform-n8-t85-o20-s10005,64000,medium,Qwen/Qwen3-32B-AWQ,10005,29d836cb56141f3a29ac3fa9670e662c123586e967f2d5ae1280925c2228edbd,e6a365481dd4a485867c62377ac5bc6dc58b277113ccd207605a0258d5cba306,916434ac8d27a4c889ee754c779d1dfeaf47e29a,32768,,True,63844,63844,False,8,uniform,0.85,0.2,5,4,0,4,0.0,True,False,0,False,63844,156,0.9976,False,1321.2516967216507,23,22,aborted,False,1,22,0,0,0,0,0,1,2,2,0,0,0,0,0,0,0,0,0,2,0,0,False,14,1,travel_infeasible;window_violation;overlapping_meeting;travel_infeasible,
c1_react__uniform-n8-t85-o20-s10005__cap8000__Qwen-Qwen3-32B-AWQ,c1_react,uniform-n8-t85-o20-s10005,8000,medium,Qwen/Qwen3-32B-AWQ,10005,29d836cb56141f3a29ac3fa9670e662c123586e967f2d5ae1280925c2228edbd,e6a365481dd4a485867c62377ac5bc6dc58b277113ccd207605a0258d5cba306,916434ac8d27a4c889ee754c779d1dfeaf47e29a,32768,,True,7510,7510,False,8,uniform,0.85,0.2,5,4,0,4,0.0,True,False,0,False,7510,490,0.9387,True,154.99356555752456,7,6,budget,False,0,6,0,0,0,0,0,1,0,0,0,0,0,0,0,0,0,0,0,0,0,0,False,0,0,,
c2_verify_revise__clustered-n4-t100-o20-s10005__cap16000__Qwen-Qwen3-32B-AWQ,c2_verify_revise,clustered-n4-t100-o20-s10005,16000,medium,Qwen/Qwen3-32B-AWQ,10005,29d836cb56141f3a29ac3fa9670e662c123586e967f2d5ae1280925c2228edbd,e6a365481dd4a485867c62377ac5bc6dc58b277113ccd207605a0258d5cba306,916434ac8d27a4c889ee754c779d1dfeaf47e29a,32768,,True,15910,15910,False,4,clustered,1.0,0.2,1,3,3,0,1.0,True,True,3,True,15910,90,0.9944,False,359.7784245274961,10,9,aborted,False,1,9,0,0,0,0,0,1,1,1,0,0,0,0,1,0,0,0,0,1,1,1,True,0,1,,
c2_verify_revise__clustered-n4-t100-o20-s10005__cap32000__Qwen-Qwen3-32B-AWQ,c2_verify_revise,clustered-n4-t100-o20-s10005,32000,medium,Qwen/Qwen3-32B-AWQ,10005,29d836cb56141f3a29ac3fa9670e662c123586e967f2d5ae1280925c2228edbd,e6a365481dd4a485867c62377ac5bc6dc58b277113ccd207605a0258d5cba306,916434ac8d27a4c889ee754c779d1dfeaf47e29a,32768,,True,30385,30385,False,4,clustered,1.0,0.2,1,3,3,0,1.0,True,True,3,True,30385,1615,0.9495,True,631.8200081754476,15,11,budget,False,0,11,2,1,0,0,0,1,2,1,1,0,0,0,1,1,0,0,0,2,2,1,True,0,0,,
c2_verify_revise__clustered-n4-t100-o20-s10005__cap64000__Qwen-Qwen3-32B-AWQ,c2_verify_revise,clustered-n4-t100-o20-s10005,64000,medium,Qwen/Qwen3-32B-AWQ,10005,29d836cb56141f3a29ac3fa9670e662c123586e967f2d5ae1280925c2228edbd,e6a365481dd4a485867c62377ac5bc6dc58b277113ccd207605a0258d5cba306,916434ac8d27a4c889ee754c779d1dfeaf47e29a,32768,,True,32766,32766,False,4,clustered,1.0,0.2,1,3,3,0,1.0,True,True,3,True,32766,31234,0.512,False,639.4967518243939,16,11,agent_finish,False,0,11,2,2,0,0,0,1,3,1,2,0,0,0,1,2,0,0,0,3,3,1,True,15,0,,
c2_verify_revise__clustered-n4-t100-o20-s10005__cap8000__Qwen-Qwen3-32B-AWQ,c2_verify_revise,clustered-n4-t100-o20-s10005,8000,medium,Qwen/Qwen3-32B-AWQ,10005,29d836cb56141f3a29ac3fa9670e662c123586e967f2d5ae1280925c2228edbd,e6a365481dd4a485867c62377ac5bc6dc58b277113ccd207605a0258d5cba306,916434ac8d27a4c889ee754c779d1dfeaf47e29a,32768,,True,7844,7844,False,4,clustered,1.0,0.2,1,3,0,3,0.0,True,False,0,False,7844,156,0.9805,False,154.62846733164042,8,7,aborted,False,1,7,0,0,0,0,0,1,0,0,0,0,0,0,0,0,0,0,0,0,0,0,False,0,1,,
c2_verify_revise__clustered-n4-t100-o80-s10005__cap16000__Qwen-Qwen3-32B-AWQ,c2_verify_revise,clustered-n4-t100-o80-s10005,16000,medium,Qwen/Qwen3-32B-AWQ,10005,29d836cb56141f3a29ac3fa9670e662c123586e967f2d5ae1280925c2228edbd,e6a365481dd4a485867c62377ac5bc6dc58b277113ccd207605a0258d5cba306,916434ac8d27a4c889ee754c779d1dfeaf47e29a,32768,,True,15844,15844,False,4,clustered,1.0,0.8,5,2,0,2,0.0,True,False,0,False,15844,156,0.9902,False,380.87210861220956,9,8,aborted,False,1,8,0,0,0,0,0,1,0,0,0,0,0,0,0,0,0,0,0,0,0,0,False,0,1,,
c2_verify_revise__clustered-n4-t100-o80-s10005__cap32000__Qwen-Qwen3-32B-AWQ,c2_verify_revise,clustered-n4-t100-o80-s10005,32000,medium,Qwen/Qwen3-32B-AWQ,10005,29d836cb56141f3a29ac3fa9670e662c123586e967f2d5ae1280925c2228edbd,e6a365481dd4a485867c62377ac5bc6dc58b277113ccd207605a0258d5cba306,916434ac8d27a4c889ee754c779d1dfeaf47e29a,32768,,True,31855,31855,False,4,clustered,1.0,0.8,5,2,2,0,1.0,True,True,2,True,31855,145,0.9955,False,811.5885742716491,12,11,aborted,True,1,11,0,0,0,0,0,1,1,1,0,0,0,0,1,0,0,0,0,1,1,1,True,0,1,,
c2_verify_revise__clustered-n4-t100-o80-s10005__cap64000__Qwen-Qwen3-32B-AWQ,c2_verify_revise,clustered-n4-t100-o80-s10005,64000,medium,Qwen/Qwen3-32B-AWQ,10005,29d836cb56141f3a29ac3fa9670e662c123586e967f2d5ae1280925c2228edbd,e6a365481dd4a485867c62377ac5bc6dc58b277113ccd207605a0258d5cba306,916434ac8d27a4c889ee754c779d1dfeaf47e29a,32768,,True,43029,43029,False,4,clustered,1.0,0.8,5,2,2,0,1.0,True,True,2,True,43029,20971,0.6723,False,1000.6858793590218,16,11,agent_finish,True,0,11,2,2,0,0,0,1,3,1,2,0,0,0,1,2,0,0,0,3,3,1,True,11,0,,
c2_verify_revise__clustered-n4-t100-o80-s10005__cap8000__Qwen-Qwen3-32B-AWQ,c2_verify_revise,clustered-n4-t100-o80-s10005,8000,medium,Qwen/Qwen3-32B-AWQ,10005,29d836cb56141f3a29ac3fa9670e662c123586e967f2d5ae1280925c2228edbd,e6a365481dd4a485867c62377ac5bc6dc58b277113ccd207605a0258d5cba306,916434ac8d27a4c889ee754c779d1dfeaf47e29a,32768,,True,7844,7844,False,4,clustered,1.0,0.8,5,2,0,2,0.0,True,False,0,False,7844,156,0.9805,False,154.69704248011112,8,7,aborted,False,1,7,0,0,0,0,0,1,0,0,0,0,0,0,0,0,0,0,0,0,0,0,False,0,1,,
c2_verify_revise__clustered-n4-t20-o20-s10005__cap16000__Qwen-Qwen3-32B-AWQ,c2_verify_revise,clustered-n4-t20-o20-s10005,16000,easy,Qwen/Qwen3-32B-AWQ,10005,29d836cb56141f3a29ac3fa9670e662c123586e967f2d5ae1280925c2228edbd,e6a365481dd4a485867c62377ac5bc6dc58b277113ccd207605a0258d5cba306,916434ac8d27a4c889ee754c779d1dfeaf47e29a,32768,,True,14912,14912,False,4,clustered,0.2,0.2,0,4,0,4,0.0,True,False,0,False,14912,1088,0.932,True,332.6620111837983,9,7,budget,False,0,7,1,0,0,0,0,1,0,0,0,0,0,0,0,0,0,0,0,0,0,0,False,0,0,,
c2_verify_revise__clustered-n4-t20-o20-s10005__cap32000__Qwen-Qwen3-32B-AWQ,c2_verify_revise,clustered-n4-t20-o20-s10005,32000,easy,Qwen/Qwen3-32B-AWQ,10005,29d836cb56141f3a29ac3fa9670e662c123586e967f2d5ae1280925c2228edbd,e6a365481dd4a485867c62377ac5bc6dc58b277113ccd207605a0258d5cba306,916434ac8d27a4c889ee754c779d1dfeaf47e29a,32768,,True,21374,21374,False,4,clustered,0.2,0.2,0,4,0,4,0.0,True,False,0,False,21374,10626,0.6679,False,364.6279861582443,12,7,agent_finish,False,0,7,2,2,0,0,0,1,2,0,2,0,0,0,0,0,0,0,0,2,0,0,False,0,0,travel_infeasible;travel_infeasible,
c2_verify_revise__clustered-n4-t20-o20-s10005__cap64000__Qwen-Qwen3-32B-AWQ,c2_verify_revise,clustered-n4-t20-o20-s10005,64000,easy,Qwen/Qwen3-32B-AWQ,10005,29d836cb56141f3a29ac3fa9670e662c123586e967f2d5ae1280925c2228edbd,e6a365481dd4a485867c62377ac5bc6dc58b277113ccd207605a0258d5cba306,916434ac8d27a4c889ee754c779d1dfeaf47e29a,32768,,True,21374,21374,False,4,clustered,0.2,0.2,0,4,0,4,0.0,True,False,0,False,21374,42626,0.334,False,363.744434078224,12,7,agent_finish,False,0,7,2,2,0,0,0,1,2,0,2,0,0,0,0,0,0,0,0,2,0,0,False,12,0,travel_infeasible;travel_infeasible,
c2_verify_revise__clustered-n4-t20-o20-s10005__cap8000__Qwen-Qwen3-32B-AWQ,c2_verify_revise,clustered-n4-t20-o20-s10005,8000,easy,Qwen/Qwen3-32B-AWQ,10005,29d836cb56141f3a29ac3fa9670e662c123586e967f2d5ae1280925c2228edbd,e6a365481dd4a485867c62377ac5bc6dc58b277113ccd207605a0258d5cba306,916434ac8d27a4c889ee754c779d1dfeaf47e29a,32768,,True,7844,7844,False,4,clustered,0.2,0.2,0,4,0,4,0.0,True,False,0,False,7844,156,0.9805,False,162.7093309238553,7,6,aborted,False,1,6,0,0,0,0,0,1,0,0,0,0,0,0,0,0,0,0,0,0,0,0,False,0,1,,
c2_verify_revise__clustered-n4-t20-o80-s10005__cap16000__Qwen-Qwen3-32B-AWQ,c2_verify_revise,clustered-n4-t20-o80-s10005,16000,easy,Qwen/Qwen3-32B-AWQ,10005,29d836cb56141f3a29ac3fa9670e662c123586e967f2d5ae1280925c2228edbd,e6a365481dd4a485867c62377ac5bc6dc58b277113ccd207605a0258d5cba306,916434ac8d27a4c889ee754c779d1dfeaf47e29a,32768,,True,15741,15741,False,4,clustered,0.2,0.8,0,4,0,4,0.0,True,False,0,False,15741,259,0.9838,True,314.48159375507385,12,11,budget,False,0,11,0,0,0,0,0,1,0,0,0,0,0,0,0,0,0,0,0,0,0,0,False,0,0,,
c2_verify_revise__clustered-n4-t20-o80-s10005__cap32000__Qwen-Qwen3-32B-AWQ,c2_verify_revise,clustered-n4-t20-o80-s10005,32000,easy,Qwen/Qwen3-32B-AWQ,10005,29d836cb56141f3a29ac3fa9670e662c123586e967f2d5ae1280925c2228edbd,e6a365481dd4a485867c62377ac5bc6dc58b277113ccd207605a0258d5cba306,916434ac8d27a4c889ee754c779d1dfeaf47e29a,32768,,True,31035,31035,False,4,clustered,0.2,0.8,0,4,4,0,1.0,True,True,4,True,31035,965,0.9698,False,493.7973679173738,19,14,agent_finish,False,0,14,2,2,0,0,0,1,3,1,2,0,0,0,1,2,0,0,0,3,3,1,True,0,0,,
c2_verify_revise__clustered-n4-t20-o80-s10005__cap64000__Qwen-Qwen3-32B-AWQ,c2_verify_revise,clustered-n4-t20-o80-s10005,64000,easy,Qwen/Qwen3-32B-AWQ,10005,29d836cb56141f3a29ac3fa9670e662c123586e967f2d5ae1280925c2228edbd,e6a365481dd4a485867c62377ac5bc6dc58b277113ccd207605a0258d5cba306,916434ac8d27a4c889ee754c779d1dfeaf47e29a,32768,,True,31035,31035,False,4,clustered,0.2,0.8,0,4,4,0,1.0,True,True,4,True,31035,32965,0.4849,False,488.70252461731434,19,14,agent_finish,False,0,14,2,2,0,0,0,1,3,1,2,0,0,0,1,2,0,0,0,3,3,1,True,19,0,,
c2_verify_revise__clustered-n4-t20-o80-s10005__cap8000__Qwen-Qwen3-32B-AWQ,c2_verify_revise,clustered-n4-t20-o80-s10005,8000,easy,Qwen/Qwen3-32B-AWQ,10005,29d836cb56141f3a29ac3fa9670e662c123586e967f2d5ae1280925c2228edbd,e6a365481dd4a485867c62377ac5bc6dc58b277113ccd207605a0258d5cba306,916434ac8d27a4c889ee754c779d1dfeaf47e29a,32768,,True,7844,7844,False,4,clustered,0.2,0.8,0,4,0,4,0.0,True,False,0,False,7844,156,0.9805,False,132.86144351400435,9,8,aborted,False,1,8,0,0,0,0,0,1,0,0,0,0,0,0,0,0,0,0,0,0,0,0,False,0,1,,
c2_verify_revise__clustered-n6-t100-o20-s10005__cap16000__Qwen-Qwen3-32B-AWQ,c2_verify_revise,clustered-n6-t100-o20-s10005,16000,medium,Qwen/Qwen3-32B-AWQ,10005,29d836cb56141f3a29ac3fa9670e662c123586e967f2d5ae1280925c2228edbd,e6a365481dd4a485867c62377ac5bc6dc58b277113ccd207605a0258d5cba306,916434ac8d27a4c889ee754c779d1dfeaf47e29a,32768,,True,15256,15256,False,6,clustered,1.0,0.2,6,3,0,3,0.0,True,False,0,False,15256,744,0.9535,True,292.38317387364805,11,10,budget,False,0,10,0,0,0,0,0,1,0,0,0,0,0,0,0,0,0,0,0,0,0,0,False,0,0,,
c2_verify_revise__clustered-n6-t100-o20-s10005__cap32000__Qwen-Qwen3-32B-AWQ,c2_verify_revise,clustered-n6-t100-o20-s10005,32000,medium,Qwen/Qwen3-32B-AWQ,10005,29d836cb56141f3a29ac3fa9670e662c123586e967f2d5ae1280925c2228edbd,e6a365481dd4a485867c62377ac5bc6dc58b277113ccd207605a0258d5cba306,916434ac8d27a4c889ee754c779d1dfeaf47e29a,32768,,True,31844,31844,False,6,clustered,1.0,0.2,6,3,0,3,0.0,True,False,0,False,31844,156,0.9951,False,709.4396374411881,14,13,aborted,False,1,13,0,0,0,0,0,1,0,0,0,0,0,0,0,0,0,0,0,0,0,0,False,0,1,,
c2_verify_revise__clustered-n6-t100-o20-s10005__cap64000__Qwen-Qwen3-32B-AWQ,c2_verify_revise,clustered-n6-t100-o20-s10005,64000,medium,Qwen/Qwen3-32B-AWQ,10005,29d836cb56141f3a29ac3fa9670e662c123586e967f2d5ae1280925c2228edbd,e6a365481dd4a485867c62377ac5bc6dc58b277113ccd207605a0258d5cba306,916434ac8d27a4c889ee754c779d1dfeaf47e29a,32768,,True,61433,61433,False,6,clustered,1.0,0.2,6,3,2,1,0.6666666666666666,True,False,2,True,61433,2567,0.9599,True,1341.4016175689176,20,16,budget,True,0,16,2,1,0,0,0,1,3,2,1,0,0,0,0,1,0,0,0,3,1,1,True,13,0,travel_infeasible;travel_infeasible;window_violation,
c2_verify_revise__clustered-n6-t100-o20-s10005__cap8000__Qwen-Qwen3-32B-AWQ,c2_verify_revise,clustered-n6-t100-o20-s10005,8000,medium,Qwen/Qwen3-32B-AWQ,10005,29d836cb56141f3a29ac3fa9670e662c123586e967f2d5ae1280925c2228edbd,e6a365481dd4a485867c62377ac5bc6dc58b277113ccd207605a0258d5cba306,916434ac8d27a4c889ee754c779d1dfeaf47e29a,32768,,True,7844,7844,False,6,clustered,1.0,0.2,6,3,0,3,0.0,True,False,0,False,7844,156,0.9805,False,145.70908677205443,8,7,aborted,False,1,7,0,0,0,0,0,1,0,0,0,0,0,0,0,0,0,0,0,0,0,0,False,0,1,,
c2_verify_revise__clustered-n6-t100-o20-s10007__cap16000__Qwen-Qwen3-32B-AWQ,c2_verify_revise,clustered-n6-t100-o20-s10007,16000,hard,Qwen/Qwen3-32B-AWQ,10007,29d836cb56141f3a29ac3fa9670e662c123586e967f2d5ae1280925c2228edbd,e6a365481dd4a485867c62377ac5bc6dc58b277113ccd207605a0258d5cba306,916434ac8d27a4c889ee754c779d1dfeaf47e29a,32768,,True,15844,15844,False,6,clustered,1.0,0.2,8,3,0,3,0.0,True,False,0,False,15844,156,0.9902,False,324.6490621631965,11,10,aborted,False,1,10,0,0,0,0,0,1,0,0,0,0,0,0,0,0,0,0,0,0,0,0,False,0,1,,
c2_verify_revise__clustered-n6-t100-o20-s10007__cap32000__Qwen-Qwen3-32B-AWQ,c2_verify_revise,clustered-n6-t100-o20-s10007,32000,hard,Qwen/Qwen3-32B-AWQ,10007,29d836cb56141f3a29ac3fa9670e662c123586e967f2d5ae1280925c2228edbd,e6a365481dd4a485867c62377ac5bc6dc58b277113ccd207605a0258d5cba306,916434ac8d27a4c889ee754c779d1dfeaf47e29a,32768,,True,31861,31861,False,6,clustered,1.0,0.2,8,3,3,0,1.0,True,True,3,True,31861,139,0.9957,False,731.6850702529773,14,13,aborted,True,1,13,0,0,0,0,0,1,1,1,0,0,0,0,1,0,0,0,0,1,1,1,True,0,1,,
c2_verify_revise__clustered-n6-t100-o20-s10007__cap64000__Qwen-Qwen3-32B-AWQ,c2_verify_revise,clustered-n6-t100-o20-s10007,64000,hard,Qwen/Qwen3-32B-AWQ,10007,29d836cb56141f3a29ac3fa9670e662c123586e967f2d5ae1280925c2228edbd,e6a365481dd4a485867c62377ac5bc6dc58b277113ccd207605a0258d5cba306,916434ac8d27a4c889ee754c779d1dfeaf47e29a,32768,,True,44287,44287,False,6,clustered,1.0,0.2,8,3,3,0,1.0,True,True,3,True,44287,19713,0.692,False,906.2000829670578,18,13,agent_finish,True,0,13,2,2,0,0,0,1,3,1,2,0,0,0,1,2,0,0,0,3,3,1,True,13,0,,
c2_verify_revise__clustered-n6-t100-o20-s10007__cap8000__Qwen-Qwen3-32B-AWQ,c2_verify_revise,clustered-n6-t100-o20-s10007,8000,hard,Qwen/Qwen3-32B-AWQ,10007,29d836cb56141f3a29ac3fa9670e662c123586e967f2d5ae1280925c2228edbd,e6a365481dd4a485867c62377ac5bc6dc58b277113ccd207605a0258d5cba306,916434ac8d27a4c889ee754c779d1dfeaf47e29a,32768,,True,7844,7844,False,6,clustered,1.0,0.2,8,3,0,3,0.0,True,False,0,False,7844,156,0.9805,False,171.061983990483,7,6,aborted,False,1,6,0,0,0,0,0,1,0,0,0,0,0,0,0,0,0,0,0,0,0,0,False,0,1,,
c2_verify_revise__clustered-n6-t100-o80-s10005__cap16000__Qwen-Qwen3-32B-AWQ,c2_verify_revise,clustered-n6-t100-o80-s10005,16000,hard,Qwen/Qwen3-32B-AWQ,10005,29d836cb56141f3a29ac3fa9670e662c123586e967f2d5ae1280925c2228edbd,e6a365481dd4a485867c62377ac5bc6dc58b277113ccd207605a0258d5cba306,916434ac8d27a4c889ee754c779d1dfeaf47e29a,32768,,True,15844,15844,False,6,clustered,1.0,0.8,13,2,0,2,0.0,True,False,0,False,15844,156,0.9902,False,319.84397589974105,11,10,aborted,False,1,10,0,0,0,0,0,1,0,0,0,0,0,0,0,0,0,0,0,0,0,0,False,0,1,,
c2_verify_revise__clustered-n6-t100-o80-s10005__cap32000__Qwen-Qwen3-32B-AWQ,c2_verify_revise,clustered-n6-t100-o80-s10005,32000,hard,Qwen/Qwen3-32B-AWQ,10005,29d836cb56141f3a29ac3fa9670e662c123586e967f2d5ae1280925c2228edbd,e6a365481dd4a485867c62377ac5bc6dc58b277113ccd207605a0258d5cba306,916434ac8d27a4c889ee754c779d1dfeaf47e29a,32768,,True,31844,31844,False,6,clustered,1.0,0.8,13,2,0,2,0.0,True,False,0,False,31844,156,0.9951,False,729.3943761140108,14,13,aborted,False,1,13,0,0,0,0,0,1,0,0,0,0,0,0,0,0,0,0,0,0,0,0,False,0,1,,
c2_verify_revise__clustered-n6-t100-o80-s10005__cap64000__Qwen-Qwen3-32B-AWQ,c2_verify_revise,clustered-n6-t100-o80-s10005,64000,hard,Qwen/Qwen3-32B-AWQ,10005,29d836cb56141f3a29ac3fa9670e662c123586e967f2d5ae1280925c2228edbd,e6a365481dd4a485867c62377ac5bc6dc58b277113ccd207605a0258d5cba306,916434ac8d27a4c889ee754c779d1dfeaf47e29a,32768,,True,63834,63834,False,6,clustered,1.0,0.8,13,2,0,2,0.0,True,False,0,False,63834,166,0.9974,True,1525.720829677768,19,15,budget,False,0,15,2,1,0,0,0,1,2,1,1,0,0,0,0,0,0,0,0,2,0,0,False,13,0,travel_infeasible;travel_infeasible,
c2_verify_revise__clustered-n6-t100-o80-s10005__cap8000__Qwen-Qwen3-32B-AWQ,c2_verify_revise,clustered-n6-t100-o80-s10005,8000,hard,Qwen/Qwen3-32B-AWQ,10005,29d836cb56141f3a29ac3fa9670e662c123586e967f2d5ae1280925c2228edbd,e6a365481dd4a485867c62377ac5bc6dc58b277113ccd207605a0258d5cba306,916434ac8d27a4c889ee754c779d1dfeaf47e29a,32768,,True,7392,7392,False,6,clustered,1.0,0.8,13,2,0,2,0.0,True,False,0,False,7392,608,0.924,True,154.35539133381099,7,6,budget,False,0,6,0,0,0,0,0,1,0,0,0,0,0,0,0,0,0,0,0,0,0,0,False,0,0,,
c2_verify_revise__clustered-n6-t100-o80-s10006__cap16000__Qwen-Qwen3-32B-AWQ,c2_verify_revise,clustered-n6-t100-o80-s10006,16000,hard,Qwen/Qwen3-32B-AWQ,10006,29d836cb56141f3a29ac3fa9670e662c123586e967f2d5ae1280925c2228edbd,e6a365481dd4a485867c62377ac5bc6dc58b277113ccd207605a0258d5cba306,916434ac8d27a4c889ee754c779d1dfeaf47e29a,32768,,True,15844,15844,False,6,clustered,1.0,0.8,12,2,0,2,0.0,True,False,0,False,15844,156,0.9902,False,306.04506207164377,11,10,aborted,False,1,10,0,0,0,0,0,1,0,0,0,0,0,0,0,0,0,0,0,0,0,0,False,0,1,,
c2_verify_revise__clustered-n6-t100-o80-s10006__cap32000__Qwen-Qwen3-32B-AWQ,c2_verify_revise,clustered-n6-t100-o80-s10006,32000,hard,Qwen/Qwen3-32B-AWQ,10006,29d836cb56141f3a29ac3fa9670e662c123586e967f2d5ae1280925c2228edbd,e6a365481dd4a485867c62377ac5bc6dc58b277113ccd207605a0258d5cba306,916434ac8d27a4c889ee754c779d1dfeaf47e29a,32768,,True,31322,31322,False,6,clustered,1.0,0.8,12,2,0,2,0.0,True,False,0,False,31322,678,0.9788,True,695.7177582699805,14,13,budget,False,0,13,0,0,0,0,0,1,1,1,0,0,0,0,0,0,0,0,0,1,0,0,False,0,0,travel_infeasible;window_violation,
c2_verify_revise__clustered-n6-t100-o80-s10006__cap64000__Qwen-Qwen3-32B-AWQ,c2_verify_revise,clustered-n6-t100-o80-s10006,64000,hard,Qwen/Qwen3-32B-AWQ,10006,29d836cb56141f3a29ac3fa9670e662c123586e967f2d5ae1280925c2228edbd,e6a365481dd4a485867c62377ac5bc6dc58b277113ccd207605a0258d5cba306,916434ac8d27a4c889ee754c779d1dfeaf47e29a,32768,,True,56628,56628,False,6,clustered,1.0,0.8,12,2,2,0,1.0,True,True,2,True,56628,7372,0.8848,False,1201.045604320243,20,15,agent_finish,True,0,15,2,2,0,0,0,1,4,2,2,0,0,0,1,2,0,0,0,4,3,1,True,13,0,travel_infeasible;window_violation,
c2_verify_revise__clustered-n6-t100-o80-s10006__cap8000__Qwen-Qwen3-32B-AWQ,c2_verify_revise,clustered-n6-t100-o80-s10006,8000,hard,Qwen/Qwen3-32B-AWQ,10006,29d836cb56141f3a29ac3fa9670e662c123586e967f2d5ae1280925c2228edbd,e6a365481dd4a485867c62377ac5bc6dc58b277113ccd207605a0258d5cba306,916434ac8d27a4c889ee754c779d1dfeaf47e29a,32768,,True,7844,7844,False,6,clustered,1.0,0.8,12,2,0,2,0.0,True,False,0,False,7844,156,0.9805,False,142.3368697091937,8,7,aborted,False,1,7,0,0,0,0,0,1,0,0,0,0,0,0,0,0,0,0,0,0,0,0,False,0,1,,
c2_verify_revise__clustered-n6-t20-o20-s10005__cap16000__Qwen-Qwen3-32B-AWQ,c2_verify_revise,clustered-n6-t20-o20-s10005,16000,easy,Qwen/Qwen3-32B-AWQ,10005,29d836cb56141f3a29ac3fa9670e662c123586e967f2d5ae1280925c2228edbd,e6a365481dd4a485867c62377ac5bc6dc58b277113ccd207605a0258d5cba306,916434ac8d27a4c889ee754c779d1dfeaf47e29a,32768,,True,15844,15844,False,6,clustered,0.2,0.2,0,6,0,6,0.0,True,False,0,False,15844,156,0.9902,False,317.21412122808397,12,11,aborted,False,1,11,0,0,0,0,0,1,0,0,0,0,0,0,0,0,0,0,0,0,0,0,False,0,1,,
c2_verify_revise__clustered-n6-t20-o20-s10005__cap32000__Qwen-Qwen3-32B-AWQ,c2_verify_revise,clustered-n6-t20-o20-s10005,32000,easy,Qwen/Qwen3-32B-AWQ,10005,29d836cb56141f3a29ac3fa9670e662c123586e967f2d5ae1280925c2228edbd,e6a365481dd4a485867c62377ac5bc6dc58b277113ccd207605a0258d5cba306,916434ac8d27a4c889ee754c779d1dfeaf47e29a,32768,,True,31844,31844,False,6,clustered,0.2,0.2,0,6,0,6,0.0,True,False,0,False,31844,156,0.9951,False,637.1089209849015,17,16,aborted,False,1,16,0,0,0,0,0,1,1,1,0,0,0,0,0,0,0,0,0,1,0,0,False,0,1,travel_infeasible;window_violation,
c2_verify_revise__clustered-n6-t20-o20-s10005__cap64000__Qwen-Qwen3-32B-AWQ,c2_verify_revise,clustered-n6-t20-o20-s10005,64000,easy,Qwen/Qwen3-32B-AWQ,10005,29d836cb56141f3a29ac3fa9670e662c123586e967f2d5ae1280925c2228edbd,e6a365481dd4a485867c62377ac5bc6dc58b277113ccd207605a0258d5cba306,916434ac8d27a4c889ee754c779d1dfeaf47e29a,32768,,True,58016,58016,False,6,clustered,0.2,0.2,0,6,5,1,0.8333333333333334,True,False,5,True,58016,5984,0.9065,False,1048.0525664631277,24,19,agent_finish,False,0,19,2,2,0,0,0,1,5,3,2,0,0,0,2,2,0,0,0,5,4,2,True,16,0,travel_infeasible;window_violation,
c2_verify_revise__clustered-n6-t20-o20-s10005__cap8000__Qwen-Qwen3-32B-AWQ,c2_verify_revise,clustered-n6-t20-o20-s10005,8000,easy,Qwen/Qwen3-32B-AWQ,10005,29d836cb56141f3a29ac3fa9670e662c123586e967f2d5ae1280925c2228edbd,e6a365481dd4a485867c62377ac5bc6dc58b277113ccd207605a0258d5cba306,916434ac8d27a4c889ee754c779d1dfeaf47e29a,32768,,True,7510,7510,False,6,clustered,0.2,0.2,0,6,0,6,0.0,True,False,0,False,7510,490,0.9387,True,137.43934614863247,8,7,budget,False,0,7,0,0,0,0,0,1,0,0,0,0,0,0,0,0,0,0,0,0,0,0,False,0,0,,
c2_verify_revise__clustered-n6-t20-o80-s10005__cap16000__Qwen-Qwen3-32B-AWQ,c2_verify_revise,clustered-n6-t20-o80-s10005,16000,easy,Qwen/Qwen3-32B-AWQ,10005,29d836cb56141f3a29ac3fa9670e662c123586e967f2d5ae1280925c2228edbd,e6a365481dd4a485867c62377ac5bc6dc58b277113ccd207605a0258d5cba306,916434ac8d27a4c889ee754c779d1dfeaf47e29a,32768,,True,15844,15844,False,6,clustered,0.2,0.8,0,6,0,6,0.0,True,False,0,False,15844,156,0.9902,False,314.42061394732445,11,10,aborted,False,1,10,0,0,0,0,0,1,0,0,0,0,0,0,0,0,0,0,0,0,0,0,False,0,1,,
c2_verify_revise__clustered-n6-t20-o80-s10005__cap32000__Qwen-Qwen3-32B-AWQ,c2_verify_revise,clustered-n6-t20-o80-s10005,32000,easy,Qwen/Qwen3-32B-AWQ,10005,29d836cb56141f3a29ac3fa9670e662c123586e967f2d5ae1280925c2228edbd,e6a365481dd4a485867c62377ac5bc6dc58b277113ccd207605a0258d5cba306,916434ac8d27a4c889ee754c779d1dfeaf47e29a,32768,,True,31157,31157,False,6,clustered,0.2,0.8,0,6,0,6,0.0,True,False,0,False,31157,843,0.9737,True,688.8543439963832,14,13,budget,False,0,13,0,0,0,0,0,1,1,1,0,0,0,0,0,0,0,0,0,1,0,0,False,0,0,window_violation,
c2_verify_revise__clustered-n6-t20-o80-s10005__cap64000__Qwen-Qwen3-32B-AWQ,c2_verify_revise,clustered-n6-t20-o80-s10005,64000,easy,Qwen/Qwen3-32B-AWQ,10005,29d836cb56141f3a29ac3fa9670e662c123586e967f2d5ae1280925c2228edbd,e6a365481dd4a485867c62377ac5bc6dc58b277113ccd207605a0258d5cba306,916434ac8d27a4c889ee754c779d1dfeaf47e29a,32768,,True,39579,39579,False,6,clustered,0.2,0.8,0,6,0,6,0.0,True,False,0,False,39579,24421,0.6184,False,868.2187006538734,16,15,aborted,False,1,15,0,0,0,0,0,1,1,1,0,0,0,0,0,0,0,0,0,1,0,0,False,13,0,window_violation,
c2_verify_revise__clustered-n6-t20-o80-s10005__cap8000__Qwen-Qwen3-32B-AWQ,c2_verify_revise,clustered-n6-t20-o80-s10005,8000,easy,Qwen/Qwen3-32B-AWQ,10005,29d836cb56141f3a29ac3fa9670e662c123586e967f2d5ae1280925c2228edbd,e6a365481dd4a485867c62377ac5bc6dc58b277113ccd207605a0258d5cba306,916434ac8d27a4c889ee754c779d1dfeaf47e29a,32768,,True,7844,7844,False,6,clustered,0.2,0.8,0,6,0,6,0.0,True,False,0,False,7844,156,0.9805,False,143.8358140680939,8,7,aborted,False,1,7,0,0,0,0,0,1,0,0,0,0,0,0,0,0,0,0,0,0,0,0,False,0,1,,
c2_verify_revise__clustered-n6-t85-o20-s10005__cap16000__Qwen-Qwen3-32B-AWQ,c2_verify_revise,clustered-n6-t85-o20-s10005,16000,medium,Qwen/Qwen3-32B-AWQ,10005,29d836cb56141f3a29ac3fa9670e662c123586e967f2d5ae1280925c2228edbd,e6a365481dd4a485867c62377ac5bc6dc58b277113ccd207605a0258d5cba306,916434ac8d27a4c889ee754c779d1dfeaf47e29a,32768,,True,15844,15844,False,6,clustered,0.85,0.2,1,5,0,5,0.0,True,False,0,False,15844,156,0.9902,False,308.0375568913296,11,10,aborted,False,1,10,0,0,0,0,0,1,1,1,0,0,0,0,0,0,0,0,0,1,0,0,False,0,1,travel_infeasible,
c2_verify_revise__clustered-n6-t85-o20-s10005__cap32000__Qwen-Qwen3-32B-AWQ,c2_verify_revise,clustered-n6-t85-o20-s10005,32000,medium,Qwen/Qwen3-32B-AWQ,10005,29d836cb56141f3a29ac3fa9670e662c123586e967f2d5ae1280925c2228edbd,e6a365481dd4a485867c62377ac5bc6dc58b277113ccd207605a0258d5cba306,916434ac8d27a4c889ee754c779d1dfeaf47e29a,32768,,True,31844,31844,False,6,clustered,0.85,0.2,1,5,0,5,0.0,True,False,0,False,31844,156,0.9951,True,651.2824972653762,15,13,budget,False,0,13,1,0,0,0,0,1,2,2,0,0,0,0,0,0,0,0,0,2,0,0,False,0,1,travel_infeasible;travel_infeasible,
c2_verify_revise__clustered-n6-t85-o20-s10005__cap64000__Qwen-Qwen3-32B-AWQ,c2_verify_revise,clustered-n6-t85-o20-s10005,64000,medium,Qwen/Qwen3-32B-AWQ,10005,29d836cb56141f3a29ac3fa9670e662c123586e967f2d5ae1280925c2228edbd,e6a365481dd4a485867c62377ac5bc6dc58b277113ccd207605a0258d5cba306,916434ac8d27a4c889ee754c779d1dfeaf47e29a,32768,,True,43275,43275,False,6,clustered,0.85,0.2,1,5,0,5,0.0,True,False,0,False,43275,20725,0.6762,False,800.0549335069954,18,13,agent_finish,False,0,13,2,2,0,0,0,1,4,2,2,0,0,0,0,0,0,0,0,4,0,0,False,14,0,travel_infeasible;travel_infeasible;travel_infeasible;travel_infeasible;window_violation,
c2_verify_revise__clustered-n6-t85-o20-s10005__cap8000__Qwen-Qwen3-32B-AWQ,c2_verify_revise,clustered-n6-t85-o20-s10005,8000,medium,Qwen/Qwen3-32B-AWQ,10005,29d836cb56141f3a29ac3fa9670e662c123586e967f2d5ae1280925c2228edbd,e6a365481dd4a485867c62377ac5bc6dc58b277113ccd207605a0258d5cba306,916434ac8d27a4c889ee754c779d1dfeaf47e29a,32768,,True,7329,7329,False,6,clustered,0.85,0.2,1,5,0,5,0.0,True,False,0,False,7329,671,0.9161,True,147.2043454181403,7,6,budget,False,0,6,0,0,0,0,0,1,0,0,0,0,0,0,0,0,0,0,0,0,0,0,False,0,0,,
c2_verify_revise__clustered-n8-t100-o20-s10005__cap16000__Qwen-Qwen3-32B-AWQ,c2_verify_revise,clustered-n8-t100-o20-s10005,16000,hard,Qwen/Qwen3-32B-AWQ,10005,29d836cb56141f3a29ac3fa9670e662c123586e967f2d5ae1280925c2228edbd,e6a365481dd4a485867c62377ac5bc6dc58b277113ccd207605a0258d5cba306,916434ac8d27a4c889ee754c779d1dfeaf47e29a,32768,,True,15844,15844,False,8,clustered,1.0,0.2,9,4,0,4,0.0,True,False,0,False,15844,156,0.9902,False,312.4572431752458,12,11,aborted,False,1,11,0,0,0,0,0,1,0,0,0,0,0,0,0,0,0,0,0,0,0,0,False,0,1,,
c2_verify_revise__clustered-n8-t100-o20-s10005__cap32000__Qwen-Qwen3-32B-AWQ,c2_verify_revise,clustered-n8-t100-o20-s10005,32000,hard,Qwen/Qwen3-32B-AWQ,10005,29d836cb56141f3a29ac3fa9670e662c123586e967f2d5ae1280925c2228edbd,e6a365481dd4a485867c62377ac5bc6dc58b277113ccd207605a0258d5cba306,916434ac8d27a4c889ee754c779d1dfeaf47e29a,32768,,True,31844,31844,False,8,clustered,1.0,0.2,9,4,0,4,0.0,True,False,0,False,31844,156,0.9951,False,624.9476285856217,18,17,aborted,False,1,17,0,0,0,0,0,1,0,0,0,0,0,0,0,0,0,0,0,0,0,0,False,0,1,,
c2_verify_revise__clustered-n8-t100-o20-s10005__cap64000__Qwen-Qwen3-32B-AWQ,c2_verify_revise,clustered-n8-t100-o20-s10005,64000,hard,Qwen/Qwen3-32B-AWQ,10005,29d836cb56141f3a29ac3fa9670e662c123586e967f2d5ae1280925c2228edbd,e6a365481dd4a485867c62377ac5bc6dc58b277113ccd207605a0258d5cba306,916434ac8d27a4c889ee754c779d1dfeaf47e29a,32768,,True,63934,63934,False,8,clustered,1.0,0.2,9,4,4,0,1.0,True,True,4,True,63934,66,0.999,False,1409.254381579347,23,22,aborted,False,1,22,0,0,0,0,0,1,3,3,0,0,0,0,2,0,0,0,0,3,2,1,True,17,1,window_violation,
c2_verify_revise__clustered-n8-t100-o20-s10005__cap8000__Qwen-Qwen3-32B-AWQ,c2_verify_revise,clustered-n8-t100-o20-s10005,8000,hard,Qwen/Qwen3-32B-AWQ,10005,29d836cb56141f3a29ac3fa9670e662c123586e967f2d5ae1280925c2228edbd,e6a365481dd4a485867c62377ac5bc6dc58b277113ccd207605a0258d5cba306,916434ac8d27a4c889ee754c779d1dfeaf47e29a,32768,,True,7844,7844,False,8,clustered,1.0,0.2,9,4,0,4,0.0,True,False,0,False,7844,156,0.9805,False,175.17973469011486,7,6,aborted,False,1,6,0,0,0,0,0,1,0,0,0,0,0,0,0,0,0,0,0,0,0,0,False,0,1,,
c2_verify_revise__clustered-n8-t100-o80-s10005__cap16000__Qwen-Qwen3-32B-AWQ,c2_verify_revise,clustered-n8-t100-o80-s10005,16000,hard,Qwen/Qwen3-32B-AWQ,10005,29d836cb56141f3a29ac3fa9670e662c123586e967f2d5ae1280925c2228edbd,e6a365481dd4a485867c62377ac5bc6dc58b277113ccd207605a0258d5cba306,916434ac8d27a4c889ee754c779d1dfeaf47e29a,32768,,True,15844,15844,False,8,clustered,1.0,0.8,23,2,0,2,0.0,True,False,0,False,15844,156,0.9902,False,314.9468086864799,11,10,aborted,False,1,10,0,0,0,0,0,1,0,0,0,0,0,0,0,0,0,0,0,0,0,0,False,0,1,,
c2_verify_revise__clustered-n8-t100-o80-s10005__cap32000__Qwen-Qwen3-32B-AWQ,c2_verify_revise,clustered-n8-t100-o80-s10005,32000,hard,Qwen/Qwen3-32B-AWQ,10005,29d836cb56141f3a29ac3fa9670e662c123586e967f2d5ae1280925c2228edbd,e6a365481dd4a485867c62377ac5bc6dc58b277113ccd207605a0258d5cba306,916434ac8d27a4c889ee754c779d1dfeaf47e29a,32768,,True,31844,31844,False,8,clustered,1.0,0.8,23,2,0,2,0.0,True,False,0,False,31844,156,0.9951,False,632.788771590218,16,15,aborted,False,1,15,0,0,0,0,0,1,0,0,0,0,0,0,0,0,0,0,0,0,0,0,False,0,1,,
c2_verify_revise__clustered-n8-t100-o80-s10005__cap64000__Qwen-Qwen3-32B-AWQ,c2_verify_revise,clustered-n8-t100-o80-s10005,64000,hard,Qwen/Qwen3-32B-AWQ,10005,29d836cb56141f3a29ac3fa9670e662c123586e967f2d5ae1280925c2228edbd,e6a365481dd4a485867c62377ac5bc6dc58b277113ccd207605a0258d5cba306,916434ac8d27a4c889ee754c779d1dfeaf47e29a,32768,,True,58957,58957,False,8,clustered,1.0,0.8,23,2,2,0,1.0,True,True,2,True,58957,5043,0.9212,False,1185.683938045986,21,16,agent_finish,True,0,16,2,2,0,0,0,1,3,1,2,0,0,0,1,1,0,0,0,3,2,1,True,15,0,overlapping_meeting;window_violation,
c2_verify_revise__clustered-n8-t100-o80-s10005__cap8000__Qwen-Qwen3-32B-AWQ,c2_verify_revise,clustered-n8-t100-o80-s10005,8000,hard,Qwen/Qwen3-32B-AWQ,10005,29d836cb56141f3a29ac3fa9670e662c123586e967f2d5ae1280925c2228edbd,e6a365481dd4a485867c62377ac5bc6dc58b277113ccd207605a0258d5cba306,916434ac8d27a4c889ee754c779d1dfeaf47e29a,32768,,True,7844,7844,False,8,clustered,1.0,0.8,23,2,0,2,0.0,True,False,0,False,7844,156,0.9805,False,152.48388704285026,8,7,aborted,False,1,7,0,0,0,0,0,1,0,0,0,0,0,0,0,0,0,0,0,0,0,0,False,0,1,,
c2_verify_revise__clustered-n8-t20-o20-s10005__cap16000__Qwen-Qwen3-32B-AWQ,c2_verify_revise,clustered-n8-t20-o20-s10005,16000,easy,Qwen/Qwen3-32B-AWQ,10005,29d836cb56141f3a29ac3fa9670e662c123586e967f2d5ae1280925c2228edbd,e6a365481dd4a485867c62377ac5bc6dc58b277113ccd207605a0258d5cba306,916434ac8d27a4c889ee754c779d1dfeaf47e29a,32768,,True,15514,15514,False,8,clustered,0.2,0.2,0,8,0,8,0.0,True,False,0,False,15514,486,0.9696,True,306.7654543342069,11,10,budget,False,0,10,0,0,0,0,0,1,0,0,0,0,0,0,0,0,0,0,0,0,0,0,False,0,0,,
c2_verify_revise__clustered-n8-t20-o20-s10005__cap32000__Qwen-Qwen3-32B-AWQ,c2_verify_revise,clustered-n8-t20-o20-s10005,32000,easy,Qwen/Qwen3-32B-AWQ,10005,29d836cb56141f3a29ac3fa9670e662c123586e967f2d5ae1280925c2228edbd,e6a365481dd4a485867c62377ac5bc6dc58b277113ccd207605a0258d5cba306,916434ac8d27a4c889ee754c779d1dfeaf47e29a,32768,,True,30675,30675,False,8,clustered,0.2,0.2,0,8,4,4,0.5,True,False,4,True,30675,1325,0.9586,True,481.12554213311523,18,17,budget,False,0,17,0,0,0,0,0,1,1,1,0,0,0,0,1,0,0,0,0,1,1,1,True,0,0,,
c2_verify_revise__clustered-n8-t20-o20-s10005__cap64000__Qwen-Qwen3-32B-AWQ,c2_verify_revise,clustered-n8-t20-o20-s10005,64000,easy,Qwen/Qwen3-32B-AWQ,10005,29d836cb56141f3a29ac3fa9670e662c123586e967f2d5ae1280925c2228edbd,e6a365481dd4a485867c62377ac5bc6dc58b277113ccd207605a0258d5cba306,916434ac8d27a4c889ee754c779d1dfeaf47e29a,32768,,True,45005,45005,False,8,clustered,0.2,0.2,0,8,4,4,0.5,True,False,4,True,45005,18995,0.7032,False,613.0677889464423,23,18,agent_finish,False,0,18,2,2,0,0,0,1,3,1,2,0,0,0,1,1,0,0,0,3,2,1,True,18,0,window_violation,
c2_verify_revise__clustered-n8-t20-o20-s10005__cap8000__Qwen-Qwen3-32B-AWQ,c2_verify_revise,clustered-n8-t20-o20-s10005,8000,easy,Qwen/Qwen3-32B-AWQ,10005,29d836cb56141f3a29ac3fa9670e662c123586e967f2d5ae1280925c2228edbd,e6a365481dd4a485867c62377ac5bc6dc58b277113ccd207605a0258d5cba306,916434ac8d27a4c889ee754c779d1dfeaf47e29a,32768,,True,7349,7349,False,8,clustered,0.2,0.2,0,8,0,8,0.0,True,False,0,False,7349,651,0.9186,True,144.32974247820675,7,6,budget,False,0,6,0,0,0,0,0,1,0,0,0,0,0,0,0,0,0,0,0,0,0,0,False,0,0,,
c2_verify_revise__clustered-n8-t85-o20-s10005__cap16000__Qwen-Qwen3-32B-AWQ,c2_verify_revise,clustered-n8-t85-o20-s10005,16000,medium,Qwen/Qwen3-32B-AWQ,10005,29d836cb56141f3a29ac3fa9670e662c123586e967f2d5ae1280925c2228edbd,e6a365481dd4a485867c62377ac5bc6dc58b277113ccd207605a0258d5cba306,916434ac8d27a4c889ee754c779d1dfeaf47e29a,32768,,True,15695,15695,False,8,clustered,0.85,0.2,5,5,0,5,0.0,True,False,0,False,15695,305,0.9809,True,323.6408258145675,11,10,budget,False,0,10,0,0,0,0,0,1,0,0,0,0,0,0,0,0,0,0,0,0,0,0,False,0,0,,
c2_verify_revise__clustered-n8-t85-o20-s10005__cap32000__Qwen-Qwen3-32B-AWQ,c2_verify_revise,clustered-n8-t85-o20-s10005,32000,medium,Qwen/Qwen3-32B-AWQ,10005,29d836cb56141f3a29ac3fa9670e662c123586e967f2d5ae1280925c2228edbd,e6a365481dd4a485867c62377ac5bc6dc58b277113ccd207605a0258d5cba306,916434ac8d27a4c889ee754c779d1dfeaf47e29a,32768,,True,31844,31844,False,8,clustered,0.85,0.2,5,5,0,5,0.0,True,False,0,False,31844,156,0.9951,False,704.6292986553162,15,14,aborted,False,1,14,0,0,0,0,0,1,0,0,0,0,0,0,0,0,0,0,0,0,0,0,False,0,1,,
c2_verify_revise__clustered-n8-t85-o20-s10005__cap64000__Qwen-Qwen3-32B-AWQ,c2_verify_revise,clustered-n8-t85-o20-s10005,64000,medium,Qwen/Qwen3-32B-AWQ,10005,29d836cb56141f3a29ac3fa9670e662c123586e967f2d5ae1280925c2228edbd,e6a365481dd4a485867c62377ac5bc6dc58b277113ccd207605a0258d5cba306,916434ac8d27a4c889ee754c779d1dfeaf47e29a,32768,,True,63844,63844,False,8,clustered,0.85,0.2,5,5,0,5,0.0,True,False,0,False,63844,156,0.9976,False,1314.4134161621332,23,22,aborted,False,1,22,0,0,0,0,0,1,3,3,0,0,0,0,0,0,0,0,0,3,0,0,False,14,1,window_violation;travel_infeasible;window_violation;travel_infeasible;window_violation,
c2_verify_revise__clustered-n8-t85-o20-s10005__cap8000__Qwen-Qwen3-32B-AWQ,c2_verify_revise,clustered-n8-t85-o20-s10005,8000,medium,Qwen/Qwen3-32B-AWQ,10005,29d836cb56141f3a29ac3fa9670e662c123586e967f2d5ae1280925c2228edbd,e6a365481dd4a485867c62377ac5bc6dc58b277113ccd207605a0258d5cba306,916434ac8d27a4c889ee754c779d1dfeaf47e29a,32768,,True,7438,7438,False,8,clustered,0.85,0.2,5,5,0,5,0.0,True,False,0,False,7438,562,0.9297,True,154.7130024228245,7,6,budget,False,0,6,0,0,0,0,0,1,0,0,0,0,0,0,0,0,0,0,0,0,0,0,False,0,0,,
c2_verify_revise__uniform-n4-t100-o20-s10005__cap16000__Qwen-Qwen3-32B-AWQ,c2_verify_revise,uniform-n4-t100-o20-s10005,16000,medium,Qwen/Qwen3-32B-AWQ,10005,29d836cb56141f3a29ac3fa9670e662c123586e967f2d5ae1280925c2228edbd,e6a365481dd4a485867c62377ac5bc6dc58b277113ccd207605a0258d5cba306,916434ac8d27a4c889ee754c779d1dfeaf47e29a,32768,,True,15910,15910,False,4,uniform,1.0,0.2,2,3,3,0,1.0,True,True,3,True,15910,90,0.9944,True,374.8418987374753,10,9,budget,False,0,9,0,0,0,0,0,1,1,1,0,0,0,0,1,0,0,0,0,1,1,1,True,0,1,,
c2_verify_revise__uniform-n4-t100-o20-s10005__cap32000__Qwen-Qwen3-32B-AWQ,c2_verify_revise,uniform-n4-t100-o20-s10005,32000,medium,Qwen/Qwen3-32B-AWQ,10005,29d836cb56141f3a29ac3fa9670e662c123586e967f2d5ae1280925c2228edbd,e6a365481dd4a485867c62377ac5bc6dc58b277113ccd207605a0258d5cba306,916434ac8d27a4c889ee754c779d1dfeaf47e29a,32768,,True,30524,30524,False,4,uniform,1.0,0.2,2,3,3,0,1.0,True,True,3,True,30524,1476,0.9539,True,555.3769521536306,12,10,budget,False,0,10,1,0,0,0,0,1,1,1,0,0,0,0,1,0,0,0,0,1,1,1,True,0,0,,
c2_verify_revise__uniform-n4-t100-o20-s10005__cap64000__Qwen-Qwen3-32B-AWQ,c2_verify_revise,uniform-n4-t100-o20-s10005,64000,medium,Qwen/Qwen3-32B-AWQ,10005,29d836cb56141f3a29ac3fa9670e662c123586e967f2d5ae1280925c2228edbd,e6a365481dd4a485867c62377ac5bc6dc58b277113ccd207605a0258d5cba306,916434ac8d27a4c889ee754c779d1dfeaf47e29a,32768,,True,47535,47535,False,4,uniform,1.0,0.2,2,3,3,0,1.0,True,True,3,True,47535,16465,0.7427,False,616.2354534277692,15,10,agent_finish,False,0,10,2,2,0,0,0,1,3,1,2,0,0,0,1,2,0,0,0,3,3,1,True,12,0,,
c2_verify_revise__uniform-n4-t100-o20-s10005__cap8000__Qwen-Qwen3-32B-AWQ,c2_verify_revise,uniform-n4-t100-o20-s10005,8000,medium,Qwen/Qwen3-32B-AWQ,10005,29d836cb56141f3a29ac3fa9670e662c123586e967f2d5ae1280925c2228edbd,e6a365481dd4a485867c62377ac5bc6dc58b277113ccd207605a0258d5cba306,916434ac8d27a4c889ee754c779d1dfeaf47e29a,32768,,True,7488,7488,False,4,uniform,1.0,0.2,2,3,0,3,0.0,True,False,0,False,7488,512,0.936,True,140.82928101718426,8,7,budget,False,0,7,0,0,0,0,0,1,0,0,0,0,0,0,0,0,0,0,0,0,0,0,False,0,0,,
c2_verify_revise__uniform-n4-t100-o80-s10005__cap16000__Qwen-Qwen3-32B-AWQ,c2_verify_revise,uniform-n4-t100-o80-s10005,16000,medium,Qwen/Qwen3-32B-AWQ,10005,29d836cb56141f3a29ac3fa9670e662c123586e967f2d5ae1280925c2228edbd,e6a365481dd4a485867c62377ac5bc6dc58b277113ccd207605a0258d5cba306,916434ac8d27a4c889ee754c779d1dfeaf47e29a,32768,,True,15844,15844,False,4,uniform,1.0,0.8,6,1,0,1,0.0,True,False,0,False,15844,156,0.9902,False,361.9724644580856,10,9,aborted,False,1,9,0,0,0,0,0,1,0,0,0,0,0,0,0,0,0,0,0,0,0,0,False,0,1,,
c2_verify_revise__uniform-n4-t100-o80-s10005__cap32000__Qwen-Qwen3-32B-AWQ,c2_verify_revise,uniform-n4-t100-o80-s10005,32000,medium,Qwen/Qwen3-32B-AWQ,10005,29d836cb56141f3a29ac3fa9670e662c123586e967f2d5ae1280925c2228edbd,e6a365481dd4a485867c62377ac5bc6dc58b277113ccd207605a0258d5cba306,916434ac8d27a4c889ee754c779d1dfeaf47e29a,32768,,True,31844,31844,False,4,uniform,1.0,0.8,6,1,0,1,0.0,True,False,0,False,31844,156,0.9951,False,815.9947944357991,12,11,aborted,False,1,11,0,0,0,0,0,1,1,1,0,0,0,0,0,0,0,0,0,1,0,0,False,0,1,travel_infeasible,
c2_verify_revise__uniform-n4-t100-o80-s10005__cap64000__Qwen-Qwen3-32B-AWQ,c2_verify_revise,uniform-n4-t100-o80-s10005,64000,medium,Qwen/Qwen3-32B-AWQ,10005,29d836cb56141f3a29ac3fa9670e662c123586e967f2d5ae1280925c2228edbd,e6a365481dd4a485867c62377ac5bc6dc58b277113ccd207605a0258d5cba306,916434ac8d27a4c889ee754c779d1dfeaf47e29a,32768,,True,63064,63064,False,4,uniform,1.0,0.8,6,1,1,0,1.0,True,True,1,True,63064,936,0.9854,True,1668.417307897471,16,12,budget,True,0,12,2,1,0,0,0,1,2,1,1,0,0,0,0,1,0,0,0,2,1,1,True,11,0,travel_infeasible,
c2_verify_revise__uniform-n4-t100-o80-s10005__cap8000__Qwen-Qwen3-32B-AWQ,c2_verify_revise,uniform-n4-t100-o80-s10005,8000,medium,Qwen/Qwen3-32B-AWQ,10005,29d836cb56141f3a29ac3fa9670e662c123586e967f2d5ae1280925c2228edbd,e6a365481dd4a485867c62377ac5bc6dc58b277113ccd207605a0258d5cba306,916434ac8d27a4c889ee754c779d1dfeaf47e29a,32768,,True,7844,7844,False,4,uniform,1.0,0.8,6,1,0,1,0.0,True,False,0,False,7844,156,0.9805,False,137.71798966638744,9,8,aborted,False,1,8,0,0,0,0,0,1,0,0,0,0,0,0,0,0,0,0,0,0,0,0,False,0,1,,
c2_verify_revise__uniform-n4-t20-o20-s10005__cap16000__Qwen-Qwen3-32B-AWQ,c2_verify_revise,uniform-n4-t20-o20-s10005,16000,easy,Qwen/Qwen3-32B-AWQ,10005,29d836cb56141f3a29ac3fa9670e662c123586e967f2d5ae1280925c2228edbd,e6a365481dd4a485867c62377ac5bc6dc58b277113ccd207605a0258d5cba306,916434ac8d27a4c889ee754c779d1dfeaf47e29a,32768,,True,15844,15844,False,4,uniform,0.2,0.2,0,4,0,4,0.0,True,False,0,False,15844,156,0.9902,False,311.245159634389,10,7,agent_finish,False,0,7,1,1,0,0,0,1,0,0,0,0,0,0,0,0,0,0,0,0,0,0,False,0,1,,
c2_verify_revise__uniform-n4-t20-o20-s10005__cap32000__Qwen-Qwen3-32B-AWQ,c2_verify_revise,uniform-n4-t20-o20-s10005,32000,easy,Qwen/Qwen3-32B-AWQ,10005,29d836cb56141f3a29ac3fa9670e662c123586e967f2d5ae1280925c2228edbd,e6a365481dd4a485867c62377ac5bc6dc58b277113ccd207605a0258d5cba306,916434ac8d27a4c889ee754c779d1dfeaf47e29a,32768,,True,20395,20395,False,4,uniform,0.2,0.2,0,4,0,4,0.0,True,False,0,False,20395,11605,0.6373,False,335.8588271550834,12,7,agent_finish,False,0,7,2,2,0,0,0,1,2,0,2,0,0,0,0,0,0,0,0,2,0,0,False,0,0,travel_infeasible;travel_infeasible,
c2_verify_revise__uniform-n4-t20-o20-s10005__cap64000__Qwen-Qwen3-32B-AWQ,c2_verify_revise,uniform-n4-t20-o20-s10005,64000,easy,Qwen/Qwen3-32B-AWQ,10005,29d836cb56141f3a29ac3fa9670e662c123586e967f2d5ae1280925c2228edbd,e6a365481dd4a485867c62377ac5bc6dc58b277113ccd207605a0258d5cba306,916434ac8d27a4c889ee754c779d1dfeaf47e29a,32768,,True,20395,20395,False,4,uniform,0.2,0.2,0,4,0,4,0.0,True,False,0,False,20395,43605,0.3187,False,336.0980182290077,12,7,agent_finish,False,0,7,2,2,0,0,0,1,2,0,2,0,0,0,0,0,0,0,0,2,0,0,False,12,0,travel_infeasible;travel_infeasible,
c2_verify_revise__uniform-n4-t20-o20-s10005__cap8000__Qwen-Qwen3-32B-AWQ,c2_verify_revise,uniform-n4-t20-o20-s10005,8000,easy,Qwen/Qwen3-32B-AWQ,10005,29d836cb56141f3a29ac3fa9670e662c123586e967f2d5ae1280925c2228edbd,e6a365481dd4a485867c62377ac5bc6dc58b277113ccd207605a0258d5cba306,916434ac8d27a4c889ee754c779d1dfeaf47e29a,32768,,True,7844,7844,False,4,uniform,0.2,0.2,0,4,0,4,0.0,True,False,0,False,7844,156,0.9805,False,162.3833279069513,7,6,aborted,False,1,6,0,0,0,0,0,1,0,0,0,0,0,0,0,0,0,0,0,0,0,0,False,0,1,,
c2_verify_revise__uniform-n4-t20-o80-s10005__cap16000__Qwen-Qwen3-32B-AWQ,c2_verify_revise,uniform-n4-t20-o80-s10005,16000,easy,Qwen/Qwen3-32B-AWQ,10005,29d836cb56141f3a29ac3fa9670e662c123586e967f2d5ae1280925c2228edbd,e6a365481dd4a485867c62377ac5bc6dc58b277113ccd207605a0258d5cba306,916434ac8d27a4c889ee754c779d1dfeaf47e29a,32768,,True,15844,15844,False,4,uniform,0.2,0.8,0,4,0,4,0.0,True,False,0,False,15844,156,0.9902,False,344.9063618341461,11,10,aborted,False,1,10,0,0,0,0,0,1,1,1,0,0,0,0,0,0,0,0,0,1,0,0,False,0,1,travel_infeasible,
c2_verify_revise__uniform-n4-t20-o80-s10005__cap32000__Qwen-Qwen3-32B-AWQ,c2_verify_revise,uniform-n4-t20-o80-s10005,32000,easy,Qwen/Qwen3-32B-AWQ,10005,29d836cb56141f3a29ac3fa9670e662c123586e967f2d5ae1280925c2228edbd,e6a365481dd4a485867c62377ac5bc6dc58b277113ccd207605a0258d5cba306,916434ac8d27a4c889ee754c779d1dfeaf47e29a,32768,,True,30943,30943,False,4,uniform,0.2,0.8,0,4,4,0,1.0,True,True,4,True,30943,1057,0.967,True,598.1508948281407,17,14,budget,True,0,14,1,1,0,0,0,1,3,2,1,0,0,0,1,1,0,0,0,3,2,1,True,0,0,travel_infeasible,
c2_verify_revise__uniform-n4-t20-o80-s10005__cap64000__Qwen-Qwen3-32B-AWQ,c2_verify_revise,uniform-n4-t20-o80-s10005,64000,easy,Qwen/Qwen3-32B-AWQ,10005,29d836cb56141f3a29ac3fa9670e662c123586e967f2d5ae1280925c2228edbd,e6a365481dd4a485867c62377ac5bc6dc58b277113ccd207605a0258d5cba306,916434ac8d27a4c889ee754c779d1dfeaf47e29a,32768,,True,36036,36036,False,4,uniform,0.2,0.8,0,4,4,0,1.0,True,True,4,True,36036,27964,0.5631,False,634.9100844422355,19,14,agent_finish,True,0,14,2,2,0,0,0,1,4,2,2,0,0,0,1,2,0,0,0,4,3,1,True,17,0,travel_infeasible,
c2_verify_revise__uniform-n4-t20-o80-s10005__cap8000__Qwen-Qwen3-32B-AWQ,c2_verify_revise,uniform-n4-t20-o80-s10005,8000,easy,Qwen/Qwen3-32B-AWQ,10005,29d836cb56141f3a29ac3fa9670e662c123586e967f2d5ae1280925c2228edbd,e6a365481dd4a485867c62377ac5bc6dc58b277113ccd207605a0258d5cba306,916434ac8d27a4c889ee754c779d1dfeaf47e29a,32768,,True,7219,7219,False,4,uniform,0.2,0.8,0,4,0,4,0.0,True,False,0,False,7219,781,0.9024,True,132.43351073469967,8,7,budget,False,0,7,0,0,0,0,0,1,0,0,0,0,0,0,0,0,0,0,0,0,0,0,False,0,0,,
c2_verify_revise__uniform-n6-t100-o20-s10005__cap16000__Qwen-Qwen3-32B-AWQ,c2_verify_revise,uniform-n6-t100-o20-s10005,16000,medium,Qwen/Qwen3-32B-AWQ,10005,29d836cb56141f3a29ac3fa9670e662c123586e967f2d5ae1280925c2228edbd,e6a365481dd4a485867c62377ac5bc6dc58b277113ccd207605a0258d5cba306,916434ac8d27a4c889ee754c779d1dfeaf47e29a,32768,,True,15844,15844,False,6,uniform,1.0,0.2,5,3,0,3,0.0,True,False,0,False,15844,156,0.9902,False,344.51253681257367,10,9,aborted,False,1,9,0,0,0,0,0,1,0,0,0,0,0,0,0,0,0,0,0,0,0,0,False,0,1,,
c2_verify_revise__uniform-n6-t100-o20-s10005__cap32000__Qwen-Qwen3-32B-AWQ,c2_verify_revise,uniform-n6-t100-o20-s10005,32000,medium,Qwen/Qwen3-32B-AWQ,10005,29d836cb56141f3a29ac3fa9670e662c123586e967f2d5ae1280925c2228edbd,e6a365481dd4a485867c62377ac5bc6dc58b277113ccd207605a0258d5cba306,916434ac8d27a4c889ee754c779d1dfeaf47e29a,32768,,True,31912,31912,False,6,uniform,1.0,0.2,5,3,3,0,1.0,True,True,3,True,31912,88,0.9972,False,663.6166345598176,15,14,aborted,False,1,14,0,0,0,0,0,1,2,2,0,0,0,0,1,0,0,0,0,2,1,1,True,0,1,window_violation,
c2_verify_revise__uniform-n6-t100-o20-s10005__cap64000__Qwen-Qwen3-32B-AWQ,c2_verify_revise,uniform-n6-t100-o20-s10005,64000,medium,Qwen/Qwen3-32B-AWQ,10005,29d836cb56141f3a29ac3fa9670e662c123586e967f2d5ae1280925c2228edbd,e6a365481dd4a485867c62377ac5bc6dc58b277113ccd207605a0258d5cba306,916434ac8d27a4c889ee754c779d1dfeaf47e29a,32768,,True,51969,51969,False,6,uniform,1.0,0.2,5,3,3,0,1.0,True,True,3,True,51969,12031,0.812,False,977.7963596563786,20,15,agent_finish,False,0,15,2,2,0,0,0,1,4,2,2,0,0,0,1,2,0,0,0,4,3,1,True,14,0,window_violation,
c2_verify_revise__uniform-n6-t100-o20-s10005__cap8000__Qwen-Qwen3-32B-AWQ,c2_verify_revise,uniform-n6-t100-o20-s10005,8000,medium,Qwen/Qwen3-32B-AWQ,10005,29d836cb56141f3a29ac3fa9670e662c123586e967f2d5ae1280925c2228edbd,e6a365481dd4a485867c62377ac5bc6dc58b277113ccd207605a0258d5cba306,916434ac8d27a4c889ee754c779d1dfeaf47e29a,32768,,True,7844,7844,False,6,uniform,1.0,0.2,5,3,0,3,0.0,True,False,0,False,7844,156,0.9805,False,141.55638399813324,8,7,aborted,False,1,7,0,0,0,0,0,1,0,0,0,0,0,0,0,0,0,0,0,0,0,0,False,0,1,,
c2_verify_revise__uniform-n6-t100-o20-s10006__cap16000__Qwen-Qwen3-32B-AWQ,c2_verify_revise,uniform-n6-t100-o20-s10006,16000,hard,Qwen/Qwen3-32B-AWQ,10006,29d836cb56141f3a29ac3fa9670e662c123586e967f2d5ae1280925c2228edbd,e6a365481dd4a485867c62377ac5bc6dc58b277113ccd207605a0258d5cba306,916434ac8d27a4c889ee754c779d1dfeaf47e29a,32768,,True,15844,15844,False,6,uniform,1.0,0.2,7,3,0,3,0.0,True,False,0,False,15844,156,0.9902,False,309.80028259940445,11,10,aborted,False,1,10,0,0,0,0,0,1,0,0,0,0,0,0,0,0,0,0,0,0,0,0,False,0,1,,
c2_verify_revise__uniform-n6-t100-o20-s10006__cap32000__Qwen-Qwen3-32B-AWQ,c2_verify_revise,uniform-n6-t100-o20-s10006,32000,hard,Qwen/Qwen3-32B-AWQ,10006,29d836cb56141f3a29ac3fa9670e662c123586e967f2d5ae1280925c2228edbd,e6a365481dd4a485867c62377ac5bc6dc58b277113ccd207605a0258d5cba306,916434ac8d27a4c889ee754c779d1dfeaf47e29a,32768,,True,31826,31826,False,6,uniform,1.0,0.2,7,3,0,3,0.0,True,False,0,False,31826,174,0.9946,True,748.4276512954384,13,12,budget,False,0,12,0,0,0,0,0,1,0,0,0,0,0,0,0,0,0,0,0,0,0,0,False,0,0,,
c2_verify_revise__uniform-n6-t100-o20-s10006__cap64000__Qwen-Qwen3-32B-AWQ,c2_verify_revise,uniform-n6-t100-o20-s10006,64000,hard,Qwen/Qwen3-32B-AWQ,10006,29d836cb56141f3a29ac3fa9670e662c123586e967f2d5ae1280925c2228edbd,e6a365481dd4a485867c62377ac5bc6dc58b277113ccd207605a0258d5cba306,916434ac8d27a4c889ee754c779d1dfeaf47e29a,32768,,True,50528,50528,False,6,uniform,1.0,0.2,7,3,0,3,0.0,True,False,0,False,50528,13472,0.7895,False,969.451601754874,20,15,agent_finish,False,0,15,2,2,0,0,0,1,4,2,2,0,0,0,0,0,0,0,0,4,0,0,False,15,0,travel_infeasible;window_violation;travel_infeasible;travel_infeasible;window_violation;travel_infeasible,
c2_verify_revise__uniform-n6-t100-o20-s10006__cap8000__Qwen-Qwen3-32B-AWQ,c2_verify_revise,uniform-n6-t100-o20-s10006,8000,hard,Qwen/Qwen3-32B-AWQ,10006,29d836cb56141f3a29ac3fa9670e662c123586e967f2d5ae1280925c2228edbd,e6a365481dd4a485867c62377ac5bc6dc58b277113ccd207605a0258d5cba306,916434ac8d27a4c889ee754c779d1dfeaf47e29a,32768,,True,7563,7563,False,6,uniform,1.0,0.2,7,3,0,3,0.0,True,False,0,False,7563,437,0.9454,True,155.2905309004709,7,6,budget,False,0,6,0,0,0,0,0,1,0,0,0,0,0,0,0,0,0,0,0,0,0,0,False,0,0,,
c2_verify_revise__uniform-n6-t100-o80-s10005__cap16000__Qwen-Qwen3-32B-AWQ,c2_verify_revise,uniform-n6-t100-o80-s10005,16000,hard,Qwen/Qwen3-32B-AWQ,10005,29d836cb56141f3a29ac3fa9670e662c123586e967f2d5ae1280925c2228edbd,e6a365481dd4a485867c62377ac5bc6dc58b277113ccd207605a0258d5cba306,916434ac8d27a4c889ee754c779d1dfeaf47e29a,32768,,True,15844,15844,False,6,uniform,1.0,0.8,15,1,0,1,0.0,True,False,0,False,15844,156,0.9902,False,360.6927482187748,9,8,aborted,False,1,8,0,0,0,0,0,1,0,0,0,0,0,0,0,0,0,0,0,0,0,0,False,0,1,,
c2_verify_revise__uniform-n6-t100-o80-s10005__cap32000__Qwen-Qwen3-32B-AWQ,c2_verify_revise,uniform-n6-t100-o80-s10005,32000,hard,Qwen/Qwen3-32B-AWQ,10005,29d836cb56141f3a29ac3fa9670e662c123586e967f2d5ae1280925c2228edbd,e6a365481dd4a485867c62377ac5bc6dc58b277113ccd207605a0258d5cba306,916434ac8d27a4c889ee754c779d1dfeaf47e29a,32768,,True,31844,31844,False,6,uniform,1.0,0.8,15,1,0,1,0.0,True,False,0,False,31844,156,0.9951,False,655.0643686158583,15,14,aborted,False,1,14,0,0,0,0,0,1,1,1,0,0,0,0,0,0,0,0,0,1,0,0,False,0,1,travel_infeasible;window_violation,
c2_verify_revise__uniform-n6-t100-o80-s10005__cap64000__Qwen-Qwen3-32B-AWQ,c2_verify_revise,uniform-n6-t100-o80-s10005,64000,hard,Qwen/Qwen3-32B-AWQ,10005,29d836cb56141f3a29ac3fa9670e662c123586e967f2d5ae1280925c2228edbd,e6a365481dd4a485867c62377ac5bc6dc58b277113ccd207605a0258d5cba306,916434ac8d27a4c889ee754c779d1dfeaf47e29a,32768,,True,58467,58467,False,6,uniform,1.0,0.8,15,1,1,0,1.0,True,True,1,True,58467,5533,0.9135,False,1192.3834757730365,20,15,agent_finish,True,0,15,2,2,0,0,0,1,4,2,2,0,0,0,1,2,0,0,0,4,3,1,True,14,0,travel_infeasible;window_violation,
c2_verify_revise__uniform-n6-t100-o80-s10005__cap8000__Qwen-Qwen3-32B-AWQ,c2_verify_revise,uniform-n6-t100-o80-s10005,8000,hard,Qwen/Qwen3-32B-AWQ,10005,29d836cb56141f3a29ac3fa9670e662c123586e967f2d5ae1280925c2228edbd,e6a365481dd4a485867c62377ac5bc6dc58b277113ccd207605a0258d5cba306,916434ac8d27a4c889ee754c779d1dfeaf47e29a,32768,,True,7310,7310,False,6,uniform,1.0,0.8,15,1,0,1,0.0,True,False,0,False,7310,690,0.9137,True,145.4464108608663,7,6,budget,False,0,6,0,0,0,0,0,1,0,0,0,0,0,0,0,0,0,0,0,0,0,0,False,0,0,,
c2_verify_revise__uniform-n6-t100-o80-s10006__cap16000__Qwen-Qwen3-32B-AWQ,c2_verify_revise,uniform-n6-t100-o80-s10006,16000,hard,Qwen/Qwen3-32B-AWQ,10006,29d836cb56141f3a29ac3fa9670e662c123586e967f2d5ae1280925c2228edbd,e6a365481dd4a485867c62377ac5bc6dc58b277113ccd207605a0258d5cba306,916434ac8d27a4c889ee754c779d1dfeaf47e29a,32768,,True,15844,15844,False,6,uniform,1.0,0.8,14,2,0,2,0.0,True,False,0,False,15844,156,0.9902,False,306.1204195935279,11,10,aborted,False,1,10,0,0,0,0,0,1,0,0,0,0,0,0,0,0,0,0,0,0,0,0,False,0,1,,
c2_verify_revise__uniform-n6-t100-o80-s10006__cap32000__Qwen-Qwen3-32B-AWQ,c2_verify_revise,uniform-n6-t100-o80-s10006,32000,hard,Qwen/Qwen3-32B-AWQ,10006,29d836cb56141f3a29ac3fa9670e662c123586e967f2d5ae1280925c2228edbd,e6a365481dd4a485867c62377ac5bc6dc58b277113ccd207605a0258d5cba306,916434ac8d27a4c889ee754c779d1dfeaf47e29a,32768,,True,31844,31844,False,6,uniform,1.0,0.8,14,2,0,2,0.0,True,False,0,False,31844,156,0.9951,False,732.883638526313,13,12,aborted,False,1,12,0,0,0,0,0,1,0,0,0,0,0,0,0,0,0,0,0,0,0,0,False,0,1,,
c2_verify_revise__uniform-n6-t100-o80-s10006__cap64000__Qwen-Qwen3-32B-AWQ,c2_verify_revise,uniform-n6-t100-o80-s10006,64000,hard,Qwen/Qwen3-32B-AWQ,10006,29d836cb56141f3a29ac3fa9670e662c123586e967f2d5ae1280925c2228edbd,e6a365481dd4a485867c62377ac5bc6dc58b277113ccd207605a0258d5cba306,916434ac8d27a4c889ee754c779d1dfeaf47e29a,32768,,True,53545,53545,False,6,uniform,1.0,0.8,14,2,0,2,0.0,True,False,0,False,53545,10455,0.8366,False,1103.0220175357535,19,14,agent_finish,False,0,14,2,2,0,0,0,1,3,1,2,0,0,0,0,0,0,0,0,3,0,0,False,14,0,travel_infeasible;window_violation;window_violation;travel_infeasible;window_violation,
c2_verify_revise__uniform-n6-t100-o80-s10006__cap8000__Qwen-Qwen3-32B-AWQ,c2_verify_revise,uniform-n6-t100-o80-s10006,8000,hard,Qwen/Qwen3-32B-AWQ,10006,29d836cb56141f3a29ac3fa9670e662c123586e967f2d5ae1280925c2228edbd,e6a365481dd4a485867c62377ac5bc6dc58b277113ccd207605a0258d5cba306,916434ac8d27a4c889ee754c779d1dfeaf47e29a,32768,,True,7844,7844,False,6,uniform,1.0,0.8,14,2,0,2,0.0,True,False,0,False,7844,156,0.9805,False,115.40959344711155,9,8,aborted,False,1,8,0,0,0,0,0,1,0,0,0,0,0,0,0,0,0,0,0,0,0,0,False,0,1,,
c2_verify_revise__uniform-n6-t20-o20-s10005__cap16000__Qwen-Qwen3-32B-AWQ,c2_verify_revise,uniform-n6-t20-o20-s10005,16000,easy,Qwen/Qwen3-32B-AWQ,10005,29d836cb56141f3a29ac3fa9670e662c123586e967f2d5ae1280925c2228edbd,e6a365481dd4a485867c62377ac5bc6dc58b277113ccd207605a0258d5cba306,916434ac8d27a4c889ee754c779d1dfeaf47e29a,32768,,True,15844,15844,False,6,uniform,0.2,0.2,0,6,0,6,0.0,True,False,0,False,15844,156,0.9902,False,268.7391930613667,13,12,aborted,False,1,12,0,0,0,0,0,1,0,0,0,0,0,0,0,0,0,0,0,0,0,0,False,0,1,,
c2_verify_revise__uniform-n6-t20-o20-s10005__cap32000__Qwen-Qwen3-32B-AWQ,c2_verify_revise,uniform-n6-t20-o20-s10005,32000,easy,Qwen/Qwen3-32B-AWQ,10005,29d836cb56141f3a29ac3fa9670e662c123586e967f2d5ae1280925c2228edbd,e6a365481dd4a485867c62377ac5bc6dc58b277113ccd207605a0258d5cba306,916434ac8d27a4c889ee754c779d1dfeaf47e29a,32768,,True,29243,29243,False,6,uniform,0.2,0.2,0,6,5,1,0.8333333333333334,True,False,5,True,29243,2757,0.9138,False,446.4686385281384,18,13,agent_finish,True,0,13,2,2,0,0,0,1,3,1,2,0,0,0,0,2,0,0,0,3,2,1,True,0,0,travel_infeasible,
c2_verify_revise__uniform-n6-t20-o20-s10005__cap64000__Qwen-Qwen3-32B-AWQ,c2_verify_revise,uniform-n6-t20-o20-s10005,64000,easy,Qwen/Qwen3-32B-AWQ,10005,29d836cb56141f3a29ac3fa9670e662c123586e967f2d5ae1280925c2228edbd,e6a365481dd4a485867c62377ac5bc6dc58b277113ccd207605a0258d5cba306,916434ac8d27a4c889ee754c779d1dfeaf47e29a,32768,,True,29243,29243,False,6,uniform,0.2,0.2,0,6,5,1,0.8333333333333334,True,False,5,True,29243,34757,0.4569,False,445.2971098674461,18,13,agent_finish,True,0,13,2,2,0,0,0,1,3,1,2,0,0,0,0,2,0,0,0,3,2,1,True,18,0,travel_infeasible,
c2_verify_revise__uniform-n6-t20-o20-s10005__cap8000__Qwen-Qwen3-32B-AWQ,c2_verify_revise,uniform-n6-t20-o20-s10005,8000,easy,Qwen/Qwen3-32B-AWQ,10005,29d836cb56141f3a29ac3fa9670e662c123586e967f2d5ae1280925c2228edbd,e6a365481dd4a485867c62377ac5bc6dc58b277113ccd207605a0258d5cba306,916434ac8d27a4c889ee754c779d1dfeaf47e29a,32768,,True,7806,7806,False,6,uniform,0.2,0.2,0,6,0,6,0.0,True,False,0,False,7806,194,0.9758,True,140.42136833816767,8,7,budget,False,0,7,0,0,0,0,0,1,0,0,0,0,0,0,0,0,0,0,0,0,0,0,False,0,0,,
c2_verify_revise__uniform-n6-t20-o80-s10005__cap16000__Qwen-Qwen3-32B-AWQ,c2_verify_revise,uniform-n6-t20-o80-s10005,16000,easy,Qwen/Qwen3-32B-AWQ,10005,29d836cb56141f3a29ac3fa9670e662c123586e967f2d5ae1280925c2228edbd,e6a365481dd4a485867c62377ac5bc6dc58b277113ccd207605a0258d5cba306,916434ac8d27a4c889ee754c779d1dfeaf47e29a,32768,,True,15844,15844,False,6,uniform,0.2,0.8,0,6,0,6,0.0,True,False,0,False,15844,156,0.9902,False,218.65554632339627,13,12,aborted,False,1,12,0,0,0,0,0,1,0,0,0,0,0,0,0,0,0,0,0,0,0,0,False,0,1,,
c2_verify_revise__uniform-n6-t20-o80-s10005__cap32000__Qwen-Qwen3-32B-AWQ,c2_verify_revise,uniform-n6-t20-o80-s10005,32000,easy,Qwen/Qwen3-32B-AWQ,10005,29d836cb56141f3a29ac3fa9670e662c123586e967f2d5ae1280925c2228edbd,e6a365481dd4a485867c62377ac5bc6dc58b277113ccd207605a0258d5cba306,916434ac8d27a4c889ee754c779d1dfeaf47e29a,32768,,True,31603,31603,False,6,uniform,0.2,0.8,0,6,5,1,0.8333333333333334,True,False,5,True,31603,397,0.9876,True,440.3996753068641,18,14,budget,False,0,14,2,1,0,0,0,1,2,1,1,0,0,0,0,1,0,0,0,2,1,1,True,0,0,travel_infeasible,
c2_verify_revise__uniform-n6-t20-o80-s10005__cap64000__Qwen-Qwen3-32B-AWQ,c2_verify_revise,uniform-n6-t20-o80-s10005,64000,easy,Qwen/Qwen3-32B-AWQ,10005,29d836cb56141f3a29ac3fa9670e662c123586e967f2d5ae1280925c2228edbd,e6a365481dd4a485867c62377ac5bc6dc58b277113ccd207605a0258d5cba306,916434ac8d27a4c889ee754c779d1dfeaf47e29a,32768,,True,34427,34427,False,6,uniform,0.2,0.8,0,6,5,1,0.8333333333333334,True,False,5,True,34427,29573,0.5379,False,446.72210652567446,19,14,agent_finish,False,0,14,2,2,0,0,0,1,3,1,2,0,0,0,0,2,0,0,0,3,2,1,True,17,0,travel_infeasible,
c2_verify_revise__uniform-n6-t20-o80-s10005__cap8000__Qwen-Qwen3-32B-AWQ,c2_verify_revise,uniform-n6-t20-o80-s10005,8000,easy,Qwen/Qwen3-32B-AWQ,10005,29d836cb56141f3a29ac3fa9670e662c123586e967f2d5ae1280925c2228edbd,e6a365481dd4a485867c62377ac5bc6dc58b277113ccd207605a0258d5cba306,916434ac8d27a4c889ee754c779d1dfeaf47e29a,32768,,True,7640,7640,False,6,uniform,0.2,0.8,0,6,0,6,0.0,True,False,0,False,7640,360,0.955,True,124.48194267693907,8,7,budget,False,0,7,0,0,0,0,0,1,0,0,0,0,0,0,0,0,0,0,0,0,0,0,False,0,0,,
c2_verify_revise__uniform-n6-t85-o20-s10005__cap16000__Qwen-Qwen3-32B-AWQ,c2_verify_revise,uniform-n6-t85-o20-s10005,16000,medium,Qwen/Qwen3-32B-AWQ,10005,29d836cb56141f3a29ac3fa9670e662c123586e967f2d5ae1280925c2228edbd,e6a365481dd4a485867c62377ac5bc6dc58b277113ccd207605a0258d5cba306,916434ac8d27a4c889ee754c779d1dfeaf47e29a,32768,,True,15522,15522,False,6,uniform,0.85,0.2,2,4,0,4,0.0,True,False,0,False,15522,478,0.9701,True,297.69237624201924,11,10,budget,False,0,10,0,0,0,0,0,1,1,1,0,0,0,0,0,0,0,0,0,1,0,0,False,0,0,travel_infeasible,
c2_verify_revise__uniform-n6-t85-o20-s10005__cap32000__Qwen-Qwen3-32B-AWQ,c2_verify_revise,uniform-n6-t85-o20-s10005,32000,medium,Qwen/Qwen3-32B-AWQ,10005,29d836cb56141f3a29ac3fa9670e662c123586e967f2d5ae1280925c2228edbd,e6a365481dd4a485867c62377ac5bc6dc58b277113ccd207605a0258d5cba306,916434ac8d27a4c889ee754c779d1dfeaf47e29a,32768,,True,31844,31844,False,6,uniform,0.85,0.2,2,4,0,4,0.0,True,False,0,False,31844,156,0.9951,False,604.6959096742794,16,15,aborted,False,1,15,0,0,0,0,0,1,1,1,0,0,0,0,0,0,0,0,0,1,0,0,False,0,1,travel_infeasible,
c2_verify_revise__uniform-n6-t85-o20-s10005__cap64000__Qwen-Qwen3-32B-AWQ,c2_verify_revise,uniform-n6-t85-o20-s10005,64000,medium,Qwen/Qwen3-32B-AWQ,10005,29d836cb56141f3a29ac3fa9670e662c123586e967f2d5ae1280925c2228edbd,e6a365481dd4a485867c62377ac5bc6dc58b277113ccd207605a0258d5cba306,916434ac8d27a4c889ee754c779d1dfeaf47e29a,32768,,True,50106,50106,False,6,uniform,0.85,0.2,2,4,4,0,1.0,True,True,4,True,50106,13894,0.7829,False,836.2450535567477,21,16,agent_finish,False,0,16,2,2,0,0,0,1,4,2,2,0,0,0,0,2,0,0,0,4,2,1,True,15,0,travel_infeasible;travel_infeasible,
c2_verify_revise__uniform-n6-t85-o20-s10005__cap8000__Qwen-Qwen3-32B-AWQ,c2_verify_revise,uniform-n6-t85-o20-s10005,8000,medium,Qwen/Qwen3-32B-AWQ,10005,29d836cb56141f3a29ac3fa9670e662c123586e967f2d5ae1280925c2228edbd,e6a365481dd4a485867c62377ac5bc6dc58b277113ccd207605a0258d5cba306,916434ac8d27a4c889ee754c779d1dfeaf47e29a,32768,,True,7329,7329,False,6,uniform,0.85,0.2,2,4,0,4,0.0,True,False,0,False,7329,671,0.9161,True,145.27109133824706,7,6,budget,False,0,6,0,0,0,0,0,1,0,0,0,0,0,0,0,0,0,0,0,0,0,0,False,0,0,,
c2_verify_revise__uniform-n8-t100-o20-s10005__cap16000__Qwen-Qwen3-32B-AWQ,c2_verify_revise,uniform-n8-t100-o20-s10005,16000,hard,Qwen/Qwen3-32B-AWQ,10005,29d836cb56141f3a29ac3fa9670e662c123586e967f2d5ae1280925c2228edbd,e6a365481dd4a485867c62377ac5bc6dc58b277113ccd207605a0258d5cba306,916434ac8d27a4c889ee754c779d1dfeaf47e29a,32768,,True,15844,15844,False,8,uniform,1.0,0.2,10,4,0,4,0.0,True,False,0,False,15844,156,0.9902,False,317.2195505835116,12,11,aborted,False,1,11,0,0,0,0,0,1,0,0,0,0,0,0,0,0,0,0,0,0,0,0,False,0,1,,
c2_verify_revise__uniform-n8-t100-o20-s10005__cap32000__Qwen-Qwen3-32B-AWQ,c2_verify_revise,uniform-n8-t100-o20-s10005,32000,hard,Qwen/Qwen3-32B-AWQ,10005,29d836cb56141f3a29ac3fa9670e662c123586e967f2d5ae1280925c2228edbd,e6a365481dd4a485867c62377ac5bc6dc58b277113ccd207605a0258d5cba306,916434ac8d27a4c889ee754c779d1dfeaf47e29a,32768,,True,31844,31844,False,8,uniform,1.0,0.2,10,4,0,4,0.0,True,False,0,False,31844,156,0.9951,False,608.6539556551725,19,18,aborted,False,1,18,0,0,0,0,0,1,0,0,0,0,0,0,0,0,0,0,0,0,0,0,False,0,1,,
c2_verify_revise__uniform-n8-t100-o20-s10005__cap64000__Qwen-Qwen3-32B-AWQ,c2_verify_revise,uniform-n8-t100-o20-s10005,64000,hard,Qwen/Qwen3-32B-AWQ,10005,29d836cb56141f3a29ac3fa9670e662c123586e967f2d5ae1280925c2228edbd,e6a365481dd4a485867c62377ac5bc6dc58b277113ccd207605a0258d5cba306,916434ac8d27a4c889ee754c779d1dfeaf47e29a,32768,,True,63007,63007,False,8,uniform,1.0,0.2,10,4,0,4,0.0,True,False,0,False,63007,993,0.9845,True,1269.313266325742,20,19,budget,False,0,19,0,0,0,0,0,1,8,8,0,0,0,0,0,0,0,0,0,8,0,0,False,13,0,travel_infeasible;window_violation;travel_infeasible;window_violation;travel_infeasible;window_violation;travel_infeasible;window_violation;travel_infeasible;window_violation;travel_infeasible;window_violation;travel_infeasible;window_violation;travel_infeasible;window_violation,
c2_verify_revise__uniform-n8-t100-o20-s10005__cap8000__Qwen-Qwen3-32B-AWQ,c2_verify_revise,uniform-n8-t100-o20-s10005,8000,hard,Qwen/Qwen3-32B-AWQ,10005,29d836cb56141f3a29ac3fa9670e662c123586e967f2d5ae1280925c2228edbd,e6a365481dd4a485867c62377ac5bc6dc58b277113ccd207605a0258d5cba306,916434ac8d27a4c889ee754c779d1dfeaf47e29a,32768,,True,7844,7844,False,8,uniform,1.0,0.2,10,4,0,4,0.0,True,False,0,False,7844,156,0.9805,False,157.65961560420692,8,7,aborted,False,1,7,0,0,0,0,0,1,0,0,0,0,0,0,0,0,0,0,0,0,0,0,False,0,1,,
c2_verify_revise__uniform-n8-t100-o80-s10005__cap16000__Qwen-Qwen3-32B-AWQ,c2_verify_revise,uniform-n8-t100-o80-s10005,16000,hard,Qwen/Qwen3-32B-AWQ,10005,29d836cb56141f3a29ac3fa9670e662c123586e967f2d5ae1280925c2228edbd,e6a365481dd4a485867c62377ac5bc6dc58b277113ccd207605a0258d5cba306,916434ac8d27a4c889ee754c779d1dfeaf47e29a,32768,,True,15844,15844,False,8,uniform,1.0,0.8,26,2,0,2,0.0,True,False,0,False,15844,156,0.9902,False,292.2666693571955,13,12,aborted,False,1,12,0,0,0,0,0,1,0,0,0,0,0,0,0,0,0,0,0,0,0,0,False,0,1,,
c2_verify_revise__uniform-n8-t100-o80-s10005__cap32000__Qwen-Qwen3-32B-AWQ,c2_verify_revise,uniform-n8-t100-o80-s10005,32000,hard,Qwen/Qwen3-32B-AWQ,10005,29d836cb56141f3a29ac3fa9670e662c123586e967f2d5ae1280925c2228edbd,e6a365481dd4a485867c62377ac5bc6dc58b277113ccd207605a0258d5cba306,916434ac8d27a4c889ee754c779d1dfeaf47e29a,32768,,True,31844,31844,False,8,uniform,1.0,0.8,26,2,0,2,0.0,True,False,0,False,31844,156,0.9951,False,733.6074485909194,15,14,aborted,False,1,14,0,0,0,0,0,1,1,1,0,0,0,0,0,0,0,0,0,1,0,0,False,0,1,travel_infeasible,
c2_verify_revise__uniform-n8-t100-o80-s10005__cap64000__Qwen-Qwen3-32B-AWQ,c2_verify_revise,uniform-n8-t100-o80-s10005,64000,hard,Qwen/Qwen3-32B-AWQ,10005,29d836cb56141f3a29ac3fa9670e662c123586e967f2d5ae1280925c2228edbd,e6a365481dd4a485867c62377ac5bc6dc58b277113ccd207605a0258d5cba306,916434ac8d27a4c889ee754c779d1dfeaf47e29a,32768,,True,63391,63391,False,8,uniform,1.0,0.8,26,2,0,2,0.0,True,False,0,False,63391,609,0.9905,True,1566.9557327041402,21,19,budget,False,0,19,1,0,0,0,0,1,0,0,0,0,0,0,0,0,0,0,0,0,0,0,False,14,0,,
c2_verify_revise__uniform-n8-t100-o80-s10005__cap8000__Qwen-Qwen3-32B-AWQ,c2_verify_revise,uniform-n8-t100-o80-s10005,8000,hard,Qwen/Qwen3-32B-AWQ,10005,29d836cb56141f3a29ac3fa9670e662c123586e967f2d5ae1280925c2228edbd,e6a365481dd4a485867c62377ac5bc6dc58b277113ccd207605a0258d5cba306,916434ac8d27a4c889ee754c779d1dfeaf47e29a,32768,,True,7844,7844,False,8,uniform,1.0,0.8,26,2,0,2,0.0,True,False,0,False,7844,156,0.9805,False,152.41677949391305,8,7,aborted,False,1,7,0,0,0,0,0,1,0,0,0,0,0,0,0,0,0,0,0,0,0,0,False,0,1,,
c2_verify_revise__uniform-n8-t20-o20-s10005__cap16000__Qwen-Qwen3-32B-AWQ,c2_verify_revise,uniform-n8-t20-o20-s10005,16000,easy,Qwen/Qwen3-32B-AWQ,10005,29d836cb56141f3a29ac3fa9670e662c123586e967f2d5ae1280925c2228edbd,e6a365481dd4a485867c62377ac5bc6dc58b277113ccd207605a0258d5cba306,916434ac8d27a4c889ee754c779d1dfeaf47e29a,32768,,True,15240,15240,False,8,uniform,0.2,0.2,0,7,0,7,0.0,True,False,0,False,15240,760,0.9525,True,325.71145583037287,10,9,budget,False,0,9,0,0,0,0,0,1,0,0,0,0,0,0,0,0,0,0,0,0,0,0,False,0,0,,
c2_verify_revise__uniform-n8-t20-o20-s10005__cap32000__Qwen-Qwen3-32B-AWQ,c2_verify_revise,uniform-n8-t20-o20-s10005,32000,easy,Qwen/Qwen3-32B-AWQ,10005,29d836cb56141f3a29ac3fa9670e662c123586e967f2d5ae1280925c2228edbd,e6a365481dd4a485867c62377ac5bc6dc58b277113ccd207605a0258d5cba306,916434ac8d27a4c889ee754c779d1dfeaf47e29a,32768,,True,31093,31093,False,8,uniform,0.2,0.2,0,7,0,7,0.0,True,False,0,False,31093,907,0.9717,True,675.8858683547005,14,13,budget,False,0,13,0,0,0,0,0,1,1,1,0,0,0,0,0,0,0,0,0,1,0,0,False,0,0,travel_infeasible,
c2_verify_revise__uniform-n8-t20-o20-s10005__cap64000__Qwen-Qwen3-32B-AWQ,c2_verify_revise,uniform-n8-t20-o20-s10005,64000,easy,Qwen/Qwen3-32B-AWQ,10005,29d836cb56141f3a29ac3fa9670e662c123586e967f2d5ae1280925c2228edbd,e6a365481dd4a485867c62377ac5bc6dc58b277113ccd207605a0258d5cba306,916434ac8d27a4c889ee754c779d1dfeaf47e29a,32768,,True,63844,63844,False,8,uniform,0.2,0.2,0,7,0,7,0.0,True,False,0,False,63844,156,0.9976,False,1140.3502475004643,25,22,agent_finish,False,0,22,1,1,0,0,0,1,2,2,0,0,0,0,0,0,0,0,0,2,0,0,False,13,1,travel_infeasible;travel_infeasible,
c2_verify_revise__uniform-n8-t20-o20-s10005__cap8000__Qwen-Qwen3-32B-AWQ,c2_verify_revise,uniform-n8-t20-o20-s10005,8000,easy,Qwen/Qwen3-32B-AWQ,10005,29d836cb56141f3a29ac3fa9670e662c123586e967f2d5ae1280925c2228edbd,e6a365481dd4a485867c62377ac5bc6dc58b277113ccd207605a0258d5cba306,916434ac8d27a4c889ee754c779d1dfeaf47e29a,32768,,True,7844,7844,False,8,uniform,0.2,0.2,0,7,0,7,0.0,True,False,0,False,7844,156,0.9805,False,138.73655374720693,8,7,aborted,False,1,7,0,0,0,0,0,1,0,0,0,0,0,0,0,0,0,0,0,0,0,0,False,0,1,,
c2_verify_revise__uniform-n8-t85-o20-s10005__cap16000__Qwen-Qwen3-32B-AWQ,c2_verify_revise,uniform-n8-t85-o20-s10005,16000,medium,Qwen/Qwen3-32B-AWQ,10005,29d836cb56141f3a29ac3fa9670e662c123586e967f2d5ae1280925c2228edbd,e6a365481dd4a485867c62377ac5bc6dc58b277113ccd207605a0258d5cba306,916434ac8d27a4c889ee754c779d1dfeaf47e29a,32768,,True,15844,15844,False,8,uniform,0.85,0.2,5,4,0,4,0.0,True,False,0,False,15844,156,0.9902,False,317.34151837415993,11,10,aborted,False,1,10,0,0,0,0,0,1,0,0,0,0,0,0,0,0,0,0,0,0,0,0,False,0,1,,
c2_verify_revise__uniform-n8-t85-o20-s10005__cap32000__Qwen-Qwen3-32B-AWQ,c2_verify_revise,uniform-n8-t85-o20-s10005,32000,medium,Qwen/Qwen3-32B-AWQ,10005,29d836cb56141f3a29ac3fa9670e662c123586e967f2d5ae1280925c2228edbd,e6a365481dd4a485867c62377ac5bc6dc58b277113ccd207605a0258d5cba306,916434ac8d27a4c889ee754c779d1dfeaf47e29a,32768,,True,31844,31844,False,8,uniform,0.85,0.2,5,4,0,4,0.0,True,False,0,False,31844,156,0.9951,False,688.4547299649566,15,14,aborted,False,1,14,0,0,0,0,0,1,1,1,0,0,0,0,0,0,0,0,0,1,0,0,False,0,1,travel_infeasible;window_violation,
c2_verify_revise__uniform-n8-t85-o20-s10005__cap64000__Qwen-Qwen3-32B-AWQ,c2_verify_revise,uniform-n8-t85-o20-s10005,64000,medium,Qwen/Qwen3-32B-AWQ,10005,29d836cb56141f3a29ac3fa9670e662c123586e967f2d5ae1280925c2228edbd,e6a365481dd4a485867c62377ac5bc6dc58b277113ccd207605a0258d5cba306,916434ac8d27a4c889ee754c779d1dfeaf47e29a,32768,,True,63844,63844,False,8,uniform,0.85,0.2,5,4,0,4,0.0,True,False,0,False,63844,156,0.9976,False,1318.4130914909765,23,22,aborted,False,1,22,0,0,0,0,0,1,2,2,0,0,0,0,0,0,0,0,0,2,0,0,False,14,1,travel_infeasible;window_violation;overlapping_meeting;travel_infeasible,
c2_verify_revise__uniform-n8-t85-o20-s10005__cap8000__Qwen-Qwen3-32B-AWQ,c2_verify_revise,uniform-n8-t85-o20-s10005,8000,medium,Qwen/Qwen3-32B-AWQ,10005,29d836cb56141f3a29ac3fa9670e662c123586e967f2d5ae1280925c2228edbd,e6a365481dd4a485867c62377ac5bc6dc58b277113ccd207605a0258d5cba306,916434ac8d27a4c889ee754c779d1dfeaf47e29a,32768,,True,7510,7510,False,8,uniform,0.85,0.2,5,4,0,4,0.0,True,False,0,False,7510,490,0.9387,True,155.28810669109225,7,6,budget,False,0,6,0,0,0,0,0,1,0,0,0,0,0,0,0,0,0,0,0,0,0,0,False,0,0,,
c3_mas__clustered-n4-t100-o20-s10005__cap16000__Qwen-Qwen3-32B-AWQ,c3_mas,clustered-n4-t100-o20-s10005,16000,medium,Qwen/Qwen3-32B-AWQ,10005,29d836cb56141f3a29ac3fa9670e662c123586e967f2d5ae1280925c2228edbd,e6a365481dd4a485867c62377ac5bc6dc58b277113ccd207605a0258d5cba306,916434ac8d27a4c889ee754c779d1dfeaf47e29a,32768,,True,11722,11722,False,4,clustered,1.0,0.2,1,3,0,3,0.0,True,False,0,False,11722,4278,0.7326,False,262.8358851308003,12,11,agent_finish,False,1,0,0,0,5,6,0,1,0,0,0,0,0,0,0,0,0,0,0,0,0,0,False,0,1,,
c3_mas__clustered-n4-t100-o20-s10005__cap32000__Qwen-Qwen3-32B-AWQ,c3_mas,clustered-n4-t100-o20-s10005,32000,medium,Qwen/Qwen3-32B-AWQ,10005,29d836cb56141f3a29ac3fa9670e662c123586e967f2d5ae1280925c2228edbd,e6a365481dd4a485867c62377ac5bc6dc58b277113ccd207605a0258d5cba306,916434ac8d27a4c889ee754c779d1dfeaf47e29a,32768,,True,22015,22015,False,4,clustered,1.0,0.2,1,3,3,0,1.0,True,True,3,True,22015,9985,0.688,False,504.5323422336951,16,15,agent_finish,False,0,0,0,0,7,7,1,1,3,0,0,1,1,1,0,0,1,1,1,3,3,3,True,0,0,,
c3_mas__clustered-n4-t100-o20-s10005__cap64000__Qwen-Qwen3-32B-AWQ,c3_mas,clustered-n4-t100-o20-s10005,64000,medium,Qwen/Qwen3-32B-AWQ,10005,29d836cb56141f3a29ac3fa9670e662c123586e967f2d5ae1280925c2228edbd,e6a365481dd4a485867c62377ac5bc6dc58b277113ccd207605a0258d5cba306,916434ac8d27a4c889ee754c779d1dfeaf47e29a,32768,,True,21911,21911,False,4,clustered,1.0,0.2,1,3,3,0,1.0,True,True,3,True,21911,42089,0.3424,False,500.90210369508713,16,15,agent_finish,False,0,0,0,0,7,7,1,1,3,0,0,1,1,1,0,0,1,1,1,3,3,3,True,2,0,,
c3_mas__clustered-n4-t100-o20-s10005__cap8000__Qwen-Qwen3-32B-AWQ,c3_mas,clustered-n4-t100-o20-s10005,8000,medium,Qwen/Qwen3-32B-AWQ,10005,29d836cb56141f3a29ac3fa9670e662c123586e967f2d5ae1280925c2228edbd,e6a365481dd4a485867c62377ac5bc6dc58b277113ccd207605a0258d5cba306,916434ac8d27a4c889ee754c779d1dfeaf47e29a,32768,,True,5600,5600,False,4,clustered,1.0,0.2,1,3,0,3,0.0,True,False,0,False,5600,2400,0.7,False,124.38185165636241,7,6,agent_finish,False,1,0,0,0,3,3,0,1,0,0,0,0,0,0,0,0,0,0,0,0,0,0,False,0,1,,
c3_mas__clustered-n4-t100-o80-s10005__cap16000__Qwen-Qwen3-32B-AWQ,c3_mas,clustered-n4-t100-o80-s10005,16000,medium,Qwen/Qwen3-32B-AWQ,10005,29d836cb56141f3a29ac3fa9670e662c123586e967f2d5ae1280925c2228edbd,e6a365481dd4a485867c62377ac5bc6dc58b277113ccd207605a0258d5cba306,916434ac8d27a4c889ee754c779d1dfeaf47e29a,32768,,True,11672,11672,False,4,clustered,1.0,0.8,5,2,0,2,0.0,True,False,0,False,11672,4328,0.7295,False,262.687991601415,11,10,agent_finish,False,1,0,0,0,4,6,0,1,0,0,0,0,0,0,0,0,0,0,0,0,0,0,False,0,1,,
c3_mas__clustered-n4-t100-o80-s10005__cap32000__Qwen-Qwen3-32B-AWQ,c3_mas,clustered-n4-t100-o80-s10005,32000,medium,Qwen/Qwen3-32B-AWQ,10005,29d836cb56141f3a29ac3fa9670e662c123586e967f2d5ae1280925c2228edbd,e6a365481dd4a485867c62377ac5bc6dc58b277113ccd207605a0258d5cba306,916434ac8d27a4c889ee754c779d1dfeaf47e29a,32768,,True,24199,24199,False,4,clustered,1.0,0.8,5,2,2,0,1.0,True,True,2,True,24199,7801,0.7562,False,568.5562502769753,16,15,agent_finish,True,0,0,0,0,7,7,1,1,3,0,0,1,1,1,0,0,1,1,1,3,3,2,True,0,0,,
c3_mas__clustered-n4-t100-o80-s10005__cap64000__Qwen-Qwen3-32B-AWQ,c3_mas,clustered-n4-t100-o80-s10005,64000,medium,Qwen/Qwen3-32B-AWQ,10005,29d836cb56141f3a29ac3fa9670e662c123586e967f2d5ae1280925c2228edbd,e6a365481dd4a485867c62377ac5bc6dc58b277113ccd207605a0258d5cba306,916434ac8d27a4c889ee754c779d1dfeaf47e29a,32768,,True,23468,23468,False,4,clustered,1.0,0.8,5,2,2,0,1.0,True,True,2,True,23468,40532,0.3667,False,551.4102807883173,16,15,agent_finish,True,0,0,0,0,7,7,1,1,2,0,0,0,1,1,0,0,0,1,1,2,2,1,True,2,0,,
c3_mas__clustered-n4-t100-o80-s10005__cap8000__Qwen-Qwen3-32B-AWQ,c3_mas,clustered-n4-t100-o80-s10005,8000,medium,Qwen/Qwen3-32B-AWQ,10005,29d836cb56141f3a29ac3fa9670e662c123586e967f2d5ae1280925c2228edbd,e6a365481dd4a485867c62377ac5bc6dc58b277113ccd207605a0258d5cba306,916434ac8d27a4c889ee754c779d1dfeaf47e29a,32768,,True,5332,5332,False,4,clustered,1.0,0.8,5,2,0,2,0.0,True,False,0,False,5332,2668,0.6665,False,118.21138448268175,7,6,agent_finish,False,0,0,0,0,3,3,0,1,0,0,0,0,0,0,0,0,0,0,0,0,0,0,False,0,0,,
c3_mas__clustered-n4-t20-o20-s10005__cap16000__Qwen-Qwen3-32B-AWQ,c3_mas,clustered-n4-t20-o20-s10005,16000,easy,Qwen/Qwen3-32B-AWQ,10005,29d836cb56141f3a29ac3fa9670e662c123586e967f2d5ae1280925c2228edbd,e6a365481dd4a485867c62377ac5bc6dc58b277113ccd207605a0258d5cba306,916434ac8d27a4c889ee754c779d1dfeaf47e29a,32768,,True,11552,11552,False,4,clustered,0.2,0.2,0,4,0,4,0.0,True,False,0,False,11552,4448,0.722,False,267.36688261292875,11,10,agent_finish,False,0,0,0,0,5,5,0,1,0,0,0,0,0,0,0,0,0,0,0,0,0,0,False,0,0,,
c3_mas__clustered-n4-t20-o20-s10005__cap32000__Qwen-Qwen3-32B-AWQ,c3_mas,clustered-n4-t20-o20-s10005,32000,easy,Qwen/Qwen3-32B-AWQ,10005,29d836cb56141f3a29ac3fa9670e662c123586e967f2d5ae1280925c2228edbd,e6a365481dd4a485867c62377ac5bc6dc58b277113ccd207605a0258d5cba306,916434ac8d27a4c889ee754c779d1dfeaf47e29a,32768,,True,23965,23965,False,4,clustered,0.2,0.2,0,4,4,0,1.0,True,True,4,True,23965,8035,0.7489,False,512.2741996832192,18,17,agent_finish,False,0,0,0,0,8,8,1,1,3,0,0,1,1,1,0,0,1,1,1,3,3,3,True,0,0,,
c3_mas__clustered-n4-t20-o20-s10005__cap64000__Qwen-Qwen3-32B-AWQ,c3_mas,clustered-n4-t20-o20-s10005,64000,easy,Qwen/Qwen3-32B-AWQ,10005,29d836cb56141f3a29ac3fa9670e662c123586e967f2d5ae1280925c2228edbd,e6a365481dd4a485867c62377ac5bc6dc58b277113ccd207605a0258d5cba306,916434ac8d27a4c889ee754c779d1dfeaf47e29a,32768,,True,23948,23948,False,4,clustered,0.2,0.2,0,4,4,0,1.0,True,True,4,True,23948,40052,0.3742,False,518.4206879781559,18,17,agent_finish,False,0,0,0,0,8,8,1,1,3,0,0,1,1,1,0,0,1,1,1,3,3,3,True,2,0,,
c3_mas__clustered-n4-t20-o20-s10005__cap8000__Qwen-Qwen3-32B-AWQ,c3_mas,clustered-n4-t20-o20-s10005,8000,easy,Qwen/Qwen3-32B-AWQ,10005,29d836cb56141f3a29ac3fa9670e662c123586e967f2d5ae1280925c2228edbd,e6a365481dd4a485867c62377ac5bc6dc58b277113ccd207605a0258d5cba306,916434ac8d27a4c889ee754c779d1dfeaf47e29a,32768,,True,5631,5631,False,4,clustered,0.2,0.2,0,4,0,4,0.0,True,False,0,False,5631,2369,0.7039,False,121.9800292858854,7,6,agent_finish,False,0,0,0,0,3,3,0,1,0,0,0,0,0,0,0,0,0,0,0,0,0,0,False,0,0,,
c3_mas__clustered-n4-t20-o80-s10005__cap16000__Qwen-Qwen3-32B-AWQ,c3_mas,clustered-n4-t20-o80-s10005,16000,easy,Qwen/Qwen3-32B-AWQ,10005,29d836cb56141f3a29ac3fa9670e662c123586e967f2d5ae1280925c2228edbd,e6a365481dd4a485867c62377ac5bc6dc58b277113ccd207605a0258d5cba306,916434ac8d27a4c889ee754c779d1dfeaf47e29a,32768,,True,11613,11613,False,4,clustered,0.2,0.8,0,4,0,4,0.0,True,False,0,False,11613,4387,0.7258,False,263.89032756816596,11,10,agent_finish,False,1,0,0,0,5,5,0,1,1,0,0,0,1,0,0,0,0,0,0,1,0,0,False,0,1,travel_infeasible,
c3_mas__clustered-n4-t20-o80-s10005__cap32000__Qwen-Qwen3-32B-AWQ,c3_mas,clustered-n4-t20-o80-s10005,32000,easy,Qwen/Qwen3-32B-AWQ,10005,29d836cb56141f3a29ac3fa9670e662c123586e967f2d5ae1280925c2228edbd,e6a365481dd4a485867c62377ac5bc6dc58b277113ccd207605a0258d5cba306,916434ac8d27a4c889ee754c779d1dfeaf47e29a,32768,,True,26197,26197,False,4,clustered,0.2,0.8,0,4,2,2,0.5,True,False,2,True,26197,5803,0.8187,False,588.9684084067121,18,17,agent_finish,False,1,0,0,0,8,8,1,1,4,0,0,1,2,1,0,0,1,1,0,4,2,2,True,0,1,travel_infeasible;travel_infeasible,
c3_mas__clustered-n4-t20-o80-s10005__cap64000__Qwen-Qwen3-32B-AWQ,c3_mas,clustered-n4-t20-o80-s10005,64000,easy,Qwen/Qwen3-32B-AWQ,10005,29d836cb56141f3a29ac3fa9670e662c123586e967f2d5ae1280925c2228edbd,e6a365481dd4a485867c62377ac5bc6dc58b277113ccd207605a0258d5cba306,916434ac8d27a4c889ee754c779d1dfeaf47e29a,32768,,True,18955,18955,False,4,clustered,0.2,0.8,0,4,2,2,0.5,True,False,2,True,18955,45045,0.2962,False,387.19354652706534,16,15,agent_finish,True,0,0,0,0,6,8,1,1,4,0,0,1,2,1,0,0,0,1,1,4,2,1,True,2,0,travel_infeasible;travel_infeasible,
c3_mas__clustered-n4-t20-o80-s10005__cap8000__Qwen-Qwen3-32B-AWQ,c3_mas,clustered-n4-t20-o80-s10005,8000,easy,Qwen/Qwen3-32B-AWQ,10005,29d836cb56141f3a29ac3fa9670e662c123586e967f2d5ae1280925c2228edbd,e6a365481dd4a485867c62377ac5bc6dc58b277113ccd207605a0258d5cba306,916434ac8d27a4c889ee754c779d1dfeaf47e29a,32768,,True,5555,5555,False,4,clustered,0.2,0.8,0,4,0,4,0.0,True,False,0,False,5555,2445,0.6944,False,126.08701152540743,7,6,agent_finish,False,0,0,0,0,3,3,0,1,0,0,0,0,0,0,0,0,0,0,0,0,0,0,False,0,0,,
c3_mas__clustered-n6-t100-o20-s10005__cap16000__Qwen-Qwen3-32B-AWQ,c3_mas,clustered-n6-t100-o20-s10005,16000,medium,Qwen/Qwen3-32B-AWQ,10005,29d836cb56141f3a29ac3fa9670e662c123586e967f2d5ae1280925c2228edbd,e6a365481dd4a485867c62377ac5bc6dc58b277113ccd207605a0258d5cba306,916434ac8d27a4c889ee754c779d1dfeaf47e29a,32768,,True,11908,11908,False,6,clustered,1.0,0.2,6,3,0,3,0.0,True,False,0,False,11908,4092,0.7442,False,239.179373415187,13,12,aborted,False,2,0,0,0,6,6,0,1,0,0,0,0,0,0,0,0,0,0,0,0,0,0,False,0,2,,
c3_mas__clustered-n6-t100-o20-s10005__cap32000__Qwen-Qwen3-32B-AWQ,c3_mas,clustered-n6-t100-o20-s10005,32000,medium,Qwen/Qwen3-32B-AWQ,10005,29d836cb56141f3a29ac3fa9670e662c123586e967f2d5ae1280925c2228edbd,e6a365481dd4a485867c62377ac5bc6dc58b277113ccd207605a0258d5cba306,916434ac8d27a4c889ee754c779d1dfeaf47e29a,32768,,True,23908,23908,False,6,clustered,1.0,0.2,6,3,0,3,0.0,True,False,0,False,23908,8092,0.7471,False,570.1727427067235,15,14,aborted,False,2,0,0,0,7,7,0,1,0,0,0,0,0,0,0,0,0,0,0,0,0,0,False,0,2,,
c3_mas__clustered-n6-t100-o20-s10005__cap64000__Qwen-Qwen3-32B-AWQ,c3_mas,clustered-n6-t100-o20-s10005,64000,medium,Qwen/Qwen3-32B-AWQ,10005,29d836cb56141f3a29ac3fa9670e662c123586e967f2d5ae1280925c2228edbd,e6a365481dd4a485867c62377ac5bc6dc58b277113ccd207605a0258d5cba306,916434ac8d27a4c889ee754c779d1dfeaf47e29a,32768,,True,25229,25229,False,6,clustered,1.0,0.2,6,3,2,1,0.6666666666666666,True,False,2,True,25229,38771,0.3942,False,555.0376572040841,18,17,agent_finish,False,0,0,0,0,8,8,1,1,3,0,0,1,1,1,0,0,0,1,1,3,2,1,True,2,0,window_violation,
c3_mas__clustered-n6-t100-o20-s10005__cap8000__Qwen-Qwen3-32B-AWQ,c3_mas,clustered-n6-t100-o20-s10005,8000,medium,Qwen/Qwen3-32B-AWQ,10005,29d836cb56141f3a29ac3fa9670e662c123586e967f2d5ae1280925c2228edbd,e6a365481dd4a485867c62377ac5bc6dc58b277113ccd207605a0258d5cba306,916434ac8d27a4c889ee754c779d1dfeaf47e29a,32768,,True,5908,5908,False,6,clustered,1.0,0.2,6,3,0,3,0.0,True,False,0,False,5908,2092,0.7385,False,134.48963379021734,7,6,aborted,False,2,0,0,0,3,3,0,1,0,0,0,0,0,0,0,0,0,0,0,0,0,0,False,0,2,,
c3_mas__clustered-n6-t100-o20-s10007__cap16000__Qwen-Qwen3-32B-AWQ,c3_mas,clustered-n6-t100-o20-s10007,16000,hard,Qwen/Qwen3-32B-AWQ,10007,29d836cb56141f3a29ac3fa9670e662c123586e967f2d5ae1280925c2228edbd,e6a365481dd4a485867c62377ac5bc6dc58b277113ccd207605a0258d5cba306,916434ac8d27a4c889ee754c779d1dfeaf47e29a,32768,,True,11718,11718,False,6,clustered,1.0,0.2,8,3,0,3,0.0,True,False,0,False,11718,4282,0.7324,False,228.7134697912261,12,11,agent_finish,False,1,0,0,0,5,6,0,1,0,0,0,0,0,0,0,0,0,0,0,0,0,0,False,0,1,,
c3_mas__clustered-n6-t100-o20-s10007__cap32000__Qwen-Qwen3-32B-AWQ,c3_mas,clustered-n6-t100-o20-s10007,32000,hard,Qwen/Qwen3-32B-AWQ,10007,29d836cb56141f3a29ac3fa9670e662c123586e967f2d5ae1280925c2228edbd,e6a365481dd4a485867c62377ac5bc6dc58b277113ccd207605a0258d5cba306,916434ac8d27a4c889ee754c779d1dfeaf47e29a,32768,,True,23908,23908,False,6,clustered,1.0,0.2,8,3,0,3,0.0,True,False,0,False,23908,8092,0.7471,False,514.6765043893829,18,17,aborted,False,2,0,0,0,9,8,0,1,1,0,0,1,0,0,0,0,0,0,0,1,0,0,False,0,2,window_violation,
c3_mas__clustered-n6-t100-o20-s10007__cap64000__Qwen-Qwen3-32B-AWQ,c3_mas,clustered-n6-t100-o20-s10007,64000,hard,Qwen/Qwen3-32B-AWQ,10007,29d836cb56141f3a29ac3fa9670e662c123586e967f2d5ae1280925c2228edbd,e6a365481dd4a485867c62377ac5bc6dc58b277113ccd207605a0258d5cba306,916434ac8d27a4c889ee754c779d1dfeaf47e29a,32768,,True,30966,30966,False,6,clustered,1.0,0.2,8,3,3,0,1.0,True,True,3,True,30966,33034,0.4838,False,661.2870501289144,20,19,agent_finish,False,0,0,0,0,10,8,1,1,2,0,0,1,0,1,0,0,1,0,1,2,2,1,True,2,0,,
c3_mas__clustered-n6-t100-o20-s10007__cap8000__Qwen-Qwen3-32B-AWQ,c3_mas,clustered-n6-t100-o20-s10007,8000,hard,Qwen/Qwen3-32B-AWQ,10007,29d836cb56141f3a29ac3fa9670e662c123586e967f2d5ae1280925c2228edbd,e6a365481dd4a485867c62377ac5bc6dc58b277113ccd207605a0258d5cba306,916434ac8d27a4c889ee754c779d1dfeaf47e29a,32768,,True,5908,5908,False,6,clustered,1.0,0.2,8,3,0,3,0.0,True,False,0,False,5908,2092,0.7385,False,132.82628258224577,7,6,aborted,False,2,0,0,0,3,3,0,1,0,0,0,0,0,0,0,0,0,0,0,0,0,0,False,0,2,,
c3_mas__clustered-n6-t100-o80-s10005__cap16000__Qwen-Qwen3-32B-AWQ,c3_mas,clustered-n6-t100-o80-s10005,16000,hard,Qwen/Qwen3-32B-AWQ,10005,29d836cb56141f3a29ac3fa9670e662c123586e967f2d5ae1280925c2228edbd,e6a365481dd4a485867c62377ac5bc6dc58b277113ccd207605a0258d5cba306,916434ac8d27a4c889ee754c779d1dfeaf47e29a,32768,,True,11606,11606,False,6,clustered,1.0,0.8,13,2,0,2,0.0,True,False,0,False,11606,4394,0.7254,False,264.13192135095596,11,10,agent_finish,False,1,0,0,0,5,5,0,1,0,0,0,0,0,0,0,0,0,0,0,0,0,0,False,0,1,,
c3_mas__clustered-n6-t100-o80-s10005__cap32000__Qwen-Qwen3-32B-AWQ,c3_mas,clustered-n6-t100-o80-s10005,32000,hard,Qwen/Qwen3-32B-AWQ,10005,29d836cb56141f3a29ac3fa9670e662c123586e967f2d5ae1280925c2228edbd,e6a365481dd4a485867c62377ac5bc6dc58b277113ccd207605a0258d5cba306,916434ac8d27a4c889ee754c779d1dfeaf47e29a,32768,,True,24926,24926,False,6,clustered,1.0,0.8,13,2,1,1,0.5,True,False,1,True,24926,7074,0.7789,False,582.8410736871883,16,15,aborted,True,2,0,0,0,7,7,1,1,2,0,0,1,0,1,0,0,1,0,1,2,2,1,True,0,2,,
c3_mas__clustered-n6-t100-o80-s10005__cap64000__Qwen-Qwen3-32B-AWQ,c3_mas,clustered-n6-t100-o80-s10005,64000,hard,Qwen/Qwen3-32B-AWQ,10005,29d836cb56141f3a29ac3fa9670e662c123586e967f2d5ae1280925c2228edbd,e6a365481dd4a485867c62377ac5bc6dc58b277113ccd207605a0258d5cba306,916434ac8d27a4c889ee754c779d1dfeaf47e29a,32768,,True,39133,39133,False,6,clustered,1.0,0.8,13,2,2,0,1.0,True,True,2,True,39133,24867,0.6115,False,950.3325970182195,19,18,agent_finish,True,1,0,0,0,11,6,1,1,3,0,0,1,1,1,0,0,1,1,1,3,3,2,True,0,1,,
c3_mas__clustered-n6-t100-o80-s10005__cap8000__Qwen-Qwen3-32B-AWQ,c3_mas,clustered-n6-t100-o80-s10005,8000,hard,Qwen/Qwen3-32B-AWQ,10005,29d836cb56141f3a29ac3fa9670e662c123586e967f2d5ae1280925c2228edbd,e6a365481dd4a485867c62377ac5bc6dc58b277113ccd207605a0258d5cba306,916434ac8d27a4c889ee754c779d1dfeaf47e29a,32768,,True,5908,5908,False,6,clustered,1.0,0.8,13,2,0,2,0.0,True,False,0,False,5908,2092,0.7385,False,129.07920148968697,7,6,aborted,False,2,0,0,0,3,3,0,1,0,0,0,0,0,0,0,0,0,0,0,0,0,0,False,0,2,,
c3_mas__clustered-n6-t100-o80-s10006__cap16000__Qwen-Qwen3-32B-AWQ,c3_mas,clustered-n6-t100-o80-s10006,16000,hard,Qwen/Qwen3-32B-AWQ,10006,29d836cb56141f3a29ac3fa9670e662c123586e967f2d5ae1280925c2228edbd,e6a365481dd4a485867c62377ac5bc6dc58b277113ccd207605a0258d5cba306,916434ac8d27a4c889ee754c779d1dfeaf47e29a,32768,,True,11345,11345,False,6,clustered,1.0,0.8,12,2,0,2,0.0,True,False,0,False,11345,4655,0.7091,False,205.5819255374372,13,12,agent_finish,False,1,0,0,0,6,6,0,1,0,0,0,0,0,0,0,0,0,0,0,0,0,0,False,0,1,,
c3_mas__clustered-n6-t100-o80-s10006__cap32000__Qwen-Qwen3-32B-AWQ,c3_mas,clustered-n6-t100-o80-s10006,32000,hard,Qwen/Qwen3-32B-AWQ,10006,29d836cb56141f3a29ac3fa9670e662c123586e967f2d5ae1280925c2228edbd,e6a365481dd4a485867c62377ac5bc6dc58b277113ccd207605a0258d5cba306,916434ac8d27a4c889ee754c779d1dfeaf47e29a,32768,,True,23908,23908,False,6,clustered,1.0,0.8,12,2,0,2,0.0,True,False,0,False,23908,8092,0.7471,False,563.8868391495198,15,14,aborted,False,2,0,0,0,6,8,0,1,0,0,0,0,0,0,0,0,0,0,0,0,0,0,False,0,2,,
c3_mas__clustered-n6-t100-o80-s10006__cap64000__Qwen-Qwen3-32B-AWQ,c3_mas,clustered-n6-t100-o80-s10006,64000,hard,Qwen/Qwen3-32B-AWQ,10006,29d836cb56141f3a29ac3fa9670e662c123586e967f2d5ae1280925c2228edbd,e6a365481dd4a485867c62377ac5bc6dc58b277113ccd207605a0258d5cba306,916434ac8d27a4c889ee754c779d1dfeaf47e29a,32768,,True,42435,42435,False,6,clustered,1.0,0.8,12,2,2,0,1.0,True,True,2,True,42435,21565,0.663,False,1040.1893095029518,21,20,agent_finish,True,1,0,0,0,10,9,1,1,2,0,0,0,1,1,0,0,0,1,1,2,2,1,True,0,1,,
c3_mas__clustered-n6-t100-o80-s10006__cap8000__Qwen-Qwen3-32B-AWQ,c3_mas,clustered-n6-t100-o80-s10006,8000,hard,Qwen/Qwen3-32B-AWQ,10006,29d836cb56141f3a29ac3fa9670e662c123586e967f2d5ae1280925c2228edbd,e6a365481dd4a485867c62377ac5bc6dc58b277113ccd207605a0258d5cba306,916434ac8d27a4c889ee754c779d1dfeaf47e29a,32768,,True,5908,5908,False,6,clustered,1.0,0.8,12,2,0,2,0.0,True,False,0,False,5908,2092,0.7385,False,133.63038333505392,7,6,aborted,False,2,0,0,0,3,3,0,1,0,0,0,0,0,0,0,0,0,0,0,0,0,0,False,0,2,,
c3_mas__clustered-n6-t20-o20-s10005__cap16000__Qwen-Qwen3-32B-AWQ,c3_mas,clustered-n6-t20-o20-s10005,16000,easy,Qwen/Qwen3-32B-AWQ,10005,29d836cb56141f3a29ac3fa9670e662c123586e967f2d5ae1280925c2228edbd,e6a365481dd4a485867c62377ac5bc6dc58b277113ccd207605a0258d5cba306,916434ac8d27a4c889ee754c779d1dfeaf47e29a,32768,,True,11908,11908,False,6,clustered,0.2,0.2,0,6,0,6,0.0,True,False,0,False,11908,4092,0.7442,False,227.1159122074023,13,12,aborted,False,2,0,0,0,6,6,0,1,0,0,0,0,0,0,0,0,0,0,0,0,0,0,False,0,2,,
c3_mas__clustered-n6-t20-o20-s10005__cap32000__Qwen-Qwen3-32B-AWQ,c3_mas,clustered-n6-t20-o20-s10005,32000,easy,Qwen/Qwen3-32B-AWQ,10005,29d836cb56141f3a29ac3fa9670e662c123586e967f2d5ae1280925c2228edbd,e6a365481dd4a485867c62377ac5bc6dc58b277113ccd207605a0258d5cba306,916434ac8d27a4c889ee754c779d1dfeaf47e29a,32768,,True,24277,24277,False,6,clustered,0.2,0.2,0,6,3,3,0.5,True,False,3,True,24277,7723,0.7587,False,481.9633575892076,19,18,agent_finish,False,0,0,0,0,9,8,1,1,3,0,0,1,1,1,0,0,1,0,1,3,2,1,True,0,0,travel_infeasible,
c3_mas__clustered-n6-t20-o20-s10005__cap64000__Qwen-Qwen3-32B-AWQ,c3_mas,clustered-n6-t20-o20-s10005,64000,easy,Qwen/Qwen3-32B-AWQ,10005,29d836cb56141f3a29ac3fa9670e662c123586e967f2d5ae1280925c2228edbd,e6a365481dd4a485867c62377ac5bc6dc58b277113ccd207605a0258d5cba306,916434ac8d27a4c889ee754c779d1dfeaf47e29a,32768,,True,45911,45911,False,6,clustered,0.2,0.2,0,6,6,0,1.0,True,True,6,True,45911,18089,0.7174,False,1068.7807389963418,24,23,agent_finish,False,0,0,0,0,12,10,1,1,4,0,0,1,2,1,0,0,1,1,1,4,3,3,True,0,0,travel_infeasible,
c3_mas__clustered-n6-t20-o20-s10005__cap8000__Qwen-Qwen3-32B-AWQ,c3_mas,clustered-n6-t20-o20-s10005,8000,easy,Qwen/Qwen3-32B-AWQ,10005,29d836cb56141f3a29ac3fa9670e662c123586e967f2d5ae1280925c2228edbd,e6a365481dd4a485867c62377ac5bc6dc58b277113ccd207605a0258d5cba306,916434ac8d27a4c889ee754c779d1dfeaf47e29a,32768,,True,5908,5908,False,6,clustered,0.2,0.2,0,6,0,6,0.0,True,False,0,False,5908,2092,0.7385,False,130.20225360896438,7,6,aborted,False,2,0,0,0,3,3,0,1,0,0,0,0,0,0,0,0,0,0,0,0,0,0,False,0,2,,
c3_mas__clustered-n6-t20-o80-s10005__cap16000__Qwen-Qwen3-32B-AWQ,c3_mas,clustered-n6-t20-o80-s10005,16000,easy,Qwen/Qwen3-32B-AWQ,10005,29d836cb56141f3a29ac3fa9670e662c123586e967f2d5ae1280925c2228edbd,e6a365481dd4a485867c62377ac5bc6dc58b277113ccd207605a0258d5cba306,916434ac8d27a4c889ee754c779d1dfeaf47e29a,32768,,True,11908,11908,False,6,clustered,0.2,0.8,0,6,0,6,0.0,True,False,0,False,11908,4092,0.7442,False,242.7343673352152,13,12,aborted,False,2,0,0,0,6,6,0,1,0,0,0,0,0,0,0,0,0,0,0,0,0,0,False,0,2,,
c3_mas__clustered-n6-t20-o80-s10005__cap32000__Qwen-Qwen3-32B-AWQ,c3_mas,clustered-n6-t20-o80-s10005,32000,easy,Qwen/Qwen3-32B-AWQ,10005,29d836cb56141f3a29ac3fa9670e662c123586e967f2d5ae1280925c2228edbd,e6a365481dd4a485867c62377ac5bc6dc58b277113ccd207605a0258d5cba306,916434ac8d27a4c889ee754c779d1dfeaf47e29a,32768,,True,25398,25398,False,6,clustered,0.2,0.8,0,6,3,3,0.5,True,False,3,True,25398,6602,0.7937,False,498.0518180700019,21,20,agent_finish,False,1,0,0,0,9,10,1,1,2,0,0,1,0,1,0,0,1,0,1,2,2,1,True,0,1,,
c3_mas__clustered-n6-t20-o80-s10005__cap64000__Qwen-Qwen3-32B-AWQ,c3_mas,clustered-n6-t20-o80-s10005,64000,easy,Qwen/Qwen3-32B-AWQ,10005,29d836cb56141f3a29ac3fa9670e662c123586e967f2d5ae1280925c2228edbd,e6a365481dd4a485867c62377ac5bc6dc58b277113ccd207605a0258d5cba306,916434ac8d27a4c889ee754c779d1dfeaf47e29a,32768,,True,34149,34149,False,6,clustered,0.2,0.8,0,6,6,0,1.0,True,True,6,True,34149,29851,0.5336,False,713.508893860504,23,22,agent_finish,True,0,0,0,0,9,12,1,1,3,0,0,1,1,1,0,0,1,1,1,3,3,3,True,1,0,,
c3_mas__clustered-n6-t20-o80-s10005__cap8000__Qwen-Qwen3-32B-AWQ,c3_mas,clustered-n6-t20-o80-s10005,8000,easy,Qwen/Qwen3-32B-AWQ,10005,29d836cb56141f3a29ac3fa9670e662c123586e967f2d5ae1280925c2228edbd,e6a365481dd4a485867c62377ac5bc6dc58b277113ccd207605a0258d5cba306,916434ac8d27a4c889ee754c779d1dfeaf47e29a,32768,,True,5908,5908,False,6,clustered,0.2,0.8,0,6,0,6,0.0,True,False,0,False,5908,2092,0.7385,False,136.18325239047408,7,6,aborted,False,2,0,0,0,3,3,0,1,0,0,0,0,0,0,0,0,0,0,0,0,0,0,False,0,2,,
c3_mas__clustered-n6-t85-o20-s10005__cap16000__Qwen-Qwen3-32B-AWQ,c3_mas,clustered-n6-t85-o20-s10005,16000,medium,Qwen/Qwen3-32B-AWQ,10005,29d836cb56141f3a29ac3fa9670e662c123586e967f2d5ae1280925c2228edbd,e6a365481dd4a485867c62377ac5bc6dc58b277113ccd207605a0258d5cba306,916434ac8d27a4c889ee754c779d1dfeaf47e29a,32768,,True,11908,11908,False,6,clustered,0.85,0.2,1,5,0,5,0.0,True,False,0,False,11908,4092,0.7442,False,234.0196935776621,13,12,aborted,False,2,0,0,0,6,6,0,1,0,0,0,0,0,0,0,0,0,0,0,0,0,0,False,0,2,,
c3_mas__clustered-n6-t85-o20-s10005__cap32000__Qwen-Qwen3-32B-AWQ,c3_mas,clustered-n6-t85-o20-s10005,32000,medium,Qwen/Qwen3-32B-AWQ,10005,29d836cb56141f3a29ac3fa9670e662c123586e967f2d5ae1280925c2228edbd,e6a365481dd4a485867c62377ac5bc6dc58b277113ccd207605a0258d5cba306,916434ac8d27a4c889ee754c779d1dfeaf47e29a,32768,,True,31129,31129,False,6,clustered,0.85,0.2,1,5,5,0,1.0,True,True,5,True,31129,871,0.9728,False,714.076946082525,19,18,agent_finish,False,0,0,0,0,9,8,1,1,3,0,0,1,1,1,0,0,1,1,1,3,3,3,True,0,0,,
c3_mas__clustered-n6-t85-o20-s10005__cap64000__Qwen-Qwen3-32B-AWQ,c3_mas,clustered-n6-t85-o20-s10005,64000,medium,Qwen/Qwen3-32B-AWQ,10005,29d836cb56141f3a29ac3fa9670e662c123586e967f2d5ae1280925c2228edbd,e6a365481dd4a485867c62377ac5bc6dc58b277113ccd207605a0258d5cba306,916434ac8d27a4c889ee754c779d1dfeaf47e29a,32768,,True,23410,23410,False,6,clustered,0.85,0.2,1,5,3,2,0.6,True,False,3,True,23410,40590,0.3658,False,479.9432324450463,19,18,agent_finish,False,0,0,0,0,9,8,1,1,3,0,0,1,1,1,0,0,1,0,1,3,2,1,True,2,0,travel_infeasible,
c3_mas__clustered-n6-t85-o20-s10005__cap8000__Qwen-Qwen3-32B-AWQ,c3_mas,clustered-n6-t85-o20-s10005,8000,medium,Qwen/Qwen3-32B-AWQ,10005,29d836cb56141f3a29ac3fa9670e662c123586e967f2d5ae1280925c2228edbd,e6a365481dd4a485867c62377ac5bc6dc58b277113ccd207605a0258d5cba306,916434ac8d27a4c889ee754c779d1dfeaf47e29a,32768,,True,5908,5908,False,6,clustered,0.85,0.2,1,5,0,5,0.0,True,False,0,False,5908,2092,0.7385,False,136.67714804317802,7,6,aborted,False,2,0,0,0,3,3,0,1,0,0,0,0,0,0,0,0,0,0,0,0,0,0,False,0,2,,
c3_mas__clustered-n8-t100-o20-s10005__cap16000__Qwen-Qwen3-32B-AWQ,c3_mas,clustered-n8-t100-o20-s10005,16000,hard,Qwen/Qwen3-32B-AWQ,10005,29d836cb56141f3a29ac3fa9670e662c123586e967f2d5ae1280925c2228edbd,e6a365481dd4a485867c62377ac5bc6dc58b277113ccd207605a0258d5cba306,916434ac8d27a4c889ee754c779d1dfeaf47e29a,32768,,True,11052,11052,False,8,clustered,1.0,0.2,9,4,0,4,0.0,True,False,0,False,11052,4948,0.6907,False,225.79119060002267,12,11,agent_finish,False,0,0,0,0,6,5,0,1,0,0,0,0,0,0,0,0,0,0,0,0,0,0,False,0,0,,
c3_mas__clustered-n8-t100-o20-s10005__cap32000__Qwen-Qwen3-32B-AWQ,c3_mas,clustered-n8-t100-o20-s10005,32000,hard,Qwen/Qwen3-32B-AWQ,10005,29d836cb56141f3a29ac3fa9670e662c123586e967f2d5ae1280925c2228edbd,e6a365481dd4a485867c62377ac5bc6dc58b277113ccd207605a0258d5cba306,916434ac8d27a4c889ee754c779d1dfeaf47e29a,32768,,True,23908,23908,False,8,clustered,1.0,0.2,9,4,0,4,0.0,True,False,0,False,23908,8092,0.7471,False,471.942847462371,19,18,aborted,False,2,0,0,0,9,9,0,1,0,0,0,0,0,0,0,0,0,0,0,0,0,0,False,0,2,,
c3_mas__clustered-n8-t100-o20-s10005__cap64000__Qwen-Qwen3-32B-AWQ,c3_mas,clustered-n8-t100-o20-s10005,64000,hard,Qwen/Qwen3-32B-AWQ,10005,29d836cb56141f3a29ac3fa9670e662c123586e967f2d5ae1280925c2228edbd,e6a365481dd4a485867c62377ac5bc6dc58b277113ccd207605a0258d5cba306,916434ac8d27a4c889ee754c779d1dfeaf47e29a,32768,,True,56944,56944,False,8,clustered,1.0,0.2,9,4,4,0,1.0,True,True,4,True,56944,7056,0.8898,False,1396.9449290996417,24,23,agent_finish,False,0,0,0,0,11,11,1,1,3,0,0,1,1,1,0,0,1,1,1,3,3,3,True,0,0,,
c3_mas__clustered-n8-t100-o20-s10005__cap8000__Qwen-Qwen3-32B-AWQ,c3_mas,clustered-n8-t100-o20-s10005,8000,hard,Qwen/Qwen3-32B-AWQ,10005,29d836cb56141f3a29ac3fa9670e662c123586e967f2d5ae1280925c2228edbd,e6a365481dd4a485867c62377ac5bc6dc58b277113ccd207605a0258d5cba306,916434ac8d27a4c889ee754c779d1dfeaf47e29a,32768,,True,5701,5701,False,8,clustered,1.0,0.2,9,4,0,4,0.0,True,False,0,False,5701,2299,0.7126,False,134.98893879633397,6,5,agent_finish,False,0,0,0,0,3,2,0,1,0,0,0,0,0,0,0,0,0,0,0,0,0,0,False,0,0,,
c3_mas__clustered-n8-t100-o80-s10005__cap16000__Qwen-Qwen3-32B-AWQ,c3_mas,clustered-n8-t100-o80-s10005,16000,hard,Qwen/Qwen3-32B-AWQ,10005,29d836cb56141f3a29ac3fa9670e662c123586e967f2d5ae1280925c2228edbd,e6a365481dd4a485867c62377ac5bc6dc58b277113ccd207605a0258d5cba306,916434ac8d27a4c889ee754c779d1dfeaf47e29a,32768,,True,11694,11694,False,8,clustered,1.0,0.8,23,2,0,2,0.0,True,False,0,False,11694,4306,0.7309,False,267.6953402347863,10,9,agent_finish,False,1,0,0,0,5,4,0,1,0,0,0,0,0,0,0,0,0,0,0,0,0,0,False,0,1,,
c3_mas__clustered-n8-t100-o80-s10005__cap32000__Qwen-Qwen3-32B-AWQ,c3_mas,clustered-n8-t100-o80-s10005,32000,hard,Qwen/Qwen3-32B-AWQ,10005,29d836cb56141f3a29ac3fa9670e662c123586e967f2d5ae1280925c2228edbd,e6a365481dd4a485867c62377ac5bc6dc58b277113ccd207605a0258d5cba306,916434ac8d27a4c889ee754c779d1dfeaf47e29a,32768,,True,23908,23908,False,8,clustered,1.0,0.8,23,2,0,2,0.0,True,False,0,False,23908,8092,0.7471,False,494.09974985569715,19,18,aborted,False,2,0,0,0,9,9,0,1,0,0,0,0,0,0,0,0,0,0,0,0,0,0,False,0,2,,
c3_mas__clustered-n8-t100-o80-s10005__cap64000__Qwen-Qwen3-32B-AWQ,c3_mas,clustered-n8-t100-o80-s10005,64000,hard,Qwen/Qwen3-32B-AWQ,10005,29d836cb56141f3a29ac3fa9670e662c123586e967f2d5ae1280925c2228edbd,e6a365481dd4a485867c62377ac5bc6dc58b277113ccd207605a0258d5cba306,916434ac8d27a4c889ee754c779d1dfeaf47e29a,32768,,True,49427,49427,False,8,clustered,1.0,0.8,23,2,2,0,1.0,True,True,2,True,49427,14573,0.7723,False,1194.1095241922885,22,21,aborted,False,2,0,0,0,10,10,1,1,2,0,0,0,1,1,0,0,0,1,1,2,2,1,True,0,2,,
c3_mas__clustered-n8-t100-o80-s10005__cap8000__Qwen-Qwen3-32B-AWQ,c3_mas,clustered-n8-t100-o80-s10005,8000,hard,Qwen/Qwen3-32B-AWQ,10005,29d836cb56141f3a29ac3fa9670e662c123586e967f2d5ae1280925c2228edbd,e6a365481dd4a485867c62377ac5bc6dc58b277113ccd207605a0258d5cba306,916434ac8d27a4c889ee754c779d1dfeaf47e29a,32768,,True,5808,5808,False,8,clustered,1.0,0.8,23,2,0,2,0.0,True,False,0,False,5808,2192,0.726,False,140.33279642555863,6,5,agent_finish,False,1,0,0,0,3,2,0,1,0,0,0,0,0,0,0,0,0,0,0,0,0,0,False,0,1,,
c3_mas__clustered-n8-t20-o20-s10005__cap16000__Qwen-Qwen3-32B-AWQ,c3_mas,clustered-n8-t20-o20-s10005,16000,easy,Qwen/Qwen3-32B-AWQ,10005,29d836cb56141f3a29ac3fa9670e662c123586e967f2d5ae1280925c2228edbd,e6a365481dd4a485867c62377ac5bc6dc58b277113ccd207605a0258d5cba306,916434ac8d27a4c889ee754c779d1dfeaf47e29a,32768,,True,11839,11839,False,8,clustered,0.2,0.2,0,8,0,8,0.0,True,False,0,False,11839,4161,0.7399,False,251.41512110549957,12,11,agent_finish,False,1,0,0,0,6,5,0,1,0,0,0,0,0,0,0,0,0,0,0,0,0,0,False,0,1,,
c3_mas__clustered-n8-t20-o20-s10005__cap32000__Qwen-Qwen3-32B-AWQ,c3_mas,clustered-n8-t20-o20-s10005,32000,easy,Qwen/Qwen3-32B-AWQ,10005,29d836cb56141f3a29ac3fa9670e662c123586e967f2d5ae1280925c2228edbd,e6a365481dd4a485867c62377ac5bc6dc58b277113ccd207605a0258d5cba306,916434ac8d27a4c889ee754c779d1dfeaf47e29a,32768,,True,26085,26085,False,8,clustered,0.2,0.2,0,8,4,4,0.5,True,False,4,True,26085,5915,0.8152,False,565.0521136065945,19,18,aborted,True,2,0,0,0,9,8,1,1,2,0,0,0,1,1,0,0,0,1,1,2,2,1,True,0,2,,
c3_mas__clustered-n8-t20-o20-s10005__cap64000__Qwen-Qwen3-32B-AWQ,c3_mas,clustered-n8-t20-o20-s10005,64000,easy,Qwen/Qwen3-32B-AWQ,10005,29d836cb56141f3a29ac3fa9670e662c123586e967f2d5ae1280925c2228edbd,e6a365481dd4a485867c62377ac5bc6dc58b277113ccd207605a0258d5cba306,916434ac8d27a4c889ee754c779d1dfeaf47e29a,32768,,True,45462,45462,False,8,clustered,0.2,0.2,0,8,4,4,0.5,True,False,4,True,45462,18538,0.7103,False,1005.0626311004162,26,25,agent_finish,True,1,0,0,0,13,11,1,1,2,0,0,0,1,1,0,0,0,1,1,2,2,1,True,0,1,,
c3_mas__clustered-n8-t20-o20-s10005__cap8000__Qwen-Qwen3-32B-AWQ,c3_mas,clustered-n8-t20-o20-s10005,8000,easy,Qwen/Qwen3-32B-AWQ,10005,29d836cb56141f3a29ac3fa9670e662c123586e967f2d5ae1280925c2228edbd,e6a365481dd4a485867c62377ac5bc6dc58b277113ccd207605a0258d5cba306,916434ac8d27a4c889ee754c779d1dfeaf47e29a,32768,,True,5567,5567,False,8,clustered,0.2,0.2,0,8,0,8,0.0,True,False,0,False,5567,2433,0.6959,False,130.32474194001406,6,5,agent_finish,False,0,0,0,0,3,2,0,1,0,0,0,0,0,0,0,0,0,0,0,0,0,0,False,0,0,,
c3_mas__clustered-n8-t85-o20-s10005__cap16000__Qwen-Qwen3-32B-AWQ,c3_mas,clustered-n8-t85-o20-s10005,16000,medium,Qwen/Qwen3-32B-AWQ,10005,29d836cb56141f3a29ac3fa9670e662c123586e967f2d5ae1280925c2228edbd,e6a365481dd4a485867c62377ac5bc6dc58b277113ccd207605a0258d5cba306,916434ac8d27a4c889ee754c779d1dfeaf47e29a,32768,,True,11568,11568,False,8,clustered,0.85,0.2,5,5,0,5,0.0,True,False,0,False,11568,4432,0.723,False,237.29430660791695,12,11,agent_finish,False,1,0,0,0,6,5,0,1,0,0,0,0,0,0,0,0,0,0,0,0,0,0,False,0,1,,
c3_mas__clustered-n8-t85-o20-s10005__cap32000__Qwen-Qwen3-32B-AWQ,c3_mas,clustered-n8-t85-o20-s10005,32000,medium,Qwen/Qwen3-32B-AWQ,10005,29d836cb56141f3a29ac3fa9670e662c123586e967f2d5ae1280925c2228edbd,e6a365481dd4a485867c62377ac5bc6dc58b277113ccd207605a0258d5cba306,916434ac8d27a4c889ee754c779d1dfeaf47e29a,32768,,True,23908,23908,False,8,clustered,0.85,0.2,5,5,0,5,0.0,True,False,0,False,23908,8092,0.7471,False,481.69979163073003,19,18,aborted,False,2,0,0,0,10,8,0,1,0,0,0,0,0,0,0,0,0,0,0,0,0,0,False,0,2,,
c3_mas__clustered-n8-t85-o20-s10005__cap64000__Qwen-Qwen3-32B-AWQ,c3_mas,clustered-n8-t85-o20-s10005,64000,medium,Qwen/Qwen3-32B-AWQ,10005,29d836cb56141f3a29ac3fa9670e662c123586e967f2d5ae1280925c2228edbd,e6a365481dd4a485867c62377ac5bc6dc58b277113ccd207605a0258d5cba306,916434ac8d27a4c889ee754c779d1dfeaf47e29a,32768,,True,38629,38629,False,8,clustered,0.85,0.2,5,5,4,1,0.8,True,False,4,True,38629,25371,0.6036,False,843.4005698692054,24,23,agent_finish,False,0,0,0,0,12,10,1,1,3,0,0,1,1,1,0,0,1,0,1,3,2,1,True,0,0,travel_infeasible,
c3_mas__clustered-n8-t85-o20-s10005__cap8000__Qwen-Qwen3-32B-AWQ,c3_mas,clustered-n8-t85-o20-s10005,8000,medium,Qwen/Qwen3-32B-AWQ,10005,29d836cb56141f3a29ac3fa9670e662c123586e967f2d5ae1280925c2228edbd,e6a365481dd4a485867c62377ac5bc6dc58b277113ccd207605a0258d5cba306,916434ac8d27a4c889ee754c779d1dfeaf47e29a,32768,,True,5678,5678,False,8,clustered,0.85,0.2,5,5,0,5,0.0,True,False,0,False,5678,2322,0.7097,False,139.550616864115,6,5,agent_finish,False,0,0,0,0,3,2,0,1,0,0,0,0,0,0,0,0,0,0,0,0,0,0,False,0,0,,
c3_mas__uniform-n4-t100-o20-s10005__cap16000__Qwen-Qwen3-32B-AWQ,c3_mas,uniform-n4-t100-o20-s10005,16000,medium,Qwen/Qwen3-32B-AWQ,10005,29d836cb56141f3a29ac3fa9670e662c123586e967f2d5ae1280925c2228edbd,e6a365481dd4a485867c62377ac5bc6dc58b277113ccd207605a0258d5cba306,916434ac8d27a4c889ee754c779d1dfeaf47e29a,32768,,True,11524,11524,False,4,uniform,1.0,0.2,2,3,0,3,0.0,True,False,0,False,11524,4476,0.7202,False,249.9292871300131,11,10,agent_finish,False,1,0,0,0,5,5,0,1,0,0,0,0,0,0,0,0,0,0,0,0,0,0,False,0,1,,
c3_mas__uniform-n4-t100-o20-s10005__cap32000__Qwen-Qwen3-32B-AWQ,c3_mas,uniform-n4-t100-o20-s10005,32000,medium,Qwen/Qwen3-32B-AWQ,10005,29d836cb56141f3a29ac3fa9670e662c123586e967f2d5ae1280925c2228edbd,e6a365481dd4a485867c62377ac5bc6dc58b277113ccd207605a0258d5cba306,916434ac8d27a4c889ee754c779d1dfeaf47e29a,32768,,True,27158,27158,False,4,uniform,1.0,0.2,2,3,3,0,1.0,True,True,3,True,27158,4842,0.8487,False,612.7966548819095,18,17,agent_finish,False,0,0,0,0,8,8,1,1,3,0,0,1,1,1,0,0,1,1,1,3,3,3,True,0,0,,
c3_mas__uniform-n4-t100-o20-s10005__cap64000__Qwen-Qwen3-32B-AWQ,c3_mas,uniform-n4-t100-o20-s10005,64000,medium,Qwen/Qwen3-32B-AWQ,10005,29d836cb56141f3a29ac3fa9670e662c123586e967f2d5ae1280925c2228edbd,e6a365481dd4a485867c62377ac5bc6dc58b277113ccd207605a0258d5cba306,916434ac8d27a4c889ee754c779d1dfeaf47e29a,32768,,True,23022,23022,False,4,uniform,1.0,0.2,2,3,3,0,1.0,True,True,3,True,23022,40978,0.3597,False,519.4950519055128,17,16,agent_finish,False,0,0,0,0,8,7,1,1,3,0,0,1,1,1,0,0,1,1,1,3,3,3,True,2,0,,
c3_mas__uniform-n4-t100-o20-s10005__cap8000__Qwen-Qwen3-32B-AWQ,c3_mas,uniform-n4-t100-o20-s10005,8000,medium,Qwen/Qwen3-32B-AWQ,10005,29d836cb56141f3a29ac3fa9670e662c123586e967f2d5ae1280925c2228edbd,e6a365481dd4a485867c62377ac5bc6dc58b277113ccd207605a0258d5cba306,916434ac8d27a4c889ee754c779d1dfeaf47e29a,32768,,True,5908,5908,False,4,uniform,1.0,0.2,2,3,0,3,0.0,True,False,0,False,5908,2092,0.7385,False,129.6290960414335,7,6,aborted,False,2,0,0,0,3,3,0,1,0,0,0,0,0,0,0,0,0,0,0,0,0,0,False,0,2,,
c3_mas__uniform-n4-t100-o80-s10005__cap16000__Qwen-Qwen3-32B-AWQ,c3_mas,uniform-n4-t100-o80-s10005,16000,medium,Qwen/Qwen3-32B-AWQ,10005,29d836cb56141f3a29ac3fa9670e662c123586e967f2d5ae1280925c2228edbd,e6a365481dd4a485867c62377ac5bc6dc58b277113ccd207605a0258d5cba306,916434ac8d27a4c889ee754c779d1dfeaf47e29a,32768,,True,11778,11778,False,4,uniform,1.0,0.8,6,1,0,1,0.0,True,False,0,False,11778,4222,0.7361,False,262.9306627092883,11,10,agent_finish,False,1,0,0,0,5,5,0,1,0,0,0,0,0,0,0,0,0,0,0,0,0,0,False,0,1,,
c3_mas__uniform-n4-t100-o80-s10005__cap32000__Qwen-Qwen3-32B-AWQ,c3_mas,uniform-n4-t100-o80-s10005,32000,medium,Qwen/Qwen3-32B-AWQ,10005,29d836cb56141f3a29ac3fa9670e662c123586e967f2d5ae1280925c2228edbd,e6a365481dd4a485867c62377ac5bc6dc58b277113ccd207605a0258d5cba306,916434ac8d27a4c889ee754c779d1dfeaf47e29a,32768,,True,24756,24756,False,4,uniform,1.0,0.8,6,1,1,0,1.0,True,True,1,True,24756,7244,0.7736,False,559.4735253360122,17,16,aborted,True,2,0,0,0,8,7,1,1,2,0,0,1,0,1,0,0,1,0,1,2,2,1,True,0,2,,
c3_mas__uniform-n4-t100-o80-s10005__cap64000__Qwen-Qwen3-32B-AWQ,c3_mas,uniform-n4-t100-o80-s10005,64000,medium,Qwen/Qwen3-32B-AWQ,10005,29d836cb56141f3a29ac3fa9670e662c123586e967f2d5ae1280925c2228edbd,e6a365481dd4a485867c62377ac5bc6dc58b277113ccd207605a0258d5cba306,916434ac8d27a4c889ee754c779d1dfeaf47e29a,32768,,True,29001,29001,False,4,uniform,1.0,0.8,6,1,1,0,1.0,True,True,1,True,29001,34999,0.4531,False,694.3330804351717,17,16,agent_finish,True,1,0,0,0,8,7,1,1,3,0,0,1,1,1,0,0,1,1,1,3,3,2,True,2,0,,
c3_mas__uniform-n4-t100-o80-s10005__cap8000__Qwen-Qwen3-32B-AWQ,c3_mas,uniform-n4-t100-o80-s10005,8000,medium,Qwen/Qwen3-32B-AWQ,10005,29d836cb56141f3a29ac3fa9670e662c123586e967f2d5ae1280925c2228edbd,e6a365481dd4a485867c62377ac5bc6dc58b277113ccd207605a0258d5cba306,916434ac8d27a4c889ee754c779d1dfeaf47e29a,32768,,True,5908,5908,False,4,uniform,1.0,0.8,6,1,0,1,0.0,True,False,0,False,5908,2092,0.7385,False,130.02173525560647,7,6,aborted,False,2,0,0,0,3,3,0,1,0,0,0,0,0,0,0,0,0,0,0,0,0,0,False,0,2,,
c3_mas__uniform-n4-t20-o20-s10005__cap16000__Qwen-Qwen3-32B-AWQ,c3_mas,uniform-n4-t20-o20-s10005,16000,easy,Qwen/Qwen3-32B-AWQ,10005,29d836cb56141f3a29ac3fa9670e662c123586e967f2d5ae1280925c2228edbd,e6a365481dd4a485867c62377ac5bc6dc58b277113ccd207605a0258d5cba306,916434ac8d27a4c889ee754c779d1dfeaf47e29a,32768,,True,11908,11908,False,4,uniform,0.2,0.2,0,4,0,4,0.0,True,False,0,False,11908,4092,0.7442,False,246.21882082428783,12,11,aborted,False,2,0,0,0,5,6,0,1,0,0,0,0,0,0,0,0,0,0,0,0,0,0,False,0,2,,
c3_mas__uniform-n4-t20-o20-s10005__cap32000__Qwen-Qwen3-32B-AWQ,c3_mas,uniform-n4-t20-o20-s10005,32000,easy,Qwen/Qwen3-32B-AWQ,10005,29d836cb56141f3a29ac3fa9670e662c123586e967f2d5ae1280925c2228edbd,e6a365481dd4a485867c62377ac5bc6dc58b277113ccd207605a0258d5cba306,916434ac8d27a4c889ee754c779d1dfeaf47e29a,32768,,True,21264,21264,False,4,uniform,0.2,0.2,0,4,4,0,1.0,True,True,4,True,21264,10736,0.6645,False,468.70121137984097,16,15,agent_finish,False,0,0,0,0,7,7,1,1,3,0,0,1,1,1,0,0,1,1,1,3,3,3,True,0,0,,
c3_mas__uniform-n4-t20-o20-s10005__cap64000__Qwen-Qwen3-32B-AWQ,c3_mas,uniform-n4-t20-o20-s10005,64000,easy,Qwen/Qwen3-32B-AWQ,10005,29d836cb56141f3a29ac3fa9670e662c123586e967f2d5ae1280925c2228edbd,e6a365481dd4a485867c62377ac5bc6dc58b277113ccd207605a0258d5cba306,916434ac8d27a4c889ee754c779d1dfeaf47e29a,32768,,True,17691,17691,False,4,uniform,0.2,0.2,0,4,2,2,0.5,True,False,2,True,17691,46309,0.2764,False,370.3536886544898,15,14,agent_finish,True,0,0,0,0,6,7,1,1,3,0,0,1,1,1,0,0,0,1,1,3,2,1,True,2,0,travel_infeasible,
c3_mas__uniform-n4-t20-o20-s10005__cap8000__Qwen-Qwen3-32B-AWQ,c3_mas,uniform-n4-t20-o20-s10005,8000,easy,Qwen/Qwen3-32B-AWQ,10005,29d836cb56141f3a29ac3fa9670e662c123586e967f2d5ae1280925c2228edbd,e6a365481dd4a485867c62377ac5bc6dc58b277113ccd207605a0258d5cba306,916434ac8d27a4c889ee754c779d1dfeaf47e29a,32768,,True,5688,5688,False,4,uniform,0.2,0.2,0,4,0,4,0.0,True,False,0,False,5688,2312,0.711,False,133.64321600738913,6,5,agent_finish,False,0,0,0,0,3,2,0,1,0,0,0,0,0,0,0,0,0,0,0,0,0,0,False,0,0,,
c3_mas__uniform-n4-t20-o80-s10005__cap16000__Qwen-Qwen3-32B-AWQ,c3_mas,uniform-n4-t20-o80-s10005,16000,easy,Qwen/Qwen3-32B-AWQ,10005,29d836cb56141f3a29ac3fa9670e662c123586e967f2d5ae1280925c2228edbd,e6a365481dd4a485867c62377ac5bc6dc58b277113ccd207605a0258d5cba306,916434ac8d27a4c889ee754c779d1dfeaf47e29a,32768,,True,11212,11212,False,4,uniform,0.2,0.8,0,4,0,4,0.0,True,False,0,False,11212,4788,0.7007,False,239.5034840386361,11,10,agent_finish,False,0,0,0,0,6,4,0,1,0,0,0,0,0,0,0,0,0,0,0,0,0,0,False,0,0,,
c3_mas__uniform-n4-t20-o80-s10005__cap32000__Qwen-Qwen3-32B-AWQ,c3_mas,uniform-n4-t20-o80-s10005,32000,easy,Qwen/Qwen3-32B-AWQ,10005,29d836cb56141f3a29ac3fa9670e662c123586e967f2d5ae1280925c2228edbd,e6a365481dd4a485867c62377ac5bc6dc58b277113ccd207605a0258d5cba306,916434ac8d27a4c889ee754c779d1dfeaf47e29a,32768,,True,25247,25247,False,4,uniform,0.2,0.8,0,4,4,0,1.0,True,True,4,True,25247,6753,0.789,False,551.8685595290735,18,17,agent_finish,False,0,0,0,0,8,8,1,1,3,0,0,1,1,1,0,0,1,1,1,3,3,3,True,0,0,,
c3_mas__uniform-n4-t20-o80-s10005__cap64000__Qwen-Qwen3-32B-AWQ,c3_mas,uniform-n4-t20-o80-s10005,64000,easy,Qwen/Qwen3-32B-AWQ,10005,29d836cb56141f3a29ac3fa9670e662c123586e967f2d5ae1280925c2228edbd,e6a365481dd4a485867c62377ac5bc6dc58b277113ccd207605a0258d5cba306,916434ac8d27a4c889ee754c779d1dfeaf47e29a,32768,,True,26372,26372,False,4,uniform,0.2,0.8,0,4,4,0,1.0,True,True,4,True,26372,37628,0.4121,False,589.1933140140027,18,17,agent_finish,False,0,0,0,0,8,8,1,1,3,0,0,1,1,1,0,0,1,1,1,3,3,3,True,2,0,,
c3_mas__uniform-n4-t20-o80-s10005__cap8000__Qwen-Qwen3-32B-AWQ,c3_mas,uniform-n4-t20-o80-s10005,8000,easy,Qwen/Qwen3-32B-AWQ,10005,29d836cb56141f3a29ac3fa9670e662c123586e967f2d5ae1280925c2228edbd,e6a365481dd4a485867c62377ac5bc6dc58b277113ccd207605a0258d5cba306,916434ac8d27a4c889ee754c779d1dfeaf47e29a,32768,,True,5765,5765,False,4,uniform,0.2,0.8,0,4,0,4,0.0,True,False,0,False,5765,2235,0.7206,False,124.74966381676495,7,6,agent_finish,False,1,0,0,0,3,3,0,1,0,0,0,0,0,0,0,0,0,0,0,0,0,0,False,0,1,,
c3_mas__uniform-n6-t100-o20-s10005__cap16000__Qwen-Qwen3-32B-AWQ,c3_mas,uniform-n6-t100-o20-s10005,16000,medium,Qwen/Qwen3-32B-AWQ,10005,29d836cb56141f3a29ac3fa9670e662c123586e967f2d5ae1280925c2228edbd,e6a365481dd4a485867c62377ac5bc6dc58b277113ccd207605a0258d5cba306,916434ac8d27a4c889ee754c779d1dfeaf47e29a,32768,,True,11908,11908,False,6,uniform,1.0,0.2,5,3,0,3,0.0,True,False,0,False,11908,4092,0.7442,False,228.30856029782444,13,12,aborted,False,2,0,0,0,6,6,0,1,0,0,0,0,0,0,0,0,0,0,0,0,0,0,False,0,2,,
c3_mas__uniform-n6-t100-o20-s10005__cap32000__Qwen-Qwen3-32B-AWQ,c3_mas,uniform-n6-t100-o20-s10005,32000,medium,Qwen/Qwen3-32B-AWQ,10005,29d836cb56141f3a29ac3fa9670e662c123586e967f2d5ae1280925c2228edbd,e6a365481dd4a485867c62377ac5bc6dc58b277113ccd207605a0258d5cba306,916434ac8d27a4c889ee754c779d1dfeaf47e29a,32768,,True,25549,25549,False,6,uniform,1.0,0.2,5,3,3,0,1.0,True,True,3,True,25549,6451,0.7984,False,536.483098176308,19,18,aborted,False,2,0,0,0,8,9,1,1,2,0,0,0,1,1,0,0,0,1,1,2,2,1,True,0,2,,
c3_mas__uniform-n6-t100-o20-s10005__cap64000__Qwen-Qwen3-32B-AWQ,c3_mas,uniform-n6-t100-o20-s10005,64000,medium,Qwen/Qwen3-32B-AWQ,10005,29d836cb56141f3a29ac3fa9670e662c123586e967f2d5ae1280925c2228edbd,e6a365481dd4a485867c62377ac5bc6dc58b277113ccd207605a0258d5cba306,916434ac8d27a4c889ee754c779d1dfeaf47e29a,32768,,True,36074,36074,False,6,uniform,1.0,0.2,5,3,3,0,1.0,True,True,3,True,36074,27926,0.5637,False,889.24296138715,19,18,agent_finish,False,0,0,0,0,9,8,1,1,3,0,0,1,1,1,0,0,1,1,1,3,3,2,True,1,0,,
c3_mas__uniform-n6-t100-o20-s10005__cap8000__Qwen-Qwen3-32B-AWQ,c3_mas,uniform-n6-t100-o20-s10005,8000,medium,Qwen/Qwen3-32B-AWQ,10005,29d836cb56141f3a29ac3fa9670e662c123586e967f2d5ae1280925c2228edbd,e6a365481dd4a485867c62377ac5bc6dc58b277113ccd207605a0258d5cba306,916434ac8d27a4c889ee754c779d1dfeaf47e29a,32768,,True,5626,5626,False,6,uniform,1.0,0.2,5,3,0,3,0.0,True,False,0,False,5626,2374,0.7033,False,120.25941072404385,7,6,agent_finish,False,0,0,0,0,3,3,0,1,0,0,0,0,0,0,0,0,0,0,0,0,0,0,False,0,0,,
c3_mas__uniform-n6-t100-o20-s10006__cap16000__Qwen-Qwen3-32B-AWQ,c3_mas,uniform-n6-t100-o20-s10006,16000,hard,Qwen/Qwen3-32B-AWQ,10006,29d836cb56141f3a29ac3fa9670e662c123586e967f2d5ae1280925c2228edbd,e6a365481dd4a485867c62377ac5bc6dc58b277113ccd207605a0258d5cba306,916434ac8d27a4c889ee754c779d1dfeaf47e29a,32768,,True,11908,11908,False,6,uniform,1.0,0.2,7,3,0,3,0.0,True,False,0,False,11908,4092,0.7442,False,262.278201142326,11,10,aborted,False,2,0,0,0,5,5,0,1,0,0,0,0,0,0,0,0,0,0,0,0,0,0,False,0,2,,
c3_mas__uniform-n6-t100-o20-s10006__cap32000__Qwen-Qwen3-32B-AWQ,c3_mas,uniform-n6-t100-o20-s10006,32000,hard,Qwen/Qwen3-32B-AWQ,10006,29d836cb56141f3a29ac3fa9670e662c123586e967f2d5ae1280925c2228edbd,e6a365481dd4a485867c62377ac5bc6dc58b277113ccd207605a0258d5cba306,916434ac8d27a4c889ee754c779d1dfeaf47e29a,32768,,True,20616,20616,False,6,uniform,1.0,0.2,7,3,2,1,0.6666666666666666,True,False,2,True,20616,11384,0.6442,False,436.1321035111323,16,15,agent_finish,True,1,0,0,0,6,8,1,1,2,0,0,1,0,1,0,0,1,0,1,2,2,1,True,0,1,,
c3_mas__uniform-n6-t100-o20-s10006__cap64000__Qwen-Qwen3-32B-AWQ,c3_mas,uniform-n6-t100-o20-s10006,64000,hard,Qwen/Qwen3-32B-AWQ,10006,29d836cb56141f3a29ac3fa9670e662c123586e967f2d5ae1280925c2228edbd,e6a365481dd4a485867c62377ac5bc6dc58b277113ccd207605a0258d5cba306,916434ac8d27a4c889ee754c779d1dfeaf47e29a,32768,,True,32574,32574,False,6,uniform,1.0,0.2,7,3,2,1,0.6666666666666666,True,False,2,True,32574,31426,0.509,False,738.7402141625062,19,18,agent_finish,True,1,0,0,0,6,11,1,1,3,0,0,1,1,1,0,0,1,0,1,3,2,1,True,0,1,travel_infeasible;window_violation,
c3_mas__uniform-n6-t100-o20-s10006__cap8000__Qwen-Qwen3-32B-AWQ,c3_mas,uniform-n6-t100-o20-s10006,8000,hard,Qwen/Qwen3-32B-AWQ,10006,29d836cb56141f3a29ac3fa9670e662c123586e967f2d5ae1280925c2228edbd,e6a365481dd4a485867c62377ac5bc6dc58b277113ccd207605a0258d5cba306,916434ac8d27a4c889ee754c779d1dfeaf47e29a,32768,,True,5611,5611,False,6,uniform,1.0,0.2,7,3,0,3,0.0,True,False,0,False,5611,2389,0.7014,False,120.74896199908108,7,6,agent_finish,False,1,0,0,0,3,3,0,1,0,0,0,0,0,0,0,0,0,0,0,0,0,0,False,0,1,,
c3_mas__uniform-n6-t100-o80-s10005__cap16000__Qwen-Qwen3-32B-AWQ,c3_mas,uniform-n6-t100-o80-s10005,16000,hard,Qwen/Qwen3-32B-AWQ,10005,29d836cb56141f3a29ac3fa9670e662c123586e967f2d5ae1280925c2228edbd,e6a365481dd4a485867c62377ac5bc6dc58b277113ccd207605a0258d5cba306,916434ac8d27a4c889ee754c779d1dfeaf47e29a,32768,,True,11908,11908,False,6,uniform,1.0,0.8,15,1,0,1,0.0,True,False,0,False,11908,4092,0.7442,False,238.68234750069678,13,12,aborted,False,2,0,0,0,6,6,0,1,0,0,0,0,0,0,0,0,0,0,0,0,0,0,False,0,2,,
c3_mas__uniform-n6-t100-o80-s10005__cap32000__Qwen-Qwen3-32B-AWQ,c3_mas,uniform-n6-t100-o80-s10005,32000,hard,Qwen/Qwen3-32B-AWQ,10005,29d836cb56141f3a29ac3fa9670e662c123586e967f2d5ae1280925c2228edbd,e6a365481dd4a485867c62377ac5bc6dc58b277113ccd207605a0258d5cba306,916434ac8d27a4c889ee754c779d1dfeaf47e29a,32768,,True,23908,23908,False,6,uniform,1.0,0.8,15,1,0,1,0.0,True,False,0,False,23908,8092,0.7471,False,558.1224083667621,16,15,aborted,False,2,0,0,0,8,7,0,1,0,0,0,0,0,0,0,0,0,0,0,0,0,0,False,0,2,,
c3_mas__uniform-n6-t100-o80-s10005__cap64000__Qwen-Qwen3-32B-AWQ,c3_mas,uniform-n6-t100-o80-s10005,64000,hard,Qwen/Qwen3-32B-AWQ,10005,29d836cb56141f3a29ac3fa9670e662c123586e967f2d5ae1280925c2228edbd,e6a365481dd4a485867c62377ac5bc6dc58b277113ccd207605a0258d5cba306,916434ac8d27a4c889ee754c779d1dfeaf47e29a,32768,,True,47908,47908,False,6,uniform,1.0,0.8,15,1,0,1,0.0,True,False,0,False,47908,16092,0.7486,False,1134.237037025392,21,20,aborted,False,2,0,0,0,10,10,0,1,0,0,0,0,0,0,0,0,0,0,0,0,0,0,False,0,2,,
c3_mas__uniform-n6-t100-o80-s10005__cap8000__Qwen-Qwen3-32B-AWQ,c3_mas,uniform-n6-t100-o80-s10005,8000,hard,Qwen/Qwen3-32B-AWQ,10005,29d836cb56141f3a29ac3fa9670e662c123586e967f2d5ae1280925c2228edbd,e6a365481dd4a485867c62377ac5bc6dc58b277113ccd207605a0258d5cba306,916434ac8d27a4c889ee754c779d1dfeaf47e29a,32768,,True,5781,5781,False,6,uniform,1.0,0.8,15,1,0,1,0.0,True,False,0,False,5781,2219,0.7226,False,126.53936178609729,7,6,agent_finish,False,1,0,0,0,3,3,0,1,0,0,0,0,0,0,0,0,0,0,0,0,0,0,False,0,1,,
c3_mas__uniform-n6-t100-o80-s10006__cap16000__Qwen-Qwen3-32B-AWQ,c3_mas,uniform-n6-t100-o80-s10006,16000,hard,Qwen/Qwen3-32B-AWQ,10006,29d836cb56141f3a29ac3fa9670e662c123586e967f2d5ae1280925c2228edbd,e6a365481dd4a485867c62377ac5bc6dc58b277113ccd207605a0258d5cba306,916434ac8d27a4c889ee754c779d1dfeaf47e29a,32768,,True,11549,11549,False,6,uniform,1.0,0.8,14,2,0,2,0.0,True,False,0,False,11549,4451,0.7218,False,235.58664468303323,12,11,agent_finish,False,1,0,0,0,6,5,0,1,0,0,0,0,0,0,0,0,0,0,0,0,0,0,False,0,1,,
c3_mas__uniform-n6-t100-o80-s10006__cap32000__Qwen-Qwen3-32B-AWQ,c3_mas,uniform-n6-t100-o80-s10006,32000,hard,Qwen/Qwen3-32B-AWQ,10006,29d836cb56141f3a29ac3fa9670e662c123586e967f2d5ae1280925c2228edbd,e6a365481dd4a485867c62377ac5bc6dc58b277113ccd207605a0258d5cba306,916434ac8d27a4c889ee754c779d1dfeaf47e29a,32768,,True,24243,24243,False,6,uniform,1.0,0.8,14,2,1,1,0.5,True,False,1,True,24243,7757,0.7576,False,538.6236770134419,18,17,agent_finish,False,1,0,0,0,7,9,1,1,2,0,0,1,0,1,0,0,1,0,1,2,2,1,True,0,1,,
c3_mas__uniform-n6-t100-o80-s10006__cap64000__Qwen-Qwen3-32B-AWQ,c3_mas,uniform-n6-t100-o80-s10006,64000,hard,Qwen/Qwen3-32B-AWQ,10006,29d836cb56141f3a29ac3fa9670e662c123586e967f2d5ae1280925c2228edbd,e6a365481dd4a485867c62377ac5bc6dc58b277113ccd207605a0258d5cba306,916434ac8d27a4c889ee754c779d1dfeaf47e29a,32768,,True,37428,37428,False,6,uniform,1.0,0.8,14,2,1,1,0.5,True,False,1,True,37428,26572,0.5848,False,846.7426637662575,21,20,agent_finish,False,0,0,0,0,9,10,1,1,4,0,0,2,1,1,0,0,1,0,1,4,2,1,True,0,0,window_violation;travel_infeasible,
c3_mas__uniform-n6-t100-o80-s10006__cap8000__Qwen-Qwen3-32B-AWQ,c3_mas,uniform-n6-t100-o80-s10006,8000,hard,Qwen/Qwen3-32B-AWQ,10006,29d836cb56141f3a29ac3fa9670e662c123586e967f2d5ae1280925c2228edbd,e6a365481dd4a485867c62377ac5bc6dc58b277113ccd207605a0258d5cba306,916434ac8d27a4c889ee754c779d1dfeaf47e29a,32768,,True,5810,5810,False,6,uniform,1.0,0.8,14,2,0,2,0.0,True,False,0,False,5810,2190,0.7262,False,125.60897333174944,7,6,agent_finish,False,1,0,0,0,3,3,0,1,0,0,0,0,0,0,0,0,0,0,0,0,0,0,False,0,1,,
c3_mas__uniform-n6-t20-o20-s10005__cap16000__Qwen-Qwen3-32B-AWQ,c3_mas,uniform-n6-t20-o20-s10005,16000,easy,Qwen/Qwen3-32B-AWQ,10005,29d836cb56141f3a29ac3fa9670e662c123586e967f2d5ae1280925c2228edbd,e6a365481dd4a485867c62377ac5bc6dc58b277113ccd207605a0258d5cba306,916434ac8d27a4c889ee754c779d1dfeaf47e29a,32768,,True,11825,11825,False,6,uniform,0.2,0.2,0,6,0,6,0.0,True,False,0,False,11825,4175,0.7391,False,251.78929617069662,12,11,agent_finish,False,1,0,0,0,6,5,0,1,0,0,0,0,0,0,0,0,0,0,0,0,0,0,False,0,1,,
c3_mas__uniform-n6-t20-o20-s10005__cap32000__Qwen-Qwen3-32B-AWQ,c3_mas,uniform-n6-t20-o20-s10005,32000,easy,Qwen/Qwen3-32B-AWQ,10005,29d836cb56141f3a29ac3fa9670e662c123586e967f2d5ae1280925c2228edbd,e6a365481dd4a485867c62377ac5bc6dc58b277113ccd207605a0258d5cba306,916434ac8d27a4c889ee754c779d1dfeaf47e29a,32768,,True,26315,26315,False,6,uniform,0.2,0.2,0,6,3,3,0.5,True,False,3,True,26315,5685,0.8223,False,549.2136108465493,20,19,aborted,False,2,0,0,0,9,9,1,1,3,0,0,1,1,1,0,0,1,0,1,3,2,1,True,0,2,travel_infeasible,
c3_mas__uniform-n6-t20-o20-s10005__cap64000__Qwen-Qwen3-32B-AWQ,c3_mas,uniform-n6-t20-o20-s10005,64000,easy,Qwen/Qwen3-32B-AWQ,10005,29d836cb56141f3a29ac3fa9670e662c123586e967f2d5ae1280925c2228edbd,e6a365481dd4a485867c62377ac5bc6dc58b277113ccd207605a0258d5cba306,916434ac8d27a4c889ee754c779d1dfeaf47e29a,32768,,True,38932,38932,False,6,uniform,0.2,0.2,0,6,6,0,1.0,True,True,6,True,38932,25068,0.6083,False,860.1524764280766,23,22,agent_finish,False,0,0,0,0,9,12,1,1,3,0,0,1,1,1,0,0,1,1,1,3,3,3,True,0,0,,
c3_mas__uniform-n6-t20-o20-s10005__cap8000__Qwen-Qwen3-32B-AWQ,c3_mas,uniform-n6-t20-o20-s10005,8000,easy,Qwen/Qwen3-32B-AWQ,10005,29d836cb56141f3a29ac3fa9670e662c123586e967f2d5ae1280925c2228edbd,e6a365481dd4a485867c62377ac5bc6dc58b277113ccd207605a0258d5cba306,916434ac8d27a4c889ee754c779d1dfeaf47e29a,32768,,True,5838,5838,False,6,uniform,0.2,0.2,0,6,0,6,0.0,True,False,0,False,5838,2162,0.7298,False,127.65333893056959,7,6,agent_finish,False,1,0,0,0,3,3,0,1,0,0,0,0,0,0,0,0,0,0,0,0,0,0,False,0,1,,
c3_mas__uniform-n6-t20-o80-s10005__cap16000__Qwen-Qwen3-32B-AWQ,c3_mas,uniform-n6-t20-o80-s10005,16000,easy,Qwen/Qwen3-32B-AWQ,10005,29d836cb56141f3a29ac3fa9670e662c123586e967f2d5ae1280925c2228edbd,e6a365481dd4a485867c62377ac5bc6dc58b277113ccd207605a0258d5cba306,916434ac8d27a4c889ee754c779d1dfeaf47e29a,32768,,True,11529,11529,False,6,uniform,0.2,0.8,0,6,0,6,0.0,True,False,0,False,11529,4471,0.7206,False,221.03667252883315,13,12,agent_finish,False,0,0,0,0,6,6,0,1,0,0,0,0,0,0,0,0,0,0,0,0,0,0,False,0,0,,
c3_mas__uniform-n6-t20-o80-s10005__cap32000__Qwen-Qwen3-32B-AWQ,c3_mas,uniform-n6-t20-o80-s10005,32000,easy,Qwen/Qwen3-32B-AWQ,10005,29d836cb56141f3a29ac3fa9670e662c123586e967f2d5ae1280925c2228edbd,e6a365481dd4a485867c62377ac5bc6dc58b277113ccd207605a0258d5cba306,916434ac8d27a4c889ee754c779d1dfeaf47e29a,32768,,True,23700,23700,False,6,uniform,0.2,0.8,0,6,0,6,0.0,True,False,0,False,23700,8300,0.7406,False,468.6155467182398,20,19,aborted,False,2,0,0,0,9,10,0,1,0,0,0,0,0,0,0,0,0,0,0,0,0,0,False,0,1,,
c3_mas__uniform-n6-t20-o80-s10005__cap64000__Qwen-Qwen3-32B-AWQ,c3_mas,uniform-n6-t20-o80-s10005,64000,easy,Qwen/Qwen3-32B-AWQ,10005,29d836cb56141f3a29ac3fa9670e662c123586e967f2d5ae1280925c2228edbd,e6a365481dd4a485867c62377ac5bc6dc58b277113ccd207605a0258d5cba306,916434ac8d27a4c889ee754c779d1dfeaf47e29a,32768,,True,39078,39078,False,6,uniform,0.2,0.8,0,6,6,0,1.0,True,True,6,True,39078,24922,0.6106,False,888.2808293309063,23,22,agent_finish,False,0,0,0,0,9,12,1,1,3,0,0,1,1,1,0,0,1,1,1,3,3,3,True,0,0,,
c3_mas__uniform-n6-t20-o80-s10005__cap8000__Qwen-Qwen3-32B-AWQ,c3_mas,uniform-n6-t20-o80-s10005,8000,easy,Qwen/Qwen3-32B-AWQ,10005,29d836cb56141f3a29ac3fa9670e662c123586e967f2d5ae1280925c2228edbd,e6a365481dd4a485867c62377ac5bc6dc58b277113ccd207605a0258d5cba306,916434ac8d27a4c889ee754c779d1dfeaf47e29a,32768,,True,5436,5436,False,6,uniform,0.2,0.8,0,6,0,6,0.0,True,False,0,False,5436,2564,0.6795,False,124.17647902294993,6,5,agent_finish,False,0,0,0,0,3,2,0,1,0,0,0,0,0,0,0,0,0,0,0,0,0,0,False,0,0,,
c3_mas__uniform-n6-t85-o20-s10005__cap16000__Qwen-Qwen3-32B-AWQ,c3_mas,uniform-n6-t85-o20-s10005,16000,medium,Qwen/Qwen3-32B-AWQ,10005,29d836cb56141f3a29ac3fa9670e662c123586e967f2d5ae1280925c2228edbd,e6a365481dd4a485867c62377ac5bc6dc58b277113ccd207605a0258d5cba306,916434ac8d27a4c889ee754c779d1dfeaf47e29a,32768,,True,11908,11908,False,6,uniform,0.85,0.2,2,4,0,4,0.0,True,False,0,False,11908,4092,0.7442,False,235.99096297845244,13,12,aborted,False,2,0,0,0,6,6,0,1,0,0,0,0,0,0,0,0,0,0,0,0,0,0,False,0,2,,
c3_mas__uniform-n6-t85-o20-s10005__cap32000__Qwen-Qwen3-32B-AWQ,c3_mas,uniform-n6-t85-o20-s10005,32000,medium,Qwen/Qwen3-32B-AWQ,10005,29d836cb56141f3a29ac3fa9670e662c123586e967f2d5ae1280925c2228edbd,e6a365481dd4a485867c62377ac5bc6dc58b277113ccd207605a0258d5cba306,916434ac8d27a4c889ee754c779d1dfeaf47e29a,32768,,True,21572,21572,False,6,uniform,0.85,0.2,2,4,3,1,0.75,True,False,3,True,21572,10428,0.6741,False,443.0433935429901,18,17,agent_finish,False,1,0,0,0,9,7,1,1,2,0,0,1,0,1,0,0,1,0,1,2,2,1,True,0,1,,
c3_mas__uniform-n6-t85-o20-s10005__cap64000__Qwen-Qwen3-32B-AWQ,c3_mas,uniform-n6-t85-o20-s10005,64000,medium,Qwen/Qwen3-32B-AWQ,10005,29d836cb56141f3a29ac3fa9670e662c123586e967f2d5ae1280925c2228edbd,e6a365481dd4a485867c62377ac5bc6dc58b277113ccd207605a0258d5cba306,916434ac8d27a4c889ee754c779d1dfeaf47e29a,32768,,True,23934,23934,False,6,uniform,0.85,0.2,2,4,3,1,0.75,True,False,3,True,23934,40066,0.374,False,488.40983424149454,19,18,agent_finish,False,0,0,0,0,10,7,1,1,3,0,0,2,0,1,0,0,1,0,1,3,2,1,True,2,0,travel_infeasible,
c3_mas__uniform-n6-t85-o20-s10005__cap8000__Qwen-Qwen3-32B-AWQ,c3_mas,uniform-n6-t85-o20-s10005,8000,medium,Qwen/Qwen3-32B-AWQ,10005,29d836cb56141f3a29ac3fa9670e662c123586e967f2d5ae1280925c2228edbd,e6a365481dd4a485867c62377ac5bc6dc58b277113ccd207605a0258d5cba306,916434ac8d27a4c889ee754c779d1dfeaf47e29a,32768,,True,5908,5908,False,6,uniform,0.85,0.2,2,4,0,4,0.0,True,False,0,False,5908,2092,0.7385,False,130.98349987249821,7,6,aborted,False,2,0,0,0,3,3,0,1,0,0,0,0,0,0,0,0,0,0,0,0,0,0,False,0,2,,
c3_mas__uniform-n8-t100-o20-s10005__cap16000__Qwen-Qwen3-32B-AWQ,c3_mas,uniform-n8-t100-o20-s10005,16000,hard,Qwen/Qwen3-32B-AWQ,10005,29d836cb56141f3a29ac3fa9670e662c123586e967f2d5ae1280925c2228edbd,e6a365481dd4a485867c62377ac5bc6dc58b277113ccd207605a0258d5cba306,916434ac8d27a4c889ee754c779d1dfeaf47e29a,32768,,True,11885,11885,False,8,uniform,1.0,0.2,10,4,0,4,0.0,True,False,0,False,11885,4115,0.7428,False,234.1505418336019,13,12,agent_finish,False,1,0,0,0,6,6,0,1,0,0,0,0,0,0,0,0,0,0,0,0,0,0,False,0,1,,
c3_mas__uniform-n8-t100-o20-s10005__cap32000__Qwen-Qwen3-32B-AWQ,c3_mas,uniform-n8-t100-o20-s10005,32000,hard,Qwen/Qwen3-32B-AWQ,10005,29d836cb56141f3a29ac3fa9670e662c123586e967f2d5ae1280925c2228edbd,e6a365481dd4a485867c62377ac5bc6dc58b277113ccd207605a0258d5cba306,916434ac8d27a4c889ee754c779d1dfeaf47e29a,32768,,True,23908,23908,False,8,uniform,1.0,0.2,10,4,0,4,0.0,True,False,0,False,23908,8092,0.7471,False,494.0507475687191,18,17,aborted,False,2,0,0,0,9,8,0,1,0,0,0,0,0,0,0,0,0,0,0,0,0,0,False,0,2,,
c3_mas__uniform-n8-t100-o20-s10005__cap64000__Qwen-Qwen3-32B-AWQ,c3_mas,uniform-n8-t100-o20-s10005,64000,hard,Qwen/Qwen3-32B-AWQ,10005,29d836cb56141f3a29ac3fa9670e662c123586e967f2d5ae1280925c2228edbd,e6a365481dd4a485867c62377ac5bc6dc58b277113ccd207605a0258d5cba306,916434ac8d27a4c889ee754c779d1dfeaf47e29a,32768,,True,46337,46337,False,8,uniform,1.0,0.2,10,4,2,2,0.5,True,False,2,True,46337,17663,0.724,False,1049.5490681761876,24,23,agent_finish,True,1,0,0,0,11,11,1,1,2,0,0,1,0,1,0,0,1,0,1,2,2,1,True,0,1,,
c3_mas__uniform-n8-t100-o20-s10005__cap8000__Qwen-Qwen3-32B-AWQ,c3_mas,uniform-n8-t100-o20-s10005,8000,hard,Qwen/Qwen3-32B-AWQ,10005,29d836cb56141f3a29ac3fa9670e662c123586e967f2d5ae1280925c2228edbd,e6a365481dd4a485867c62377ac5bc6dc58b277113ccd207605a0258d5cba306,916434ac8d27a4c889ee754c779d1dfeaf47e29a,32768,,True,5546,5546,False,8,uniform,1.0,0.2,10,4,0,4,0.0,True,False,0,False,5546,2454,0.6933,False,119.00301793590188,7,6,agent_finish,False,0,0,0,0,3,3,0,1,0,0,0,0,0,0,0,0,0,0,0,0,0,0,False,0,0,,
c3_mas__uniform-n8-t100-o80-s10005__cap16000__Qwen-Qwen3-32B-AWQ,c3_mas,uniform-n8-t100-o80-s10005,16000,hard,Qwen/Qwen3-32B-AWQ,10005,29d836cb56141f3a29ac3fa9670e662c123586e967f2d5ae1280925c2228edbd,e6a365481dd4a485867c62377ac5bc6dc58b277113ccd207605a0258d5cba306,916434ac8d27a4c889ee754c779d1dfeaf47e29a,32768,,True,11908,11908,False,8,uniform,1.0,0.8,26,2,0,2,0.0,True,False,0,False,11908,4092,0.7442,False,230.62903500627726,13,12,aborted,False,2,0,0,0,6,6,0,1,0,0,0,0,0,0,0,0,0,0,0,0,0,0,False,0,2,,
c3_mas__uniform-n8-t100-o80-s10005__cap32000__Qwen-Qwen3-32B-AWQ,c3_mas,uniform-n8-t100-o80-s10005,32000,hard,Qwen/Qwen3-32B-AWQ,10005,29d836cb56141f3a29ac3fa9670e662c123586e967f2d5ae1280925c2228edbd,e6a365481dd4a485867c62377ac5bc6dc58b277113ccd207605a0258d5cba306,916434ac8d27a4c889ee754c779d1dfeaf47e29a,32768,,True,23908,23908,False,8,uniform,1.0,0.8,26,2,0,2,0.0,True,False,0,False,23908,8092,0.7471,False,525.0930309230462,17,16,aborted,False,2,0,0,0,6,10,0,1,0,0,0,0,0,0,0,0,0,0,0,0,0,0,False,0,2,,
c3_mas__uniform-n8-t100-o80-s10005__cap64000__Qwen-Qwen3-32B-AWQ,c3_mas,uniform-n8-t100-o80-s10005,64000,hard,Qwen/Qwen3-32B-AWQ,10005,29d836cb56141f3a29ac3fa9670e662c123586e967f2d5ae1280925c2228edbd,e6a365481dd4a485867c62377ac5bc6dc58b277113ccd207605a0258d5cba306,916434ac8d27a4c889ee754c779d1dfeaf47e29a,32768,,True,44184,44184,False,8,uniform,1.0,0.8,26,2,1,1,0.5,True,False,1,True,44184,19816,0.6904,False,957.2319251783192,23,22,agent_finish,True,1,0,0,0,9,12,1,1,2,0,0,1,0,1,0,0,1,0,1,2,2,1,True,0,1,,
c3_mas__uniform-n8-t100-o80-s10005__cap8000__Qwen-Qwen3-32B-AWQ,c3_mas,uniform-n8-t100-o80-s10005,8000,hard,Qwen/Qwen3-32B-AWQ,10005,29d836cb56141f3a29ac3fa9670e662c123586e967f2d5ae1280925c2228edbd,e6a365481dd4a485867c62377ac5bc6dc58b277113ccd207605a0258d5cba306,916434ac8d27a4c889ee754c779d1dfeaf47e29a,32768,,True,5908,5908,False,8,uniform,1.0,0.8,26,2,0,2,0.0,True,False,0,False,5908,2092,0.7385,False,129.82885176688433,7,6,aborted,False,2,0,0,0,3,3,0,1,0,0,0,0,0,0,0,0,0,0,0,0,0,0,False,0,2,,
c3_mas__uniform-n8-t20-o20-s10005__cap16000__Qwen-Qwen3-32B-AWQ,c3_mas,uniform-n8-t20-o20-s10005,16000,easy,Qwen/Qwen3-32B-AWQ,10005,29d836cb56141f3a29ac3fa9670e662c123586e967f2d5ae1280925c2228edbd,e6a365481dd4a485867c62377ac5bc6dc58b277113ccd207605a0258d5cba306,916434ac8d27a4c889ee754c779d1dfeaf47e29a,32768,,True,11377,11377,False,8,uniform,0.2,0.2,0,7,0,7,0.0,True,False,0,False,11377,4623,0.7111,False,217.67474055103958,13,12,agent_finish,False,1,0,0,0,6,6,0,1,0,0,0,0,0,0,0,0,0,0,0,0,0,0,False,0,1,,
c3_mas__uniform-n8-t20-o20-s10005__cap32000__Qwen-Qwen3-32B-AWQ,c3_mas,uniform-n8-t20-o20-s10005,32000,easy,Qwen/Qwen3-32B-AWQ,10005,29d836cb56141f3a29ac3fa9670e662c123586e967f2d5ae1280925c2228edbd,e6a365481dd4a485867c62377ac5bc6dc58b277113ccd207605a0258d5cba306,916434ac8d27a4c889ee754c779d1dfeaf47e29a,32768,,True,23908,23908,False,8,uniform,0.2,0.2,0,7,0,7,0.0,True,False,0,False,23908,8092,0.7471,False,489.59786512330174,19,18,aborted,False,2,0,0,0,10,8,0,1,0,0,0,0,0,0,0,0,0,0,0,0,0,0,False,0,2,,
c3_mas__uniform-n8-t20-o20-s10005__cap64000__Qwen-Qwen3-32B-AWQ,c3_mas,uniform-n8-t20-o20-s10005,64000,easy,Qwen/Qwen3-32B-AWQ,10005,29d836cb56141f3a29ac3fa9670e662c123586e967f2d5ae1280925c2228edbd,e6a365481dd4a485867c62377ac5bc6dc58b277113ccd207605a0258d5cba306,916434ac8d27a4c889ee754c779d1dfeaf47e29a,32768,,True,42535,42535,False,8,uniform,0.2,0.2,0,7,3,4,0.42857142857142855,True,False,3,True,42535,21465,0.6646,False,914.9504239326343,25,24,agent_finish,False,1,0,0,0,10,13,1,1,3,0,0,1,1,1,0,0,1,0,1,3,2,1,True,0,1,travel_infeasible,
c3_mas__uniform-n8-t20-o20-s10005__cap8000__Qwen-Qwen3-32B-AWQ,c3_mas,uniform-n8-t20-o20-s10005,8000,easy,Qwen/Qwen3-32B-AWQ,10005,29d836cb56141f3a29ac3fa9670e662c123586e967f2d5ae1280925c2228edbd,e6a365481dd4a485867c62377ac5bc6dc58b277113ccd207605a0258d5cba306,916434ac8d27a4c889ee754c779d1dfeaf47e29a,32768,,True,5908,5908,False,8,uniform,0.2,0.2,0,7,0,7,0.0,True,False,0,False,5908,2092,0.7385,False,118.40114834345877,8,7,aborted,False,2,0,0,0,4,3,0,1,0,0,0,0,0,0,0,0,0,0,0,0,0,0,False,0,2,,
c3_mas__uniform-n8-t85-o20-s10005__cap16000__Qwen-Qwen3-32B-AWQ,c3_mas,uniform-n8-t85-o20-s10005,16000,medium,Qwen/Qwen3-32B-AWQ,10005,29d836cb56141f3a29ac3fa9670e662c123586e967f2d5ae1280925c2228edbd,e6a365481dd4a485867c62377ac5bc6dc58b277113ccd207605a0258d5cba306,916434ac8d27a4c889ee754c779d1dfeaf47e29a,32768,,True,11908,11908,False,8,uniform,0.85,0.2,5,4,0,4,0.0,True,False,0,False,11908,4092,0.7442,False,228.45782806817442,13,12,aborted,False,2,0,0,0,6,6,0,1,0,0,0,0,0,0,0,0,0,0,0,0,0,0,False,0,2,,
c3_mas__uniform-n8-t85-o20-s10005__cap32000__Qwen-Qwen3-32B-AWQ,c3_mas,uniform-n8-t85-o20-s10005,32000,medium,Qwen/Qwen3-32B-AWQ,10005,29d836cb56141f3a29ac3fa9670e662c123586e967f2d5ae1280925c2228edbd,e6a365481dd4a485867c62377ac5bc6dc58b277113ccd207605a0258d5cba306,916434ac8d27a4c889ee754c779d1dfeaf47e29a,32768,,True,25895,25895,False,8,uniform,0.85,0.2,5,4,3,1,0.75,True,False,3,True,25895,6105,0.8092,False,518.2803205335513,20,19,aborted,False,2,0,0,0,9,9,1,1,2,0,0,1,0,1,0,0,1,0,1,2,2,1,True,0,2,,
c3_mas__uniform-n8-t85-o20-s10005__cap64000__Qwen-Qwen3-32B-AWQ,c3_mas,uniform-n8-t85-o20-s10005,64000,medium,Qwen/Qwen3-32B-AWQ,10005,29d836cb56141f3a29ac3fa9670e662c123586e967f2d5ae1280925c2228edbd,e6a365481dd4a485867c62377ac5bc6dc58b277113ccd207605a0258d5cba306,916434ac8d27a4c889ee754c779d1dfeaf47e29a,32768,,True,27563,27563,False,8,uniform,0.85,0.2,5,4,3,1,0.75,True,False,3,True,27563,36437,0.4307,False,576.7641269806772,20,19,agent_finish,False,0,0,0,0,9,9,1,1,3,0,0,1,1,1,0,0,1,0,1,3,2,1,True,2,0,travel_infeasible;window_violation,
c3_mas__uniform-n8-t85-o20-s10005__cap8000__Qwen-Qwen3-32B-AWQ,c3_mas,uniform-n8-t85-o20-s10005,8000,medium,Qwen/Qwen3-32B-AWQ,10005,29d836cb56141f3a29ac3fa9670e662c123586e967f2d5ae1280925c2228edbd,e6a365481dd4a485867c62377ac5bc6dc58b277113ccd207605a0258d5cba306,916434ac8d27a4c889ee754c779d1dfeaf47e29a,32768,,True,5777,5777,False,8,uniform,0.85,0.2,5,4,0,4,0.0,True,False,0,False,5777,2223,0.7221,False,125.73789244145155,7,6,agent_finish,False,0,0,0,0,3,3,0,1,0,0,0,0,0,0,0,0,0,0,0,0,0,0,False,0,1,,
